en;score;reason;EU Party
Two thousand migrants arrived in just the three days from 26 to 28 December, that is to say on St Stephen’s Day and just after Christmas. Therefore, this Parliament, rather than accusing the lawful authorities who are doing as much as they can, should instead try to get the European Union to carry out its obligations.;0.6;Advocates that the European Parliament should press the EU to fulfil its obligations on migrant arrivals, explicitly calling for EU action rather than blaming national authorities – a clear stance on EU responsibility and burden‑sharing.;EPP-ED
These massive flows have been brought under control in recent years as these migrants have been sent to other centres on the Italian mainland. These transfers were interrupted following a decision taken by the Minister for the Interior and we are seeing a serious deterioration in the situation. The decision to end the transfers to Italy is creating a real problem of access to asylum procedures. As for Mayotte, since 2007, we have known that the nominal capacity of the Pamandzi centre has been exceeded. We have been making this request to the European Parliament for several years and we are therefore making a fresh appeal to the Council.;0.7;Criticises the decision to halt transfers of migrants to the Italian mainland and appeals to the European Parliament and Council to maintain those transfers, showing a firm position on asylum‑policy and burden‑sharing.;PES
In order to proceed to possible repatriation or to check whether they have political refugee status or need to be granted political asylum, these people have to be identified and this obviously takes time. Italy is paying a price in terms of very heavy responsibility which is disproportionate to the support, both financial and legislative, that is given by the European Union.;0.7;Highlights Italy’s disproportionate burden and the EU’s insufficient financial/legislative support, urging greater EU assistance – a direct statement on redistribution of responsibility within the Union.;UEN
We must treat these people as free citizens and with respect. As the previous speaker said, if people pour into a small town in southern Sweden, for example, we do not expect them to remain there. The same must be done in Italy.;0.3;Calls for treating migrants with respect and as free citizens, but does not specify a concrete policy or principle beyond a generic humanitarian appeal.;DEM
While waiting for Europe to implement its strategies, the Italian Government is pressing ahead with work on both the European Pact on Immigration and Asylum, adopted by the European Council in October 2008, and the Return Directive of December 2008. This is important work at both domestic and international level. All asylum seekers, by contrast, were transferred from the island to the centres in Trapani, Bari and Crotone. The concept that must be accepted here in Parliament, as Vice-President Barrot has also said, is that we must be absolutely firm towards illegal immigration but, at the same time, be welcoming and supportive towards those who become integrated and contribute to the social and economic development of our countries.;0.8;Combines a firm stance against illegal immigration with a welcoming approach toward integrated migrants, explicitly defining how immigration should be managed – a clear ideological positioning.;EPP-ED
Of course, we in the European Union must show solidarity. What is happening here – and we have visited many camps – is appalling and completely inhumane. We should not help them.;0.7;Calls for EU solidarity yet states “We should not help them,” expressing a strong opposition to providing aid to migrants, which reflects a distinct political principle about humanitarian assistance.;PES
Europe must certainly come to Lampedusa and help our country and those others who maintain the Maroni line on this problem. All asylum seekers and all minors have already been transferred to appropriate centres.;0.7;Demands that Europe intervene and help Italy on the migration problem, advocating collective EU action and support for national border‑control measures.;UEN
To place it in a clearer context for Minister Vondra, this is the equivalent of 7 000 immigrants arriving in the Czech Republic in one day. The 2 000 arriving in Lampedusa over Christmas is nothing compared to this!;0.3;"Uses a numerical comparison to downplay the Lampedusa situation; the statement hints at a viewpoint but lacks an explicit policy principle.";EPP-ED
This is a legitimate concern, but I suggest that the debate should primarily take place in Rome and not here in the European Parliament. Hardly any of the speeches have referred to the fact that this issue concerns not only refugees, asylum seekers and economic immigrants to Europe, but it is also, to a large degree, about finally putting an end to organised crime.;0.4;Suggests the debate be moved to Rome and links migration to organised crime, indicating a preference for national handling and a security‑focused framing, but without a clearly articulated policy.;EPP-ED
However, I would like to underline my concern, which is also related both to the crisis situation in which we are living today, as we all know, and to the fact that we are in election year, which may, to a great extent, contribute to some cooling of interest and loss of enthusiasm in this area.;0.1;Mentions electoral timing and potential loss of enthusiasm, which is an observation rather than a commitment to any political principle.;PES
I, like many of my voters, fail to understand how, when a country admits it is using disproportionate military action against a civilian population – it deliberately targets schools, it deliberately targets the buildings of peaceful and neutral international organisations – we still do not believe it has breached its human rights clauses.;0.7;Explicitly condemns disproportionate military action and stresses respect for human rights, advocating a principled stance on civilian protection.;PES
However, we should also take the time to explain on behalf of the European Union that people within the Gaza Strip have committed illegal violent acts which have a direct and fatal impact on the residents of Israel.;0.4;Frames Gaza residents as perpetrators of illegal violence, reflecting a political viewpoint on the conflict but without a clear policy recommendation.;EPP-ED
Given the threats posed by unlimited access to all these technologies and data, special attention needs to be paid to children and young people. The programme, which is to run from 1 January 2009 until 31 December 2013, has a budget of EUR 55 million.;0.5;Calls for special protection of children from unrestricted technology access, indicating a regulatory principle regarding youth safety.;ALDE
I would simply like to pose one question.;0.0;Only poses a neutral question, no political principle or ideological position expressed.;EPP-ED
If it is becoming more dangerous, what plans does the Commission have with particular regard to this change in the Internet?;0.1;Asks about plans regarding internet safety but does not advocate a specific stance or principle.;PES
How does the information which you have just given us fit together with what is obviously already in preparation on this site?;0.0;"Requests clarification on information; contains no ideological content.";EPP-ED
In order to address the issue of counterfeiting, I believe it is vitally important to have the maximum cooperation between the police, the European Central Bank, which you have already referred to, and the European Commission.;0.7;Advocates maximal cooperation between police, ECB, and Commission to combat counterfeiting, a clear policy position on law‑enforcement coordination.;UEN
Do we take the same attitude in the European Union?;0.1;A vague question about EU attitude without expressing a concrete ideological commitment.;EPP-ED
But 11% represented EUR 462 million.;0.0;Provides a numeric fact only, no political principle or stance.;EPP-ED
I have spent these last few days in the Republic of Bolivia and I have followed events on a daily basis.;0.0;Describes personal travel observations, lacking any ideological statement.;PES
Is this enforced, pragmatic return to bilateralism really the right approach or should we attempt to have an intensive dialogue with Latin America as a whole and only take specific requirements into consideration in the context of special arrangements?;0.4;"Raises a policy question about bilateralism versus broader dialogue with Latin America, but does not firmly advocate a specific principle; only a weak signal of foreign‑policy preference.";EPP-ED
Indeed, when I tabled this question on 17 December 2008, I was not to know the good news that would come from the Foreign Ministers’ meeting on 26 December. Finally, has the Commission had any reaction – official or otherwise – from the present Iranian regime since the European Foreign Ministers’ decision on 26 January 2009?;0.1;"Requests information on the Iranian regime’s reaction; no advocacy or opposition to a political principle is expressed.";EPP-ED
Very often, in economically difficult times, young people unfortunately get into drug abuse.;0.0;"Mentions drug abuse among youths in hard economic times; purely descriptive, no political principle is advanced.";UEN
Of the citizens of the 27 EU Member States, some 15% are members of a traditional national minority or immigrant community. While the objective of the European Union is the preservation of cultural diversity, minority languages and groups face the threat of extinction or assimilation. Is the European Union credible when it condemns violations of human and minority rights in third countries? What would become of the European Union if we were to debate only those questions that do not offend any interests? The citizens of Europe expect us to provide genuine answers. The European Union must guarantee the rights, at the local, regional, national and EU levels, of indigenous and traditional minorities, the Roma, and the several million people who live in minority status and have no independent State, such as the Catalans, Basques, Scots, Bretons, Alsatians, Corsicans, Welsh, the Hungarian minorities in Romania, Slovakia and Serbia and other national communities. Subsidiarity and self-governance, power sharing and joint decision making are the fundamental values of the European Union. It is very important that forms of joint decision making, self-governance and autonomy be set up on the basis of agreements between majorities and minorities, while fully respecting the sovereignty and territorial integrity of Member States. If the European Parliament truly wishes to become a centre of power, then it must face these sensitive questions.;0.9;Explicitly calls for EU‑wide protection of minority languages, self‑governance, power‑sharing and subsidiarity, mapping onto clear ideological positions on cultural diversity and regional autonomy.;PES
Likewise, migration has taken place both at the individual level and with the movement of entire ethnic communities. Undoubtedly, today every resident in the European Union deserves a life worthy of a human being and equal opportunities.;0.5;Affirms that every EU resident deserves a dignified life and equal opportunities, a generic egalitarian statement without concrete policy prescription.;EPP-ED
Today, when the ghost of racism is haunting Europe, when the chauvinism of the majority in nation states is visibly growing to frightening dimensions throughout Central and Eastern Europe, we can no longer sweep minority policies under the carpet. The question of minorities falls within the competence of the Member States, and therefore these communities must, for the most part, be satisfied with whatever they can negotiate with their own governments. The total number of citizens in the Central and Eastern European Member States who belong to various national, minority communities is significantly greater than in Western Europe, and their problems are also more complex. In order not only for national minorities but also for everyone belonging to what are effectively minority EU nations to feel truly at home in Europe, European legislation must create a legal framework with comprehensive legal norms for the protection of minorities. As this pattern becomes a reality throughout the European Union, so national minorities will gain in status and obtain new opportunities for the protection of their language and culture. In this regard, the ratification of the Lisbon Treaty is of key importance, for two of its articles, thanks to the work of the Hungarian Government, include the rights of persons belonging to minorities. Acceptance of the Treaty would be a great step forward in the history of the European Union.;0.9;Strongly advocates EU legislation to protect minorities, links this to the Lisbon Treaty, and frames minority rights as a central EU objective.;PES
A common view of the rights and obligations that should apply to national, ethnic or linguistic minorities, immigrants and stateless persons would benefit these groups and the whole of the Union in many ways. Nearly a tenth of EU citizens currently belong to a national, linguistic or ethnic minority. Others are discriminated against or disavowed. Immigrants require special support to help them integrate into their new homelands. The EU also needs a common view on minority issues in order to be able to defend itself and its Member States against outside pressures and provocations, where minority rights are used as weapons to sow division and create confusion. Russia’s involvement and propaganda in Estonia and Latvia, for example, is a cautionary example. It would also be important for this parliamentary committee to be given explicit responsibility for issues relating to minorities.;0.8;Calls for a common EU stance on minority, immigrant and stateless‑person rights and for a dedicated parliamentary committee, indicating a clear policy preference for EU‑level regulation.;ALDE
This resolution is necessary because it is clear that we have to find a minimum level of protection for minority groups in the European Union, something that does not exist at the moment.;0.7;"Demands a minimum level of protection for minorities in the EU, stating that such protection is currently lacking; clear advocacy for new regulatory standards.";EFA
We insist in the Copenhagen Agreement that a country wishing to join the EU must have at least a minimally acceptable level of respect for everyone within its borders. In Ireland, for instance, many children and adults with disabilities were institutionalised in the worst of circumstances at the time of our accession and for years after our membership. Today, in spite of the introduction of the Copenhagen criteria, there exist similar terrible circumstances for vulnerable minorities in countries which have recently joined the EU or which plan to. If a country, in order to join the EU, must fulfil the Copenhagen criteria in respect of the treatment of its people, it should be possible to suspend membership when it does not.;0.85;"Insists that EU accession require respect for all citizens, proposes suspending membership for non‑compliance; a firm stance on conditionality and rule‑of‑law criteria.";DEM
We must at last admit that the problems of these communities cannot be resolved purely by means of universal human rights or anti-discrimination regulations. This is why EU regulation is necessary and why the assistance of the EU is necessary. The rightful demands of these minorities, which are based on fundamental principles and current practice in the European Union, cannot constitute taboo subjects in the EU in the twenty-first century!;0.8;Argues that EU regulation is necessary to address minority issues beyond universal human‑rights measures, endorsing stronger EU legislative action.;EPP-ED
The Europe of 27 has more than 100 groups, if we add its ethnic and linguistic minorities to those resulting from more recent immigration. It is not for nothing that the Treaty of Lisbon makes explicit reference, for the first time in European Union history, to the rights of people belonging to those minorities and to their own values. Each social group is different. Member States’ linguistic-historical minorities and their recognised and indisputable right to express themselves in their mother tongues have little or nothing to do with the new migration flows, which have their own identifying characteristics. We are taking the European Charter for Regional or Minority Languages as our starting point and asking the European Social Fund to grant attention and resources to minority groups.;0.75;"Explicitly advocates EU‑wide funding and protection for linguistic and ethnic minorities, linking it to the Treaty of Lisbon and the European Charter; clear policy preference for minority rights.";PES
They look to the European Union to guarantee their rights and help improve their situation. Although the legal grounds for effective protection of minorities exist, the political will to assert these is often insufficient. Ratification of the Lisbon Treaty could improve the situation, but in itself, it is no magic solution.;0.55;Calls for the EU to guarantee minority rights and criticises lack of political will, but the statement remains vague about concrete institutional changes.;ALDE
I find it painful that in the absence of the necessary support from the political groups, our joint debate today is coming to an end without a decision, and that it is still not possible to adopt the EU framework agreement on minority protection. I consider it unacceptable that the European Union is similarly leaving the solution of the problem of minorities within the area of competence of individual Member States. I consider President Traian Băsescu’s declarations in Budapest rejecting the rightful demands of Transylvanian Hungarians for collective rights and autonomy to be reminiscent of the dictatorial standpoint during the National Communist era. The European Union is the joint home of national, ethnic and religious minorities as well, and precisely for this reason, the EU can no longer put off providing them with institutional, legally regulated protection.;0.88;"Strongly condemns leaving minority protection to member states and demands EU‑level, legally regulated protection; clear ideological commitment to supranational minority rights.";EFA
In this instance, the duty is to accept the rules, languages and customs of the receiving countries.;0.35;"Makes a generic assertion that host‑country rules, languages and customs should be accepted; lacks specific policy direction or broader ideological framing.";DEM
In this respect, I feel that Romania’s legislation in this area is particularly well drafted and can provide a model for other Member States. The proof of this statement is even borne out by a fellow Member of this Parliament, whom I have a great deal of respect for, who was born, grew up and studied within Transylvania’s Hungarian community, and now successfully represents Hungary in this house. However, the protection of minorities must not result in excesses such as collective rights, the promotion of autonomy and self-determination, including territorial. All citizens must be treated equally and enjoy the same rights and obligations towards the communities among which they live. Decentralisation and local autonomy under national laws very much reflect all the aspirations that citizens have, whatever their nationality or ethnic background. I firmly believe that common EU programmes, especially in the area of education, would accelerate considerably the integration of the Roma. Finally, I would like to remind you that any nation, no matter how big it might be, is a minority compared to Europe’s 500 million citizens.;0.78;"Advocates equal treatment of all citizens, opposes collective rights and territorial autonomy while supporting local decentralisation and EU education programmes for minorities; a well‑defined stance on minority policy.";EPP-ED
Unfortunately, the Commission is very reluctant to suggest any measures in this field. We should remember that minority rights are an integral part of human rights and therefore our standards must be as high as possible. Let us not forget that respect for, and protection of, minorities is one of the Copenhagen criteria. The Commission does not even apply the criteria properly during the accession process. We have elaborated a common European Union standard in the field of minority rights, and this is an absolute must.;0.85;"Criticises the Commission’s inertia, frames minority rights as essential human rights and a Copenhagen criterion, and demands a binding EU standard; clear, strong policy commitment.";EFA
The Copenhagen criteria on minority rights apply to accession countries – as we have already heard today – but these same rights do not exist within Community law. If Europe’s wealth lies in its diverse cultures, and no one wants to see the culture and language of small nations disappear, then ethnic minorities have an even greater need of protection, including legal protection.;0.75;Points out the gap between accession criteria and Community law and argues for legal protection of ethnic minorities, emphasizing cultural diversity as a European asset.;EPP-ED
The European project is about integration and not about creating enclaves based on ethnic criteria. I also feel that we should focus more attention on the situation of national minorities in the EU’s neighbouring countries, all the more so when it involves citizens of the same nationality of some of the Member States.;0.6;"States that the European project should focus on integration rather than ethnic enclaves and urges attention to national minorities in neighboring countries; a moderate ideological position.";PES
One of these cases is the Basque language, Euskera, which is not a minority language but an official one, at least in the southern area of the Basque Country, which, in administrative terms, is classed as part of the Spanish state. For all that, neither Euskera nor Corsican, Breton or Occitan are given the slightest official consideration, nor are they given support to ensure their use is respected and encouraged.;0.6;Highlights the lack of official status and support for languages such as Euskera, Basque, Corsican, Breton and Occitan, implying a need for EU‑level linguistic minority protection.;ALDE
Real-life examples show that solving issues related to education fuels strong Community development. The Babeş-Bolyai University in Romania, in the Transylvanian city of Cluj, is an example of a multicultural university that has been cited time and again by the Organisation for Security and Cooperation in Europe as a positive example of multicultural and inter-ethnic excellence. It is my belief that the most effective way of solving this tremendously difficult European problem in the long term is through education. I would very much like to see a very substantial debate on how Europe intends to take advantage of our unique educational system so that we remain united in our diversity.;0.65;"Advocates education as the primary tool for handling multiculturalism and calls for a European debate on leveraging the education system to maintain unity in diversity; a clear policy principle.";EPP-ED
Traditional and ethnic minorities, migrant minorities and immigrants must comply with the national legislation of the Member State where they reside. I believe that the integration of new migrant minorities should not be part of the common policy on immigration which the EU is currently drafting. This policy can be defined only when the current barriers to the free movement of workers from the Member States which joined the European Union after 2004 disappear within the EU. The protection of migrant minorities is part of the principles promoted by social Europe. Providing fair working conditions for all European citizens, no matter what their Member State of origin is, guarantees them a decent living. As a European socialist, I support the development of a European framework for legal immigration, but I actively advocate, first and foremost, observance of the European Union’s basic principles for all European citizens.;0.92;Explicitly advocates a European socialist stance on migration, legal immigration framework, fair working conditions and EU‑wide principles – a clear, policy‑oriented ideological commitment.;PES
Representatives of traditional national minorities and communities have been trying to persuade the majority through peaceful parliamentary means that what was good for the 14 Member States of the European Union will be good for the entire territory of the EU. No one asked them whether they wanted to change nationalities or adopt a new official language. These traditional national minorities are the most loyal citizens of their respective countries. Despite wars, economic crises, internal political battles and assimilation, they did not abandon their ancestral, longstanding and yet new homeland. It is precisely for this reason that it is incomprehensible that the several dozen million strong populations of large countries should fear a few hundred thousand or, at most, half a million members of a minority. The various forms of self-governance found in the European Union, such as territorial and cultural autonomy, result from a policy of consensus on the part of the majority and minority, and have not weakened the economic, political or social power of the state in question, or that of the European Union. My country, Romania, has been in existence in its current form since 1920. There are laws and rights, but their implementation cannot be guaranteed, although linguistic, ethnic and regional diversity is a European value. Therefore, it is important for draft guidelines to be drawn up, based on existing, successful EU examples, that are acceptable to all and do not infringe on the states’ territorial integrity.;0.71;"Calls for protection of traditional minorities, territorial integrity and EU‑based autonomy guidelines; expresses how the EU and states should balance minority rights with sovereignty.";EPP-ED
Although eminent examples prove that national minorities are regarded as a value and an opportunity in the European Union, such as in South Tyrol or the Åland Islands, unfortunately, in Eastern Europe, we come across the opposite attitude as well, sometimes even in presentations by statesmen. It is precisely for this reason that we urgently need to oppose declarations that would definitively and perpetually rule out the demands of national minorities for autonomy, by referring to the requirements set by the European Union.;0.77;Calls to oppose any permanent bans on minority autonomy demands, directly opposing a political principle and defending minority self‑determination.;PES
Today I am using the Italian language, which is the language of the State and not my mother tongue. I want to mention, in particular, Article 2 of the Treaty of Lisbon on the protection of the rights of individuals – and here, particular thanks go to the former Minister for Foreign Affairs, Mr Frattini, who made a decisive contribution to its inclusion. We in South Tyrol have reached a level that can obviously be improved on, but which is very, very good nonetheless. We in the European Union need to understand that minorities represent added value, a bridge between cultures, between peoples and countries.;0.32;"Mentions minorities as a cultural bridge but offers no concrete policy demand or structural recommendation; only a generic positive statement.";EPP-ED
It is crucial that all countries be treated in the same manner, and that minimal standards apply to all.;0.25;"General call for equal treatment of all countries and minimal standards; lacks specific ideological direction or policy advocacy.";PES
On the other hand, if those who asked the question being debated really want a European policy on this matter, we can assure them that Romanian legislation, for instance, may be considered as a model of good practice. Romania perhaps has the most generous and up-to-date legislation on national minorities in Europe. In fact, the Hungarian minority party, which has been referred to this evening and during yesterday evening’s debates, has formed part of the Romanian Government for 12 of the 19 years since Romania has been operating as a democratic state.;0.48;Praises Romanian minority legislation as a model, indicating support for strong minority rights but without proposing broader political change.;EPP-ED
In my view, Romania, which is a unitary, sovereign state, is a model country in terms of respecting the individual rights of the members of any minority.;0.41;"Affirms Romania as a model for individual minority rights; supportive stance but no explicit policy recommendation beyond national example.";EPP-ED
The European Union’s laws cannot only protect minorities and put national communities at a disadvantage because we are allowing positive discrimination.;0.73;"Criticises EU positive discrimination, arguing EU law should not disadvantage national communities; clear normative position on equality and law‑making.";EPP-ED
We are talking here about a community of more than 100 000 Romanians. I would like to take the opportunity to express my concern regarding the decision of the town council in the Serbian town of Negotin to demolish the foundations of a Romanian-language Orthodox church, even though the priest, Boian Alexandru, had obtained the necessary approvals. This would be the second church for Romanians living in Serbia. I would like to emphasise that Serbia has undertaken, in accordance with Article 5 of the Stabilisation and Association Agreement, to respect human rights and protect ethnic and religious minorities.;0.61;Condemns demolition of a Romanian‑language church and cites Serbia’s legal obligations, advocating protection of minority religious rights.;EPP-ED
There is no problem, however, because all European Union Member States are also members of the Council of Europe, an organisation which is well-equipped and well-experienced to address that issue. Finally, instead of revisiting fields already explored, the European Union would be better advised to develop a concept of transnational protection of cultural rights in a continent where each ethno-cultural community is a minority as well.;0.76;Advocates a new EU‑wide concept of transnational cultural‑rights protection, explicitly proposing how the Union should structure minority protection policy.;PES
I think that there are more than one million Romanians living in Spain and Italy, but I do not see why they would ask for territorial autonomy in these countries. I do not think that Romania has ever refused a visit from any president from a European state and yet, once again, this is a rumour which has been going round here. I believe that Romania offers a model of good practice for very many countries in the European Union.;0.1;"Only general observations about Romanians abroad and Romania’s reputation; no advocacy of a specific political principle.";EPP-ED
The European Parliament must take the lead in defending ethnic minorities, by initiating a serious debate on the legal status of minorities. Parliament must take responsibility for elaborating and adopting a framework regulation that is binding on all Member States.;0.7;Explicitly calls on the European Parliament to create binding EU legislation protecting ethnic minorities, a clear ideological stance on minority rights and EU competence.;EPP-ED
Cultural and linguistic diversity must be preserved, as it is the basis for a healthily functioning Union. Territorial autonomy on a national basis and, furthermore, not founded on homogeneity, but often politically abusing the minority status of the majority people in a certain micro-region or in a community, is a threat to peaceful life and coexistence in the European Union.;0.8;Advocates preservation of cultural diversity while condemning territorial autonomy for minorities, showing a firm position on how the EU should handle minority issues.;PES
During this debate, many Members and colleagues have spoken of double standards, of unequal obligations on the old and new Member States. What measures are you taking in respect of the old Members, in other words the 15 Member States who do not comply with the Copenhagen Agreement?;0.4;Questions compliance of older EU members with the Copenhagen Agreement, indicating concern for rule‑of‑law enforcement but without a clear policy prescription.;EPP-ED
I think not, because if the issue of human rights is not an internal issue for the Member States of the European Union, then neither is the issue of the rights of national minorities. There are problems in Romania, but the situation is better than in Alsace or Brittany.;0.3;Makes a comparative comment on human‑rights issues and minority rights, but does not propose concrete measures or a defined principle.;PES
Under the EU’s motto we are building a multicultural Europe, a Europe in which national minorities coexist with large monolithic states and enjoy their full political rights and citizens’ rights. The issue is particularly curious because ethnic Poles account for as much as 70% of the population in the Vilnius region, and street signs in Polish are to be found almost everywhere. It is hard to understand why Lithuania, which has now been a Member State of the EU for five years, is disregarding Union standards and failing to guarantee the rights of minorities on its territory.;0.8;Strongly supports a multicultural Europe and criticises Lithuania for failing to guarantee minority rights, expressing a clear pro‑minority‑rights, EU‑wide standard.;PES
I was able to vote in German local elections, but in my own country I have not been able to vote because they do not recognise me. How is it possible that this situation affects 20-25% of the population of a member country of the European Union?;0.6;Highlights disenfranchisement of a large population group and implicitly calls for EU action, reflecting a clear stance on voting‑rights equality.;EFA
This is a question for the Commission and Council. Why does the Commission not act on this? Citizens of other EU Member States residing in Latvia may vote and stand in municipal and European Parliament elections, but hundreds of thousands of people who were born in the country or have spent most of their lives there do not enjoy this right. I would like to ask the Commission and the Council what they have done in order to address this issue with the Latvian authorities, and to take further action without any delay.;0.7;Directly asks EU institutions to intervene on voting rights for long‑term residents in Latvia, showing an explicit demand for policy change.;PES
In a state that has been part of the European Union since 2004, with a population of barely 2.5 million inhabitants, there is currently a law in force preventing half a million people, quite simply, from exercising their rights as citizens. These people are called non-citizens. To that effect, our group expects the Commission to make concrete proposals on the questions that we raise in this debate. With regard to language, we are also concerned by the fact that, pursuant to new regulations − and there were student demonstrations last year − 60% of the curriculum must be taught in Latvian, thereby creating clear discrimination against the Russian language. I seem to recall that during the Franco dictatorship in my home country of Spain, it was forbidden to speak in Basque, Catalan or Galician.;0.8;Denounces legal discrimination against non‑citizens and language minorities and urges the Commission to propose concrete measures, a strong minority‑rights position.;NGL
Nonetheless, in Latvia, primary education is dispensed by the state and local government in eight minority languages, some of which, such as Romany and Estonian, are very small. Mrs Ždanoka, who was elected from Latvia and represents Latvian citizens of Russian origin, makes no secret of the fact that after obtaining voting rights for non-citizens, the next step would be to call for Russian to be given the status of a second state or official language.;0.5;"Describes a political claim about granting Russian official status; presents a potential policy demand but without firm advocacy, resulting in a moderate ideological signal.";EPP-ED
The reality is that the European Union is made up of many states. If I moved to Latvia and lived and worked there for a while, I would be able to vote in local elections.;0.1;"Provides a factual observation about EU structure and personal voting ability; no advocacy or opposition to a political principle.";PES
According to the Charter of the United Nations, normally citizenship laws belong to a country’s internal affairs and no other countries can meddle with them, not even the UN itself.;0.7;Explicitly asserts that citizenship laws are a matter of internal sovereignty and should not be interfered with, advocating a clear national‑competence principle.;ALDE
As a result, since 1993, the number of non-citizens has fallen by 59%. The majority of Latvia’s businesses belong to Russian entrepreneurs.;0.1;"Only presents statistical information about non‑citizens and business ownership; no normative statement or policy stance.";UEN
The Latvian non-citizens are not nationals of any state and they have no right to participate in any elections. This is a unique case in parliamentary history. For the Latvian political elite, depriving this essential part of the minority population of their basic rights is an instrument for preserving power. I am convinced that fundamental values of the EU, such as non-discrimination on the grounds of ethnic origin and participatory democracy, must take precedence over national competences.;0.9;Strongly argues that EU fundamental values (non‑discrimination, participatory democracy) must override national competences, a clear supranational ideological commitment.;EFA
Latvia was invaded by Stalin, then by Hitler, and then by Stalin again. Would you now publicly affirm, not only that you have no juridical right to make an intervention, but that all Member States of the Union should respect their full legal requirements as far as electoral law is concerned? I think that is important, not just for Latvia, but for all our countries.;0.7;Calls for all Member States to respect electoral‑law requirements, endorsing rule‑of‑law and uniform legal standards across the EU.;EPP-ED
It is impossible either to deport or to assimilate several hundred thousand people, and so they must be given their EU rights.;0.8;Advocates granting EU rights to a large non‑citizen population, reflecting a principled stance on migrant/ minority rights within the Union.;PES
If we add yet further to the rights of non-citizens, and include the right to vote in local elections, the number of non-citizens, which has halved since 1995, will, in all probability, not fall any more.;0.6;Suggests extending voting rights to non‑citizens to affect demographic trends, indicating a policy position on political inclusion.;UEN
Unfortunately, public opinion surveys confirm that the majority of these people will never become Latvian patriots, but the majority of them are already patriots of another country.;0.1;States a pessimistic observation about loyalty without proposing any political principle or course of action.;UEN
We all have the right to choose – to be citizens or to be loyal to our state, do we not? However, every choice also has its consequences and for that reason we can only blame ourselves, not the state which granted that freedom of choice.;0.3;"Emphasizes individual choice between citizenship and loyalty, but does not link this to a broader political principle; only a weak ideological hint.";EPP-ED
Why does a large proportion of the Russian-speaking population not want to apply for citizenship? What is Russia’s part in all this? Latvia needs our support, not our condemnation, in order to be able to encourage its non-citizens to apply for citizenship.;0.6;Calls for external support to encourage citizenship applications, signaling a stance on integration policy and the role of foreign actors.;ALDE
In this area, colleagues and childhood friends who attended primary school and then went on to study at university through Hungarian are still now using Hungarian in the institutions where they work. I have been chairman of Arad County Council and the Romania West Regional Authority. I invite anyone who would like to find out first hand about the Romanian model for resolving minority problems to take a look at the real situation first hand before they express their views at various European forums.;0.3;Mentions the Romanian model for resolving minority problems and invites observation, but does not explicitly advocate a specific principle such as minority rights or language protection.;EPP-ED
Parents play a special role in protecting their children against sexual abuse. The Universal Declaration of Human Rights clearly says, in Article 26.3, that ‘parents have a prior right to choose the kind of education that shall be given to their children’. However, parents cannot consistently perform their educational role if they do not have adequate time to devote to their family and their children.;0.7;Explicitly cites the parental right to choose their children's education (UDHR) and argues for policies that give parents sufficient time, reflecting a clear stance on family autonomy and education policy.;EPP-ED
In this context, Parliament calls on all Member States which have not already done so to sign, ratify and apply all relevant international conventions, starting with the CoE Convention. Amongst other recommendations, Parliament calls on Member States to improve their legislation and cooperation on this area, to ensure that sexual crimes against children under the age of 18 are always classified throughout the EU as exploitation of minors and to criminalise all types of sexual abuse of children.;0.7;Calls on EU Member States to ratify conventions and criminalise all forms of sexual abuse of children, advocating a concrete legal principle for child protection across the EU.;NGL
The sexual exploitation of minors and child pornography are a grave violation of human rights. In short, we need to develop awareness campaigns for parents and adolescents concerning the dangers of child pornography on the Internet, in particular, the risk of sexual exploitation in chat rooms and Internet forums.;0.6;Advocates the development of awareness campaigns against child pornography, expressing a clear policy position on protecting minors from sexual exploitation.;PES
The report was unanimously approved in the Committee on Women’s Rights.;0.0;"Simply reports that a committee approved a document; no political principle or ideological stance is expressed.";EPP-ED
Inter-generational solidarity is one of the structural and key solutions of the European social model. The Member States are committed to taking action in order to eliminate the barriers impeding women from accessing the labour market on the same terms as men. In cooperation with the Member States and social partners, the European Commission should undertake a review of the political strategies aimed at reconciling family and professional life. Female employment indicators confirm that in many aspects of work, significant differences remain between women and men as regards reconciling private and professional life. Pursuant to the aims of the Lisbon Strategy, the Member States are committed to finding employment for 60% of women capable of working.;0.85;Promotes inter‑generational solidarity, gender‑equal labour market access and specific EU employment targets for women, showing a strong commitment to gender equality and social policy.;PES
− I support this report which focuses on the various aspects of direct and indirect discrimination towards women and men who are responsible for taking care of dependents. It argues that a better understanding of the relationship between employment (paid work) and family obligations (unpaid work) is essential to enhance economic independence of women and consequently gender equality. The non-gainful employment of women and men who, for instance, educate children, care for the elderly at home, provide inter-generational solidarity and work for the common good, is still not considered economic work to this day.;0.85;Supports a report linking employment and family care, emphasizing economic independence of women and recognition of unpaid work—clear advocacy for gender equality and social policy reform.;PES
If energy efficiency and energy saving continue to be a priority, in line with the continuing development of renewable energy sources, I agree that it should be possible to meet our energy requirements using low emission sources by 2050.;0.75;Advocates energy efficiency, renewable sources and a low‑emission energy system by 2050, reflecting a definite stance on climate and energy policy.;PES
Pre-commercial procurement is tremendously important in terms of strengthening the innovation potential of the entire European Union, improving public services provided directly to the citizens, and also eliminating the gap between supply and demand in the public sector. Pre-commercial procurement contracts are advantageous for smaller enterprises, as the latter often do not comply with the requirements for ordinary commercial public procurement.;0.6;Defends pre‑commercial procurement as a tool to boost innovation and help small enterprises, indicating a policy preference for market regulation that supports SMEs.;PES
Even now, 46% of the surface of the Earth is classed as wilderness.;0.0;Provides a factual statement about wilderness coverage without any political principle or ideological evaluation.;PES
− I support this report which highlights the need to protect the 46% of the world's land which is wilderness and has not been significantly modified by human activity.;0.7;Advocates protecting wilderness areas, a clear environmental protection principle that prescribes societal action.;PES
This report stresses the importance of such projects and I am in full agreement with the rapporteur that many resources must be used to ensure the protection of such areas.;0.7;Calls for allocation of resources to protect natural areas, expressing an explicit environmental policy stance.;EPP-ED
It is therefore important to draw up appropriate recommendations to help the EU Member States find the best way to ensure that present and potential protected areas, as well as wilderness areas and their natural processes, are safeguarded within the Natura 2000 framework.;0.8;Urges EU‑wide recommendations to safeguard protected and wilderness zones within the Natura 2000 framework, showing a firm EU environmental commitment.;PES
− Such agreements are vital in the process of strengthening the ties between the European Union and the United States of America.;0.6;Supports stronger EU‑US agreements, indicating a foreign‑policy principle of transatlantic integration.;EPP-ED
To fight child pornography, the EU should enforce tough legislation, but also undertake educational projects that inform people about this subject. Low barriers of entry and minimal risk are making it very easy for criminal organisations to get into cyberspace. To face this new threat, we need to harmonise legislation, boost law enforcement and strengthen cooperation in police work.;0.9;Demands tough EU legislation, education, harmonised law and police cooperation to combat child pornography—strong, specific policy commitment.;PES
We need to be much more aware of the risk of new technologies being used by paedophiles at a time when children are becoming increasingly more active in their use of the Internet. From the point of view of European cooperation, it is regrettable that the ratification process of the Council of Europe’s 2007 Convention has been so slow.;0.8;Criticises slow ratification of the Council of Europe’s child‑protection convention and calls for faster adoption, a clear policy position.;PES
We did not have discussions with experts in a group, but with people from the transport sector, and, quite rightly, with people from the economic sector and, of course, also with people from the energy sector.;0.1;"Describes who was consulted without advocating any principle; lacks ideological content.";EPP-ED
As a result, the report represents a broad spectrum of opinion and offers many good proposals, but it also enables us to coordinate our continued work in the permanent committees, as regards formulating various sectoral policies.;0.1;"Merely notes the report’s breadth and coordination of work; no explicit political principle is promoted.";EPP-ED
I would like to mention five core themes that are really essential for our group. We need to know how new technology will be paid for, and who will bear that cost. Without maximum social dedication, it is extremely difficult to maintain political support for climate policy. Sound agriculture, effective land use and an appropriate use of biomass can help reduce greenhouse gases. If we want to change our consumption behaviour, we need to know exactly which products produce high levels of greenhouse gases and we may have to adapt our consumption patterns accordingly. This is not easy, of course, but the problem of climate change – as Mr Florenz pointed out a moment ago – cannot be solved with a few technical tricks. We will, at any rate, need to try our best to involve as many people as possible in the major challenges we are facing.;0.85;Advocates comprehensive climate policy, social financing, sustainable agriculture and consumption changes—clearly an environmental‑social ideology.;PES
Why does China need a new coal-fired power station every week? The UN population fund says that 380 women in the world become pregnant every minute of the day, and half of that number do not plan to do so.;0.3;"Raises concerns about China’s coal plants and unintended pregnancies but does not propose concrete policy; only a weak value signal.";ALDE
We can become world leaders in our diverse renewable energy fields, which should create a tight, effective and coordinated strategy – including governments, NGOs, academia, business, forward-thinkers – seeking not to talk but to solve. We need to reduce bureaucracy and support SMEs and technology developers. For example, Ireland could become to ocean wave technology what Finland is to mobile phone technology. Green technology is our future.;0.7;Advocates a coordinated strategy for renewable energy, reduction of bureaucracy and support for SMEs – a clear policy stance on green technology and market regulation.;UEN
In Poznań, Ban Ki-Moon and Achim Steiner recommended very strongly that all measures taken by the Member States in their economic stimulus plans and their bank rescue packages now be combined with programmes to combat poverty in developing countries and the dreadful consequences of climate change in developing countries, and also with measures for a really ambitious level of climate protection and a new energy policy. It is by no means certain that Europe will find its way along the road to a modern society of energy efficiency and renewable energies.;0.7;Calls for linking stimulus, poverty relief and climate protection, and urges Europe toward energy efficiency – explicit endorsement of ambitious climate and social policy.;EFA
I would like to mention three things in particular. We are also demanding measures to be taken in respect of the meat industry. The car industry is another growing problem. Between 1990 and 2005, emissions from the European transport industry increased by 32%. A huge investment in public transport and other environmentally-friendly transport is needed. Should we not encourage local production and consumption instead? Finally, I would like to issue a warning with regard to Amendments 12 and 28, which demand an increase in nuclear energy.;0.8;Demands regulation of meat and car industries, massive public‑transport investment, local production, and opposes nuclear expansion – concrete environmental and energy policy positions.;NGL
To reduce or prevent the negative effects of climate change, tough action is needed across a wide area.;0.2;Only states that ‘tough action’ is needed without specifying any principle or policy, thus a vague statement lacking clear ideological commitment.;DEM
Climate change, as I have said many times, is an urgent and serious matter and requires targeted and effective instruments. I hope that this cross-over can continue in the next Parliament and that this House will also continue to be involved in the Copenhagen negotiations.;0.3;Emphasises urgency of climate change and hopes for continued work, but offers no concrete policy recommendation, making it a weak value signal.;ALDE
In adopting the climate and energy package, the European Union has equipped itself with a legislative framework that gives it the right credentials to take a leading role.;0.3;Describes the EU climate package as giving ‘right credentials’ to lead, which is praise rather than a clear advocacy of a principle.;UEN
The latest science tells us we need to be reducing emissions by around 9% year on year. The targets set out in this report and in the EU’s climate package are simply not ambitious enough. That debate urgently needs to be begun, and the EU is very well placed to start it.;0.7;Criticises current EU emission targets as insufficient and calls for a stronger debate, explicitly demanding more ambitious climate action.;EFA
Twenty per cent by 2020 was a start – but only a start. The following week we are back here and I hope we will have a statement from the Council on the result of its meetings in Washington. With the United States, we can now move to that 30% target and beyond. We are moving on now to ecodesign, realising here, as elsewhere, that it means tremendous new opportunities in innovation and jobs.;0.7;Supports raising emission‑reduction targets (30% with the US) and promotes ecodesign, indicating a clear stance for stricter climate policy.;EPP-ED
Today we can see the benefit of having Members of Parliament, who view matters from different perspectives, working and listening together to the world’s top experts. I am also sure that the very existence of the Committee and its work separately contributed to the fact that the climate package was got through so smoothly and swiftly last December.;0.2;"Focuses on procedural praise for parliamentary cooperation; no explicit policy advocacy is present.";PES
Nevertheless, I think this piece of work lacks the punch, drive and force that are actually needed to pursue the political line that we have initiated in Europe with regard to climate issues.;0.5;Criticises the current work as lacking the needed force to pursue Europe’s climate line, showing some demand for stronger action but without concrete proposals.;ALDE
In order to survive and develop, mankind needs new, powerful sources of energy, and Europe needs balance and self-sufficiency in terms of its energy supplies.;0.6;Advocates European energy self‑sufficiency and new power sources, a clear policy position on energy independence.;UEN
Economic crisis and environment policy can go hand in hand to give us a positive result both for the environment and in creating jobs.;0.3;"Only hints that environmental policy can create jobs; lacks a concrete ideological stance or policy prescription.";NGL
They have all done an excellent job and provided a good basis for the work in the future Parliament. Because, if we do not make that link and we do not get the economic recovery programmes right, people will start to say – and they are already saying it – that this climate change stuff was all very well when there was economic growth but we cannot afford to make all these investments now. Their countries will become bankrupt unless we invest in renewable energies and unless we reduce our energy dependency on insecure sources of fossil fuels. If I look around my own constituency, Yorkshire, I can already see considerable investments in renewable technologies, in energy-efficiency measures in different companies.;0.85;Strongly calls for massive investment in renewable energy, reduction of fossil‑fuel dependence, and links climate action to economic recovery – a clear green‑policy commitment.;PES
The EU’s Heads of State or Government decided nearly two years ago that the EU should take the lead in order to secure a global climate agreement in Copenhagen. There is not much time left.;0.6;States that the EU should take the lead in securing a global climate agreement, expressing a definite view on EU leadership in climate policy.;ALDE
I welcome the plan to simplify the procedures for obtaining European Union funding, and to increase the extent of lending by the European Investment Bank, especially to small- and medium-sized enterprises.;0.7;Supports simplifying EU funding procedures and expanding EIB lending to SMEs, a specific stance on EU financial policy and market support.;UEN
But, even knowing this, we are at the same time making it clear, as we have done in the past with other great challenges, that we think we can take on the enormous and urgent challenges that face mankind without help from above.;0.4;Suggests handling global challenges without external help, implying a sovereignty‑oriented view, but the claim is vague.;DEM
Bilateral negotiations between two countries – Poland and Denmark – the hosts of COP 14 and COP 15, are not enough.;0.3;Criticises bilateral climate talks as insufficient, but does not articulate a concrete alternative principle.;EPP-ED
We must urgently find means of fighting global warming. The European Commission estimates that an annual investment of EUR 175 billion is required to fight global warming.;0.7;Calls urgently for large‑scale investment to combat global warming, indicating a firm commitment to climate‑policy financing.;PES
Firstly, it is right that the EU should take the first steps to protect the climate, but it is not beneficial to rush on ahead alone without the involvement of partners.;0.6;Affirms EU should act first on climate but stresses the need for partner involvement, reflecting a nuanced stance on EU leadership and multilateralism.;ALDE
The money saved could be spent on the fight against poverty and on new technologies.;0.5;Proposes reallocating saved funds to fight poverty and fund new technologies, indicating a policy preference for social spending and innovation.;UEN
The global warming theory has cast CO a natural constituent of the atmosphere, as a demon gas.;0.1;"The statement merely questions the scientific theory of global warming and labels CO₂ as a ""demon gas"" without proposing any political principle, policy, or institutional change.";DEM
I hope the next Parliament will build on our experience and deal with climate change and sustainability in a similar way.;0.2;"A hopeful remark about the next Parliament dealing with climate change and sustainability; it expresses a desire but does not articulate a concrete ideological stance or policy prescription.";EPP-ED
Entrepreneurs canvassing support for such an approach – the development of sustainable initiatives for this green technology – are still running into a huge number of obstacles. I am opposed to the over-simplified approach towards the agricultural sector in Paragraph 189, though. Finally, I would ask the Commission, in future, to adopt a more integrated approach and reduce compartmentalisation to a minimum.;0.7;Advocates an integrated, less compartmentalised EU approach to green technology and agriculture, opposes an oversimplified agricultural policy, and calls on the Commission to act—clearly expressing a policy‑oriented environmental and regulatory position.;EPP-ED
This is a new era for the United States, as has been said, and we hope for the European Union too after ratification of the Lisbon Treaty, which we expect soon.;0.3;"Mentions the Lisbon Treaty and hopes for a new era for the EU, but provides no explicit stance on EU integration or any concrete political principle; the statement is largely aspirational.";PES
Anyone who demands new laws for soil and agriculture is abusing the climate debate for the purposes of implementing sanctions that he or she wanted to implement anyway but which have nothing to do with climate change. I will then be able to support the report, as protection of the environment is very important to me, particularly when it can be combined with social achievement and economic competitiveness.;0.6;"Criticises new soil/agriculture laws as a pretext for unrelated sanctions while simultaneously supporting environmental protection linked to social achievement and economic competitiveness; this reflects a nuanced ideological position on climate legislation and market policy.";EPP-ED
I hope that, when the next legislative process is due, we in Parliament also reach such a high level of agreement so that what we have documented in this report will be put into practice. I have to say that we ought to maintain this committee’s method of working in the next parliamentary term, too, as Mr Sacconi has just suggested.;0.2;Expresses generic hopes for parliamentary agreement and continuation of a committee method, lacking any specific political principle or policy advocacy.;PES
The ever-increasing worldwide problems with water require a coordinated water management policy from the Member States and the introduction of environmental principles into an integrated management of water resources. Our central aim must be not to deprive future generations of the basics of life which we have received from God. We will prevail in global competition only if we can bring efficient, innovative and intelligent technologies to the market in a transparent manner and without bureaucratic obstacles.;0.7;Calls for a coordinated EU water‑management policy, integration of environmental principles, and removal of bureaucratic obstacles to bring innovative technologies to market—clear endorsement of specific regulatory and governance reforms.;EPP-ED
Residents of Lithuania and the other Baltic countries really thirst for a European electric energy network. By making strict savings in everyday life, when using resources, and by giving up short car journeys, it is possible to save as much as EUR 1 000 a year.;0.5;Advocates the creation of a European electric energy network and personal energy‑saving measures, indicating support for EU energy integration but without a strongly articulated broader ideological framework.;PES
After the success story of the energy and climate change package, under the French Presidency, we must do all we can to reach a satisfactory international agreement in Copenhagen. Even if he is right, our whole plan to fight climate change is a response to the serious economic crisis we are now experiencing.;0.6;Urges the EU to secure an international climate agreement in Copenhagen and frames climate action as a response to the economic crisis, showing a clear stance on international cooperation and climate‑economic policy.;EPP-ED
Combating climate change is not only an obligation so that we can guarantee the future for the generations to come, but it is also an opportunity for reviving the global economy. I urge the importance of energy efficiency to be reflected in both the Community budget and in the financial instruments available.;0.8;Frames climate change mitigation as both an obligation and an economic opportunity, explicitly calling for energy‑efficiency priorities to be reflected in the EU budget and financial instruments—strong, concrete policy advocacy.;PES
As theme leader for the fifth key theme, transport, on the Temporary Committee on Climate Change, I encourage the adoption and simultaneous implementation of a comprehensive package. Eco-innovation is needed in motor vehicle technology to develop alternative fuels for that sector, for intelligent transport solutions and logistics management systems. The ‘polluter pays’ principle must be applied to all vehicles as well as in emissions trading and the incorporation of external costs. We must foster a new transport culture and strive for a much more effective use of the tools currently at our disposal.;0.7;Advocates specific policy measures (polluter‑pays principle, emissions trading, eco‑innovation) for transport, showing a clear environmental regulatory stance.;EPP-ED
Neither the present resolution nor the one of May 2008 can thus, in any way, legitimise the political decisions of the European Commission, as they lack an objective, scientific approach. Only a cohesive model of climate change, which takes into account all variables, such as the impact of greenhouse gases, suspended particles and, above all, solar activity, could provide a justification for these decisions. The Temporary Committee on Climate Change has focused, in a biased manner, on the problem of reducing greenhouse gas emissions, and has only mentioned in passing the fight against the real impact of climate change.;0.4;Criticises EU Commission’s climate decisions and calls for a broader scientific model, indicating opposition to current climate policy but without concrete alternative principles.;PES
According to the study from 2008, the emissions from agriculture and forestry of approximately 8 million tonnes CO equivalent per year compare in total with a binding effect of 58 million tonnes CO or CO equivalents. Energy is another important area in which agriculture contributes to the fight against climate change. For example, agriculture in Austria consumes approximately 2.2% of the energy generated. The proportion of renewable energy is 23%, a large share of which again belongs to agriculture.;0.1;Provides factual data on agricultural emissions and renewable share without advocating any political principle or policy change.;EPP-ED
Our greatest challenge now is to establish the next international climate treaty. The two most awkward issues for the treaty are the emission reduction targets of different countries and how the industrialised countries will contribute to the financing of investments in climate mitigation in the developing countries. In both these matters the EU needs to raise its sights, although in theory we can be proud of the fact that we have always been leading on global climate protection. As for financing climate measures in the developing countries, I regret that in its new communication the Commission still made very general observations and did not propose sufficiently concrete models. In different contexts, including the debate on the climate package, we in Parliament have shown we are prepared to contribute significantly to the effort to reduce emissions in the developing countries. Up till now, the United States has not said anything about how prepared it is to support emission reduction targets in the developing countries.;0.75;Calls for a new international climate treaty, stronger EU financing for developing countries, and concrete models, reflecting a clear pro‑global‑cooperation climate position.;EFA
One of the areas that I think needs to be enhanced is the communication of how farmers and those who use the land can farm in a way that is more ‘climatically friendly’.;0.45;Suggests improved communication to farmers for climate‑friendly practices, a modest policy suggestion but limited ideological depth.;EPP-ED
Neither one country, nor a union can separately and independently handle the challenges of climate change. I appeal for investing in science and designating climate change as an important priority for all EU scientific programmes.;0.65;Argues that climate change requires joint EU action and increased scientific funding, expressing a clear pro‑EU coordination principle.;PES
In striving for these goals it is essential to implement a stable package of transport policy measures, which would include ecological innovations, the taxing of CO emissions, changes in driving and car use habits and other measures. Let me remind you that over a kilometre a train emits on average 3 times less CO than a car and as much as 8 times less than a plane.;0.7;Calls for a stable transport policy package with ecological innovations and CO taxes, indicating a strong environmental regulatory stance.;ALDE
I myself was not at all in favour of setting up this committee because I think that nothing is better at isolating something than creating a new committee. I would just like to remind those Members who were there in 1992 that there was an excellent report on sustainable development.;0.5;Opposes the creation of a new committee on sustainable development, reflecting a position on institutional organization and bureaucratic restraint.;EFA
The solution lies in assuming individual responsibility and not in ever increasing state regulations. There are numerous nonsensical regulations, such as the accounting obligation, prevention of and sanctions on the consumption of meat, calumnies on agriculture and many others.;0.85;Advocates individual responsibility over state regulation, labeling many regulations as nonsensical—an explicit libertarian/deregulation ideology.;EPP-ED
As part of our European mandate, it is our duty to persuade our governments to invest more in innovation and new environment-related technologies.;0.6;Urges governments to invest more in innovation and environmental technologies, showing a clear pro‑public‑investment climate‑technology stance.;EPP-ED
We need ambitious but still feasible targets and we need not be afraid to walk the path of an inevitable industrial revolution.;0.3;"The statement calls for ambitious targets and an industrial revolution but does not specify a concrete political principle or how institutions should be organised; it is a vague endorsement of growth.";PES
It is no exaggeration to say that water will be the most important strategic asset of the 21st century. Europe’s environmental protection policy must therefore be applied more rigorously than it has been until now to protect water tables, prevent water and soil pollution and support appropriate handling of natural and artificial water habitats. In the next parliamentary cycle and the new budget, the European Union must ensure that significant funds are available for flood prevention, protection of water tables, increasing urban bodies of fresh water and waste water treatment programmes. Hungary’s water resources are excellent and Hungarian hydraulic engineers have been doing a wonderful job for nearly 200 years. Therefore, I am certain that our country will play an active and constructive role in drafting a unified European water policy.;0.8;Advocates stronger EU‑wide environmental regulation on water, calls for dedicated EU funding and a unified policy, showing a clear commitment to EU integration and environmental protection.;PES
The European Union is responsible for barely 14% of global emissions, while the USA and the countries of South-East Asia produce nearly 80%. As a result, many industrial sectors which have a high level of energy consumption may be shut down in those countries, entailing a range of negative social repercussions.;0.3;"Notes the EU’s small share of emissions and possible social fallout elsewhere, but does not explicitly advocate a policy position; it is mainly an observation.";UEN
I am convinced that we need these measures, although, compared with many other European countries, Romania’s level of greenhouse gas emissions is low.;0.3;"Expresses personal conviction that measures are needed without detailing which measures or how they should be implemented; the ideological content is weak.";EPP-ED
We are talking in this instance about new, intensive investments in transport infrastructures, renewable energy sources, biotechnologies, waste collection and recycling, nuclear energy and the renovation of residential heating systems.;0.5;Lists sectors for investment (renewables, transport, nuclear, etc.) indicating support for public investment in green infrastructure, but lacks an explicit normative claim about how the EU or state should act.;EPP-ED
These proposals plus the measures already adopted by the EU put us in a strong position to argue for global action on climate change at the Copenhagen summit.;0.6;Frames EU proposals as a basis for arguing for global climate action at Copenhagen, signalling a pro‑EU leadership stance on climate policy.;PES
I agree with Commissioner Dimas that the costs must be covered first of all from carbon dioxide trading, secondly from investments by private companies and thirdly from state incentives. The new logic of economic organisation based on innovations in environmental technology, which has the support of international capital markets, is also a fundamental feature of the US President Barack Obama’s programme. Innovations in green and future industrial technology would boost the effectiveness of the state and economy, heighten the interest of economic players, and increase consumers’ price and cost sensitivity with regard to the products and services being offered.;0.8;Advocates a market‑based financing model for climate action (carbon trading, private investment, state incentives) and aligns with a specific political programme, showing a clear ideological commitment to liberal‑environmental economics.;EPP-ED
However, to be able to implement it at a local, national, regional and global level, we need the support of well-informed citizens. According to a special Eurobarometer survey in spring 2008 on ‘climate change’, approximately 41% of Europeans stated that they were poorly informed about the causes, consequences and ways to combat climate change. In Romania, over 65% of citizens said they had no information about this. In the current economic crisis, the EU must commit itself politically and financially in the key areas of maintaining and developing ‘clean’ technologies for combating climate change, supporting cross-border adaptation measures, boosting energy efficiency and providing assistance in the event of disasters, according to the EU's principle of solidarity. The upshot of all this is the creation of ‘green’ jobs in new, competitive enterprises.;0.8;Calls for EU political and financial commitment, solidarity, and creation of green jobs, explicitly stating how the EU should act on climate change.;PES
Agriculture is one of the areas most vulnerable to climate change because of its dependency on meteorological conditions. Bearing in mind that this sector provides the food resources for the world’s population, sustainable management of soil and water resources, combined with protection of forests and biodiversity, will need to feature on the agenda of the long-term strategy for tackling the effects of global warming.;0.6;Promotes sustainable agricultural management and long‑term climate strategy, reflecting a clear environmental principle though without a specific institutional prescription.;PES
The capital market crisis is not the only pressing problem. As large an economic and political association as the European Union is able to establish itself as the leading partner in the fight against climate change. We should instead increase our investment in, and research into, green technology. In this way, Europe can move forward, not only in the area of the environment, but also in the area of the economy.;0.7;Urges the EU to become the leading partner in climate action and to increase investment in green technology, a strong statement of EU‑centric environmental and economic policy.;EPP-ED
Romania will continue to develop its nuclear programme for generating electricity.;0.7;Explicitly advocates continuing Romania's nuclear electricity programme, a clear stance on energy policy and how the country's power system should be structured.;EPP-ED
It is in Hungary’s interest for EU Member States to coordinate and mutually reinforce their efforts in this regard. Moreover, we need to strive to ensure that that we preserve Europe’s technological edge in environmental protection developments in the 21st century and that we turn this into an economic and social advantage. Given Hungary’s outstanding agricultural assets, serious opportunities may open up in energy generation from biomass or in the reuse of plant and animal by-products, waste products unsuited to other commercial uses, in the form of biogas.;0.8;Calls for EU coordination on environmental technology, promotes biomass/biogas from agriculture, showing a firm position on EU‑wide green energy and technological policy.;PES
The news of his illness has been confirmed by several sources and has been mentioned in the Swedish media today.;0.0;"Only reports a personal illness; contains no political principle or ideological commitment.";NGL
I appeal to this House to support the Governments of Poland and Pakistan in their efforts to secure the release of my countryman.;0.2;Requests support for specific diplomatic actions but does not articulate a broader political principle or stable ideology.;EPP-ED
It is precisely this part, that is, the issue of reducing carbon dioxide emissions, that makes up the most important section of this document.;0.2;"Mentions the importance of CO₂ reduction without endorsing any concrete policy or principle; thus it is a generic statement.";UEN
While low or conservation tillage is an option in most EU states and has economic as well as climate change benefits – and deserves far more support, in my view – the agricultural debate and research concentrate largely on the methane and nitrous oxide contributions of ruminant livestock. Let us not forget that what we do not produce here in Europe we will import. One kilo of beef produced in Brazil results in six times the carbon dioxide emissions of one kilo of beef produced in Ireland.;0.7;Advocates greater support for low‑tillage agriculture and highlights carbon leakage from imported beef, expressing a clear position on climate‑friendly agricultural policy.;EPP-ED
An increase in the price of these fuels, due to greater demand and higher extraction costs, may have a significant, negative impact on the quality of life of our citizens and make the European Union's economy less competitive. I support all technical and scientific activities aimed at reducing the use of fossil fuels.;0.6;Opposes higher fuel prices and supports technical measures to reduce fossil‑fuel use, indicating a stance on energy transition and economic competitiveness.;UEN
The adoption of this report is bad news for EU citizens. The Florenz report asserts that the climate undertakings adopted by the EU in 2007 are insufficient and that they must be increased. As long as the EU is the only part of the world reducing its emissions then the target of reducing global emissions will never be achieved. All we will achieve will be that a large proportion of European businesses will relocate and jobs will be lost.;0.85;Strongly opposes the EU climate report, warns of business relocation and job loss, revealing a clear anti‑regulation, pro‑economic growth ideological position.;EPP-ED
Research has shown that, as societies become wealthier, the demand for water increases. Water shortages will, in a very short space of time, lead to a food crisis. We need a suitable, integrated policy, which will help to preserve and rebuild our water reserves. We need to rationalise water usage.;0.6;Calls for an integrated water policy and rationalisation of usage, presenting a specific policy recommendation on resource management.;EPP-ED
The content of the report is a direct consequence of an ongoing fashionable green ideology stating that we must put nature and the planet first, that we cannot take care of people, their needs and interests. The few amendments to the report calling for further progress on nuclear energy, and supporting headway on nuclear fusion, can hardly mitigate its negative impact on the whole European economy and agriculture. I voted against the report because it is a blueprint for substantial political problems. Instead of bringing forward ideas that nobody is interested in, we should take care of people and their needs.;0.9;Explicitly rejects ‘green ideology’, defends nuclear energy, and prioritises people’s needs over environmental targets, showing a firm, oppositional ideological commitment.;EPP-ED
Migrants will not be entitled to receive any outstanding wages before they are deported, nor will they be allowed to wait for their pay in the European Union.;0.7;Explicitly states that migrants should not receive outstanding wages before deportation, reflecting a clear anti‑immigration policy position.;PES
In addition, this has nothing at all to do with the European Union.;0.1;"Only a generic statement denying EU relevance; no political principle or ideology is expressed.";EPP-ED
The ETS auctions will begin in 2015 and the renewable energy programmes have started. Energy supply must not be a source of political blackmail.;0.5;Advocates that energy supply must not be used as political blackmail, a principle about keeping energy policy free from political coercion.;EPP-ED
Yet, let us remember that 12 times a year we move this House from Brussels to Strasbourg, not to mention the extra buildings that we have in Luxembourg.;0.4;Criticises the EU’s institutional logistics (multiple seats), implying a stance on EU efficiency but without a concrete policy prescription.;EPP-ED
Since 9/11 there has not been one single act of terrorism on the United States mainland.;0.0;"Presents a factual claim about terrorism; no ideological or policy content.";EPP-ED
We devoted three hours of heated debate yesterday to the question of where to put the prisoners and those whose crimes have not been proven.;0.3;"Mentions debate on prison placement; the statement is procedural and does not articulate a clear political principle.";EPP-ED
It is about time we listened to them, just as the European political élite should listen to the voters when, in referendum after referendum, they have rejected the Lisbon Treaty.;0.85;Calls for politicians to heed voters who have repeatedly rejected the Lisbon Treaty, expressing a strong democratic‑sovereignty and Eurosceptic position.;EPP-ED
Today in the EU, the heating of buildings accounts for the highest amount of energy used and the most CO emitted – about 40% of all CO emitted. I believe it is necessary to increase aid from the Structural Funds by up to 15% (currently 3%) for dwelling renovation.;0.8;Proposes a substantial increase in EU Structural Funds for building renovation to cut emissions, a clear policy stance on climate action and EU spending.;ALDE
We believe that the report offers a significant contribution to the debate, which will lead to an effective international agreement on climate change in Copenhagen in 2009. We support in particular the aim of ambitious medium and long-term emission reduction targets, the promotion of renewable energy and increased energy efficiency, and the call for a sustainable approach to forestry, rainforests and deforestation. We also believe that a low-carbon economy will trigger greater innovation, which will create new and competitive businesses and new jobs in the fields of clean technology, renewable energies and green enterprises. However, we cannot support the concept that the European Security Strategy and the European Security and Defence Policy have a role to play in tackling the effects of climate change. We also strongly oppose references to the Lisbon Treaty, in particular those which suggest that the competences of the European Union in the field of climate change are not already sufficient. We believe that the EU has all the powers that it needs to help the peoples of Europe work together to succeed and lead by example on climate change.;0.9;"Strongly supports ambitious EU climate targets, renewable energy, and EU competence while rejecting security‑policy involvement and Lisbon‑Treaty references; a comprehensive pro‑EU climate ideology.";EPP-ED
This report calls on the Commission to monitor closely and analyse the very latest scientific research findings in order to assess in particular whether the EU’s 2ºC target would really achieve the aim of preventing dangerous climate change effects.;0.6;Urges the European Commission to base the 2 °C target assessment on the latest scientific research, advocating evidence‑based climate policy.;EPP-ED
The rights to life, security, health, education and environmental protection are fundamental and it is our duty to safeguard them for the generations to come.;0.1;"Only states generic fundamental rights without prescribing how society or the EU should be organized; no clear political principle.";EPP-ED
This is why the EU needs to join forces with its strategic partners in making every effort to reduce its current dependency on fossil fuels and increase significantly the proportion of renewable energy used. With the appropriate investments, the European economy’s energy efficiency must grow, while polluting greenhouse gases must be cut by more than 25% in the next 12 years. The European Year of Creativity and Innovation can be a major benchmark in this respect, highlighting the fundamental importance of investments in scientific research and new technologies.;0.75;Advocates EU‑wide policy to cut fossil‑fuel dependence, increase renewables and set quantitative emission targets – a clear stance on energy and climate regulation.;EPP-ED
Energy, water, forests, waste and agricultural production are being privatised and concentrated in the hands of a few multinationals, now in the name of the environment. EU agreements with third countries demand the liberalisation of markets and public services in all these sectors.;0.8;Explicitly opposes privatization and market liberalisation of essential services, signalling a firm anti‑market, pro‑public‑sector ideological position.;NGL
I was recently asked at a public meeting in Cheltenham in my constituency what I thought was the most important thing that could be done to combat global warming and climate change. Without a strong powerful EU with competence in Common Foreign and Security Policy I do not believe we will get the US and Japan, China and India, to take the necessary measures.;0.7;Calls for a stronger, more competent EU in foreign and security policy to achieve global climate action, expressing a clear pro‑EU integration stance.;PES
No budgetary figure has been mentioned for the definitive targeted activities and projects, for public infrastructure or innovative industrial policies, for regional development, for aid to local authorities or for research and development.;0.0;"Merely notes the absence of budget figures; contains no ideological claim or policy recommendation.";PES
However, it not clear whether this is mainly or largely due to human activity or if it is mainly or largely part of a natural process. Yet it is precisely this uncertainty that indicates, for example, that we should take the first steps towards slowing down our carbon dioxide emissions into the atmosphere. That explains why, on a previous occasion, I voted in favour of the proposal to reduce these by 20% by 2020. The European Parliament’s Temporary Committee on Climate Change has now submitted a report on how the EU should act in connection with climate change.;0.6;Supports concrete CO₂ reduction targets and cites a vote for climate legislation, indicating a definite pro‑climate‑action position.;DEM
The more than 150 recommendations included in this report cover most of the areas where improvements can be made to achieve the European objective of reducing the rise in temperature to 2ºC. The European Economic Recovery Plan supports the battle against global warming not only by allocating funds for the development of innovative technology, but also by using ways which will boost energy efficiency. Investment in research and innovation will enable the development of clean technologies in response to the challenges posed by climate change. I feel that the measures being proposed are achievable and can be implemented in the medium and long term.;0.5;Describes existing recovery‑plan measures and expresses confidence they are achievable, but does not actively advocate new policy beyond endorsement.;EPP-ED
Today’s report from Mr Florenz is based on scientific principles and maps out the challenges that face our society in various fields like transport, land-use, energy and waste management. The current economic crisis should not be used as an excuse to row back on our climate commitments. Ireland must remain a nuclear-free island.;0.7;Declares that economic crises should not justify rolling back climate commitments and insists Ireland remain nuclear‑free, showing clear policy preferences.;NGL
I give my full backing to the report and I would like to thank you, Mr Florenz, for a detailed report on the European Union’s future policy on climate change. Through cooperation we will perhaps be able to reduce carbon emissions and slow down the process of global warming in Europe and throughout the world. Global climate change is damaging to our environment, to our current way of life and to the opportunities of future generations.;0.3;"Provides generic backing and thanks; lacks specific policy prescription beyond general cooperation.";EPP-ED
In order to achieve these objectives and adapt to climate change, funds amounting to approximately EUR 175 million per annum must be provided at EU level.;0.7;Specifies a required EU funding level for climate adaptation, directly advocating a financial policy measure.;PES
In spite of the efforts of both the Commission and Parliament, this matter continues to spark controversy. With regard to the recommendations to the Commission on establishing a binding 20% target for improving energy efficiency, it seems that the suspicion that expensive, foreign energy technology is being surreptitiously promoted is not unfounded.;0.2;Mentions controversy over an energy‑efficiency target and foreign technology but does not explicitly advocate a policy principle or prescribe how the EU should act.;UEN
Fines should henceforth include costs of returning workers to their country of origin and payment of arrears (salaries, taxes and social security contributions). Other proposed sanctions range from exclusion from public grants to temporary or permanent closure.;0.7;Calls for fines that cover the cost of returning workers and other sanctions, showing a clear stance for strict enforcement against illegal labor and a specific policy prescription.;ALDE
Bearing in mind the demographic profile of the majority of Member States, we need to keep the labour market borders open, but with the proviso that the flow of workers is legal and suited to the Community’s needs.;0.7;Advocates keeping labour‑market borders open only for legal, need‑based migration, expressing a regulated‑openness principle for EU labour mobility.;EPP-ED
We must put a stop to the employment of illegal immigrants, both in order to protect them from exploitation and to prevent the economy of the country in question from being damaged.;0.8;Explicitly demands a stop to the employment of illegal immigrants to protect them and the economy, a strong anti‑illegal‑immigration position with a clear policy directive.;PES
There are in fact between 4.5 and 8 million illegal immigrants in the European Union working in construction, agriculture, hotels and other sectors.;0.1;Provides a statistical estimate of illegal immigrants without endorsing any policy or ideological stance.;ALDE
This ‘sanctions’ directive fits into the EU’s strategy to combat illegal immigration, which includes the ‘blue card’ promoting selective immigration and the ‘return’ directive.;0.5;Describes the sanctions directive as part of the EU’s strategy against illegal immigration, indicating support for that strategy but without a strongly articulated principle.;ALDE
It supports the just demands of immigrants, their legalisation, the abolition of black and undeclared employment, an increase in wages and salaries, equal pay for an equal day's work and the full safeguarding of social and civil rights.;0.9;Strongly supports immigrant legalisation, abolition of undeclared work, higher wages, equal pay and full civil rights – a comprehensive pro‑immigrant, pro‑social‑justice position.;NGL
These technologies can be the driving forces behind greater productivity, growth and cost reductions that make for competitiveness, sustainable development and the improvement of EU citizens’ quality of life. That is why we agree with the proposal to suggest to forthcoming Council presidencies that they make the topic of ICTs and their importance in combating and adapting to climate change one of their priorities.;0.6;Advocates prioritising ICTs for competitiveness, sustainable development and climate adaptation, reflecting a clear policy preference for tech‑driven green growth.;NGL
Failing to undertake such action could lead to a significant increase in energy demand, as soon as within the next few years (around 25% in the space of four years). Efficiency should be increased by around 40% in the field of energy production and by around 10% in the field of energy distribution.;0.5;Calls for substantial increases in energy‑efficiency targets, indicating a clear policy recommendation on climate/energy but with less explicit ideological framing.;UEN
Energy efficiency is an extremely important topic because we are well aware that the natural reserves from which we obtain our energy are dwindling all the time and will run out at some point.;0.2;States the importance of energy efficiency due to dwindling resources, but does not prescribe a specific political principle or institutional change.;EPP-ED
The crisis which has, in recent weeks, affected many Member States, has clearly shown how real the danger of having our gas supplies cut off is, and how ill-prepared we are to deal with the consequences.;0.1;"Describes an energy‑security crisis without recommending any policy or principle; merely states a problem.";EPP-ED
Given the policy of free movement of people within the EU, the actions of one European country may have repercussions for others at a time when we already face complex terrorist problems.;0.3;Mentions free movement of people and possible security repercussions, but does not explicitly advocate or oppose a concrete principle.;ALDE
As we have emphasised previously, we oppose any agreement between countries or between the United States and the European Union on the transfer of prisoners detained in Guantánamo.;0.7;Clearly opposes any agreement on transferring Guantánamo detainees, expressing a stance on sovereignty and prisoner‑transfer policy.;NGL
This is an important step towards a new beginning in US policy. I am sure that all EU Member States will support such US policies and will answer President Obama's appeal for cooperation, or help in solving the question of released prisoners, if he asks for this. However, I voted against the resolution article, which urges Member States, ‘to be ready to accept Guantánamo prisoners’, as I believe this question should be decided independently by each country in the Community.;0.8;Advocates that decisions on Guantánamo prisoners should be made independently by each EU country, a explicit national‑sovereignty position.;ALDE
Rather than this, the resolution calls for a ‘fair trial’ for anyone the USA considers it has evidence against, calling on the Member States of the EU to accept detainees in their prisons, within the framework of the joint fight against terrorism by the EU and the USA.;0.2;"Summarises a resolution calling for fair trials and EU‑US cooperation; the speaker does not express a personal ideological commitment.";NGL
Rather than just cooperating in possibly accepting former Guantánamo inmates – a measure that may be necessary but must take account of a number of limitations – Europe, the United States and the international community must cooperate in seeking a stable and lasting legal solution to the challenge posed by international terrorist combatants.;0.5;Calls for international cooperation and a legal solution to terrorism, a moderate policy principle without detailed ideological framing.;EPP-ED
Yesterday when we were discussing the Guantánamo prison, here in the Chamber, I and several other speakers were interrupted without mercy when we had exceeded our speaking time by a few seconds.;0.0;"Complains about procedural interruption; no political principle or ideological stance is presented.";DEM
If the rapporteur were only to present the initiative report on Monday evening, he would have four minutes.;0.0;"Notes a procedural timing issue for a rapporteur; lacks any political content.";PES
This resolution calls on the Council and the Commission to ensure that joint action is taken in Kosovo, that EULEX acts together with the High Representative of the EU and that synergies are created in the interest of the economic and social life of Kosovo which is in need of improvement. We must call on the government of Kosovo finally to begin the practical implementation of its constitution, which includes the Martti Ahtisaari plan. The government of Kosovo must also push ahead with its decentralisation programme. They must be allowed to take part in the government, in parliamentary work and in civilian life.;0.8;Advocates specific governance reforms for Kosovo – implementation of the constitution, decentralisation, inclusive political participation – indicating a clear structural principle.;EPP-ED
We are grateful to the Czech Presidency and to the Commission for their good cooperation. It is essential that EULEX cooperates well with the parties concerned in Kosovo. It is very important to clarify the division of competences between the Government and the Parliament of Kosovo, on the one hand, and EULEX, on the other. We cannot take responsibility for the development of Kosovo. The presence of EULEX in the north of Kosovo is very important in order to avoid partition of this territory.;0.6;Supports EULEX’s role and clarifies competence division to avoid Kosovo’s partition, expressing a pro‑EU intervention principle.;PES
The EULEX mission, the largest mission under the common European Security and Defence Policy to date, is already underway. It is gratifying that the mission is supported by the UN and that it covers the whole country. With our resolution, we in the European Parliament are supporting Kosovo in this mission. We also point out the areas in which the EU Member States can assist Kosovo. This relates to special aid for establishing the public administration, strengthening civil society and for educational projects. This is not only about Kosovo’s future, but about the future of the entire Balkans region and of Europe as a whole.;0.7;Advocates EU involvement (EULEX) and aid for Kosovo, framing it as essential for Balkan and European future – a clear pro‑EU integration stance.;ALDE
This must have had an impact on relations between Belgrade and Priština, and certainly also on relations between the people of Kosovo and the Serbs living in ethnic Serb enclaves. We have to strictly adhere to these principles and, in this regard, keep a careful eye on our partners in Kosovo.;0.3;Mentions adhering to principles and monitoring partners but does not specify any concrete political principle or policy direction.;UEN
EULEX, the largest European mission to date – as someone already pointed out – was to develop, and be active all over, Kosovo, both north and south of the river Ibar. The Kosovar police are delighted with the excellent cooperation they are enjoying with EULEX. I also sincerely hope that Belgrade realises that its current approach of constructively working with the European Union is far and away more effective than trying to re-write history all the time. Above all, I hope that the Kosovar authorities manage to solve this huge stack of problems that they still face. Kosovo is an independent state and, whether this Parliament likes it or not, there is no going back.;0.8;Strongly supports Kosovo’s independence and constructive EU cooperation, rejecting Serbian revisionism – a clear pro‑independence, pro‑EU position.;EFA
The majority of the Member States, but not all, have recognised Kosovo in contravention of international law. My group insists that all the regulations concerning Kosovo must be in line with international law and must be agreed with all the parties involved, including Serbia. The EU has launched the EULEX mission in Kosovo. The EULEX mission also includes 500 policemen to combat insurrection. For this reason, we are calling for solutions which are in line with international law and a clear vote against the EU EULEX mission.;0.7;Calls for adherence to international law and votes against the EULEX mission, expressing a principled anti‑EULEX, pro‑sovereignty viewpoint.;NGL
The European institutions should not simply shrug their shoulders. Via the EULEX mission, Europe is responsible for the situation on the ground. EULEX should adopt a more assertive stance and should assist the Kosovar authorities wherever it can, whether this is solicited or not. First of all, I urge the Member States that have not yet recognised Kosovo to reconsider their stance. There is no way back for Kosovo within Serbia’s borders. This is Europe’s commitment with regard to the Western Balkans.;0.6;Urges EU members to recognize Kosovo and pushes for a more assertive EULEX role, reflecting a pro‑Kosovo, pro‑EU integration commitment.;DEM
We support the reform programme in Serbia and we respect, of course, the tiny minority of EU Member States which have not recognised Kosovo under international law. The Commission has also declared itself in favour, together with 23 out of 27 Member States, all the G7 countries, four of the six former Yugoslavian republics and three of Kosovo's four neighbouring countries. Until now the former Yugoslavia has been divided along the borders of the old republics or along the old internal borders of the autonomous regions. If the map is to be redrawn, for example in Mitrovica, the result would be that, for example, the Albanians in the Preševo valley in Serbia, the people in Sandžak of Novi Pazar and others would begin to question where the borders should lie. The Serbs in Kosovo should take this opportunity and make use of this minority protection. The other danger which threatens Kosovo is that of chaos and corruption.;0.6;Defends EULEX as necessary and links regional integration to Kosovo’s peaceful development – a clear pro‑EU integration stance with minority‑rights nuance.;EPP-ED
He exists, but he is not recognised by everyone as a rapporteur, although, in fact, he is one. We must acknowledge that this has been a painful situation for Serbia. I am very pleased that the leaders of Serbia, despite their many harsh words at the beginning, have attempted to legalise and neutralise the situation in order to give the EULEX mission a chance. I would ask everyone who is opposed to the EULEX mission what situation the Serbian and other minorities in the country would be in if the EULEX mission did not exist? It is nonsensical from the standpoint of the Serbian minority or of Serbia to condemn the EULEX mission. I believe that the fact that someone here in Parliament who supports Serbia has condemned the EULEX mission is simply grotesque. However, the more progress which Serbia and Macedonia make in the integration process, the sooner we will be able to resolve the Kosovo question and the other related open questions. Only the integration of all the countries in the region will create the conditions needed by Kosovo for peaceful development.;0.7;Celebrates Kosovo’s independence and EULEX’s success, endorsing continued EU involvement – a definitive pro‑independence, pro‑EU position.;PES
We should, first of all, rejoice at the fact that the first year of Kosovo’s independence turned out quite well in the end, and better than many had feared. I should also like to express my delight and satisfaction at the fact that the EULEX mission finally got fully underway, thanks to the good will of many and the skill within the UN Security Council. A great deal will depend on the success of this EULEX mission, because Kosovo was a protectorate for ten years prior to its independence.;0.6;References UN Resolution 1244 and the Serbian community’s plight, implying support for the UN‑based legal framework – a principled anti‑recognition stance.;ALDE
I would like to remind you that the United Nations did not recognise the decision taken by the Kosovar Albanians. UN Security Council Resolution 1244 remains in force. I would like to draw your attention to the dramatic situation still facing the Serbian community in the self-proclaimed Republic of Kosovo.;0.7;Criticises EULEX as colonial, stresses self‑determination and broader participation, showing a clear anti‑EU‑intervention, pro‑self‑determination ideology.;UEN
Since Kosovo announced its independence nearly a year ago, the European Union has been hopelessly divided on this. Greece is undecided, while Spain, Romania, Slovakia and Cyprus reject this independence for domestic reasons. The joint EULEX project with which the European Union is hoping to gain influence within Kosovo seems more like an instrument to conceal this internal division than anything else. EULEX might be beneficial to the European Union, but could this also be said of Kosovo? The people of Kosovo are keen to join the European Union soon and become an equal Member State. After nearly a century of subjugation by Serbia, they certainly do not want any new interference from outside. A project such as EULEX could perhaps have been useful for a short while, in the first few months of 2008, in order to avoid any chaos. EULEX’s late arrival now very much creates the impression that the European Union would like to turn Kosovo into a protectorate, with a military presence and administrative influence, as was previously the case in Bosnia-Herzegovina, where this policy had little success. To secure a peaceful and harmonious future for Kosovo, it is necessary to involve not only the present government and the governing parties. Important forces are the movement for self-determination Vetëvendosje in the south, who consider the EU’s initiative to be pointless colonialism, and the representatives of the Serbs in the municipalities north of the river Ibar, who do everything they can to maintain a permanent link with Serbia.;0.3;"Mentions division within the EU and general observations without a concrete policy prescription; ideological content is vague.";NGL
Today, the European EULEX mission, in association with US experts, hopes that Kosovo can become a state based on the rule of law. In the meantime, we ask this mission to ensure that the national Serbian minority is respected and valued on the land of their ancestors. This seems to us to be a good beginning for the re-establishment of the rule of law.;0.7;Advocates the principle of rule of law and respect for the Serbian minority in Kosovo, explicitly stating how the society should be structured.;DEM
I followed the troubles in Kosovo at close quarters at the end of the 1980s. I saw Slovenia and Croatia become independent states and experience war at the beginning of the 1990s. I know that it is extremely easy to start a war, but I also know that it is a lot harder to establish peace and restore people’s trust in one another. Kosovo is currently in a situation that will be decisive for the future generations of that region precisely with regard to this matter of restoring trust between different ethnic groups. I am pleased that Mr Lagendijk has been so clear in his resolution about the fact that we should put discussions about Kosovo’s independence and the conflicts surrounding that behind us. Our time and energy should now be put into discussions on how we are to strengthen the equal rights of all people to live in peace, to work to create a better future for Kosovo. We need to concentrate on the effective protection of minorities and on improving the economic situation and combating the widespread corruption and organised crime. Everyone in Kosovo should make it a personal task to help to stop the violence between ethnic groups. Some of the Members of this Parliament regret the EU’s presence and involvement in Kosovo, but those of us who experienced the wars in the Balkans regret the fact that the EU did not involve itself both more clearly and more extensively. There is an enormous amount of work still to be done and it will take time, but ultimately it is about restoring trust between people so that subsequent generations will have the chance to be educated and to live and work together, in peace, with respect for each other’s differences.;0.8;Calls for peace, equal rights, minority protection, anti‑corruption and stronger EU involvement – clear political principles about governance and integration.;EPP-ED
Despite a difficult domestic situation the Serbian Government has adopted a very constructive and responsible approach to the deployment of the EULEX mission in Kosovo. In an agreement with the UN it has also facilitated the appointment of a senior police official of Serbian nationality to the police force in Kosovo. I firmly believe that this is the way to achieve the gradual inclusion of Kosovo Serbs and also other minorities in the political, economic and social life of Kosovo. In this context I would also like to invite the High Representative of the European Union to ensure that the Kosovo authorities devote sufficient attention to multilateral development in the Mitrovica area.;0.7;Supports inclusion of Kosovo Serbs, multilateral development and EULEX’s role, expressing a stable commitment to minority integration and EU cooperation.;PES
I thank him particularly for accepting paragraph 26, to which I wish to draw the Minister’s and the Commission’s attention.;0.1;"Only thanks for a procedural point; no explicit political principle or ideological stance is expressed.";ALDE
Kosovo’s successes over the past year have reinforced our hopes that multiethnic and multicultural coexistence is possible in Kosovo. The European aspirations of not only Kosovo, but also of the entire Western Balkans, can only become a reality if this prerequisite is met. I welcome, in particular, the fact that the efforts of EULEX are also helping the situation in Kosovo to normalise. I welcome the recent establishment of Kosovan security forces and the participation of a section of the Serbian community in Kosovo’s police force. We need to support projects which strengthen interethnic coexistence and cooperation.;0.7;Promotes multi‑ethnic coexistence and EU‑driven normalization, linking Kosovo’s future to European aspirations.;EPP-ED
Indeed, all along we have argued that a resolved Kosovo helps Serbia’s EU aspirations, and today we repeat that we want them to succeed. Yesterday, the EU Justice Mission opened its first war crimes trial in Kosovo. Today, Her Royal Highness Princess Anne of Britain is visiting a school for disabled children in Gjilan, Kosovo.;0.5;Mentions Serbia’s EU aspirations and a war‑crimes trial, showing a general supportive stance toward EU integration but without a distinct policy prescription.;PES
Corruption and crime undermine the state. A second responsibility lies, to my mind, with the neighbouring countries, particularly the Serb authorities. A constructive dialogue and regional cooperation are in everybody’s interest in that region.;0.5;Condemns corruption and calls for regional dialogue, reflecting a stance on good governance and cooperation, though without detailed policy detail.;EPP-ED
A declaration of self-determination does not lead to independence if the state in question is not recognised by those from which it wants to self-determine. Moreover, a state is not independent if it is not able to offer to all communities living on its territory a fair prospect of organic integration into a civic and multicultural society, and if it is not self-sustainable and self-governable. To this end, the European Union and the permanent members of the United Nations Security Council must convene an international conference which should find a sustainable solution for democratic security, geo-strategic equilibrium and social economic stability in the Western Balkans. Within this framework Kosovo should be put back on the track of international legality, and the region should receive a clear road map for its EU integration. Therefore, Romanian Social Democrats will be obliged to vote against this report.;0.9;Calls for an international conference, EU integration roadmap, and votes against a report, displaying a strong, explicit foreign‑policy and integration position.;PES
There are five EU Member States which have not recognised the act of unilateral independence declared by Kosovo. Stability in the Western Balkans, the region with the most chance of joining the EU in the near future, is essential. This is why the EU must play the main role in managing the delicate situation in the area. The financial instruments which the EU has, in particular the pre-accession assistance instrument, must be used to facilitate social and economic development, increase transparency and promote reconciliation between ethnic communities. Kosovo must not be isolated from the European processes in any way. We need to apply the same standards in every region. Whatever is being asked of other countries in the region must also be applied to Serbia and Kosovo. The European Union must insist on a resumption of dialogue between Priština and Belgrade. I feel that the resolution as it currently stands does not reflect the whole gamut of positions on Kosovo from the European Union’s 27 Member States. This is why the Romanian delegation from the PPE-DE Group, apart from the MEPs of Hungarian origin, is going to vote against this resolution.;0.9;Advocates a leading EU role, pre‑accession assistance, equal standards, and dialogue, with explicit voting intent – a clear, strong ideological commitment to EU integration and rule‑based governance.;EPP-ED
Instead of granting autonomy to Kosovo, it has had to accept Kosovo’s independence. Kosovo stands as a warning to EU Member States as well. Every Member State must ensure that the traditional ethnic minorities within its territory can live in security and feel at home. I hope that I was able to ascertain as well that the cultural and territorial autonomy of the Serb minority is being recognised within Kosovo’s territory. The Kosovo Albanians were given the opportunity for a European-style solution. EU Member States can also make efforts to grant cultural or territorial autonomy to the ethnic minorities living within their territories. It would be embarrassing if certain EU Member States were to lag behind Kosovo and Serbia in this respect.;0.8;Pushes for cultural/territorial autonomy for minorities and EU‑style solutions, linking minority rights to broader European norms.;EPP-ED
I expected this report to tell us that the model which the EU intends to build in Kosovo, with European taxpayers’ money, as it happens, is truly multiethnic, multicultural and multi-denominational, and not based on segregation. In our discussions with MPs from Kosovo, they told us that this kind of model cannot be implemented for the time being.;0.6;Advocates a multi‑ethnic, multicultural EU model for Kosovo and opposes segregation, expressing a clear stance on minority integration and EU‑funded state‑building.;PES
I would like to ask the Commission to bring its influence to bear to ensure that the CEFTA agreement is actually implemented by all the signatory States.;0.6;Calls on the European Commission to enforce the CEFTA trade agreement across all signatories, reflecting a firm position on regional economic integration.;EFA
I would like to highlight that the 1 900-strong international contingent includes 200 military and ordinary police from Romania. Romania is therefore participating in EULEX because it is Bucharest's duty to support its partners in the European Union, even though it does not always agree with the decisions made by a majority of them. A negotiated solution between Belgrade and Priština, possibly of a confederative nature, would have been preferable to the current situation. However, in the given circumstances, what is important is that the European Union successfully completes the mission. Kosovo must not become a European Union protectorate, but needs help to run its own affairs. This aspect is important for both Kosovo and the European Union, especially in the current economic crisis and with the limited resources we have.;0.8;Insists that Kosovo should not become an EU protectorate but retain self‑governance, supporting limited EU intervention and respect for sovereignty amid economic constraints.;EPP-ED
Romania is right when it expresses the view that the legal basis for Kosovo’s unilateral declaration of independence is highly dubious as, under international law, minorities do not have collective rights and do not enjoy the right to self-determination and secession either. Kosovo’s secession and its recognition as a state by other countries have set a dangerous precedent, which has been followed, just a few months later, by Russia’s unilateral recognition of the independence of the separatist regions of South Ossetia and Abkhazia. In both these cases, President Putin clearly referred to the Kosovo model. Separatist movements in regions such as Kashmir, Nagorno-Karabah, Transnistria, Crimea, Northern Cyprus and so on have immediately stated that these regions are just as entitled to independence as Kosovo. I feel that in the future the European Union and its Member States will have to consistently support the principle of territorial integrity for all states and actively discourage separatist tendencies. The European Union must make special efforts to maintain stability in the entire region of the Western Balkans and give substance to their European perspectives.;0.9;Strongly defends the principle of territorial integrity, condemns Kosovo’s secession as a dangerous precedent, and urges the EU to consistently oppose separatist movements.;EPP-ED
Even if a majority of Member States are in favour of its independence or have recognised its independence there are five Member States which have not done so – not to mention the UN Security Council. If we want the resolution to influence the foreign policy of the European Union then it must have a unifying effect. If we show that our common foreign policy has been forced through by majority, whether in the Council or in the European Parliament, then it will be counterproductive for the unity of the Union.;0.5;Emphasises the need for a unified EU foreign‑policy decision on Kosovo’s status, highlighting the value of Union cohesion over majority‑driven outcomes.;PES
Kosovo’s declaration of independence has also exposed a schism amongst Member States. There is no way Kosovo can be part of the European Union or the United Nations while some Member States do not recognise its sovereignty. The precedent of Kosovo also provoked Russia’s indignation and recognition of the Georgian regions of Abkhazia and South Ossetia as states last summer. We need to see real reform in Kosovo, genuine efforts to combat organised crime and people-trafficking, and proper protection and equality for minorities, such as the Serbs. The Commission and the Council must remain vigilant and insistent on tangible progress.;0.6;Demands concrete reforms in Kosovo, a fight against organized crime and trafficking, and protection of minority rights, showing clear policy preferences.;EPP-ED
We have established that in Kosovo – the third state that receives the most aid from the European Union – there are extremely worrying cases of corruption with grave consequences for the certainty of our budget and the financial interests of the Community. We await an explanation. There is currently no one representing our interests on this matter.;0.3;Points out corruption in EU aid to Kosovo and calls for accountability, but lacks a broader ideological principle beyond fiscal oversight.;EPP-ED
The vote will take place on Thursday, 5 February 2009.;0.0;Provides only a factual statement about a voting date, with no political principle or ideological content.;ALDE
What are our fellow citizens expecting today? The car industry, as you said, employs 12 million people in the European Union and is equal to 10% of GDP. If I did not fear being politically incorrect, I would add that the requirements placed on the car industry and the encouragement not to use vehicles are also contributing to this situation. It is essential, in the first instance, that the banking system lends normally to the car industry, that is to say at normal rates and conditions and at volumes corresponding to the needs of that industry. We must enter tomorrow’s world and speed up the necessary developments with regard to the protection of the environment and the requirements of sustainable development in particular.;0.5;Advocates for favorable banking conditions for the car industry while also stressing environmental sustainability, indicating a mixed economic‑environmental policy stance.;EPP-ED
I have seen one estimate saying that 2 million jobs could potentially be lost in the course of the year in the car industry as a whole, the majority of which would be in the parts sector.;0.2;Mentions a projected job loss in the car sector without offering policy recommendations or ideological judgment.;PES
In my view, the appalling drop in the latest registrations – in some Member States this month they are down 33%, or 20%, and so on – shows that the crisis is not in a technologically obsolete sector, nor is it an internal crisis caused by managerial errors in this or that company. It is a systemic crisis, and as such must be tackled urgently and decisively by the European institutions. However, while this consumption support measure is implemented, which is a medium-term measure, I think we have to say that we need immediate credit support to recommence production, pay for materials and retain employees despite the fall in orders and demand.;0.7;Advocates immediate EU‑level credit support and decisive intervention by European institutions to rescue the car industry, reflecting a clear stance on market regulation and supranational economic policy.;ALDE
I have no doubt that the financial crisis will give rise to significant corrections in the future structure of the car market.;0.1;Only predicts structural changes in the car market without endorsing any political principle or policy direction.;UEN
We would be making a big mistake if, with our economic measures, we were to pursue goals relating to climate protection and energy security as unambitious as those we have laid down in the regulation of CO for cars. It is my belief that we really must aim to make it clear to the carmakers that the future of cars lies in small, efficient and climate-friendly models and that every effort must be made, in connection with incentive measures, to promote such models. However, this is only possible in conjunction with a coordinated plan involving energy policy.;0.8;Calls for climate‑friendly, small efficient cars and coordinated energy policy, showing a strong commitment to environmental regulation and market transformation.;EFA
Labour must then be restored to its central place in Europe, to play its due role as the founder of democracy.;0.75;Calls for labour to be restored to a central role in Europe as the foundation of democracy, expressing a clear pro‑labour, democratic principle.;NGL
What are we going to do when the Americans, as the dollar is falling, sell their gas-guzzling, subsidised and highly promoted 4x4s on our market, which is also under siege from bottom-of-the-range vehicles from Turkey, India and China? We must re-establish the common external tariffs abolished by the Maastricht Agreements. However, as you know, Protocol 27 and Article 63 of the Treaty of Lisbon strictly prohibit any customs protection of the European market.;0.8;Advocates re‑establishing common external tariffs (protective customs measures) despite EU treaty constraints, indicating a clear protectionist stance on trade policy.;DEM
Of course, we live in the real world, however, and following a 5% fall in vehicle production over the last year, the industry is expecting a further 15% fall in 2009. That is the biggest fall in the European Union since 1993 and will mean 3.8 million fewer vehicles than in 2007. It is important to realise that for every job that is held in the motor industry itself there are another five in associated areas and industries that depend on it. That means that the financial crisis, clearly, has a particularly heavy impact on the automotive sector, as it affects both the manufacturers themselves and their customers. The point has been made that the motor industry has access to EUR 9 billion from the European Investment Bank. However, both manufacturers and suppliers do need further credit in order to finance their businesses and so, too, do customers if they are to finance the purchase of cars. We therefore need to put our foot on the accelerator in order to shore up demand, as European passenger car registrations fell by 19% in quarter 4 of 2008, while those for commercial vehicles fell by 24%. These losses – especially in the light of the 2 million stockpiled vehicles – are based on significant falls in the book value of leasing vehicles which then lead to problems in this respect, too.;0.65;Emphasises the need for additional credit and EU‑backed financing to sustain the automotive sector, reflecting support for state‑driven economic assistance.;EPP-ED
Nissan’s Sunderland plant is widely acknowledged as the most productive in Europe. It needs to be urgently simplified and mobilised on a massive scale as part of a coordinated European response to the crisis in the car industry.;0.6;Urges a coordinated European response to simplify and mobilise production, signalling a preference for EU‑wide intervention in the industry.;PES
The crisis in the car industry is not a purely economic crisis. If we are now to make billions of taxpayers’ money available, the terms must be clear. In Germany, if the CEO of Deutsche Bank, Josef Ackermann, decides to scrap his nine year-old third, fourth or fifth car and buy a new Porsche Cayenne, he will receive EUR 4 000.;0.4;Criticises the use of taxpayers’ money for luxury purchases, reflecting a fiscal‑responsibility stance but without a broader policy framework.;EFA
The EU has for a long time required a one-sided flexibility from workers. The lack of flexibility and new thinking has, after all, contributed to the crisis we are seeing in the car industry and in other industries.;0.5;Blames lack of worker flexibility for the crisis, implying a position on labour‑market reforms, though the statement is relatively vague.;NGL
One of the statistics from our summit – from Professor David Bailey in our Birmingham Business School – estimates that 300 000 consumers in the United Kingdom were refused a car credit application over the last six months.;0.1;Provides a statistic about credit refusals without linking it to any political principle or policy proposal.;EPP-ED
This concerns not only the large car firms, but also all businesses associated with the car industry. I therefore believe that swift, assured and realistic intervention is needed, and I know that Mr Verheugen will be attentive and sympathetic. We must act immediately to review the criteria of the European Globalisation Adjustment Fund to be used to support European workers, and I believe that more funding is needed, from ...;0.85;Advocates EU‑wide, swift intervention and increased funding of the European Globalisation Adjustment Fund to protect workers – a clear stance on social protection and redistribution at the EU level.;PES
Every Member State is doing its own thing and launching national support measures. There are Member States – as you know better than we do – that promise cheap loans for car manufacturers, provided that these car manufacturers buy parts from local suppliers in that country.;0.4;Criticises fragmented national support measures and implies a preference for coordinated policy, but does not explicitly state a concrete principle or preferred structure.;EPP-ED
Therefore, I would like to put forward four proposals.;0.1;Only announces forthcoming proposals without presenting any ideological content or political principle.;PES
In Romania, for example, there are more than 400 companies involved in producing car components, which achieved a total turnover in 2008 of EUR 8 billion. Bearing in mind the large number of employees within these companies, I feel that car component and tyre manufacturers must be included in any future solution for providing economic support during this crisis.;0.7;Calls for inclusion of car component manufacturers in future economic support programmes, signalling a clear position on EU‑level economic assistance and sectoral solidarity.;EPP-ED
I believe that this would represent an economic programme through which the Council could show, as one – as this would have to be decided unanimously – how consumption-based vehicle taxes could be brought on-line. In such an event, would the Commission act harmoniously to find a European solution for General Motors’ subsidiaries?;0.75;Calls for consumption‑based vehicle taxes and unanimous Council decisions, advocating harmonised EU fiscal policy and coordinated action for GM subsidiaries.;PES
The German Government, in addition to supporting German manufacturers, has decided to assist vehicle users. Anyone who decides to send their old car to the scrap yard will receive EUR 2500. Without calling into question the principles behind the action taken to aid the car manufacturing industry in Europe, I would like to once again remind you of how painfully unfair the European Commission’s decision, namely that State aid given by the Polish Government to Polish shipyards must be repaid, was. As a result of this decision, around 50 000 jobs are now being cut in the Polish ship-building sector itself, while over ten thousand jobs will be lost in related industries in the future.;0.8;Opposes the European Commission’s state‑aid ruling on Polish shipyards, labeling it unfair and highlighting job losses – a strong stance on state aid rules and national economic sovereignty.;UEN
The protective measures proposed by some states are no way to tackle the current crisis. Through funding research and development, through supporting investment...;0.7;Rejects protective national measures and promotes EU‑funded research, development and investment, expressing a clear preference for coordinated economic policy over isolated national actions.;EPP-ED
Above all, Commissioner, thank you for saying that we should allow our manufacturers to be more flexible through less regulation, less law and less exorbitant bureaucracy.;0.85;Explicitly supports deregulation – less law, less bureaucracy – to give manufacturers flexibility, a clear ideological commitment to market liberalisation.;EPP-ED
This procedure was introduced in order to invigorate our debates, to generate dialogue with the Commission and to strengthen the debating culture.;0.2;"Speaks only about procedural improvements to debate and dialogue; lacks a substantive political principle or policy prescription.";EPP-ED
The Government of Malta is claiming that reimbursement will amount to millions of Euros. This is such a serious blunder that if it happened in any other member state of the EU, the Government would have been forced to resign. In Malta the Government has not even had the decency to accept responsibility and apologize to the thousands of Maltese and Gozitans who have been affected.;0.3;Calls for government accountability and apology in Malta, indicating a weak normative stance on political responsibility but without a broader ideological framework.;PES
It accounts for 3% of the EU’s GDP and generates a commercial surplus of EUR 35 billion. One job in a car company is linked to another four jobs at suppliers and another five in related sectors and sales. It is therefore clear that the health of this sector of the European economy is vital to the EU economy as a whole.;0.1;"The statement only describes the economic importance of a sector for the EU; it does not advocate any political principle or policy change.";EPP-ED
However, we are waiting with a great deal of interest for legally binding proposals. However, I consider it extremely important that it should be clear how European citizens on the scene of a crisis are to be informed as to who is the Lead State.;0.6;Calls for legally binding proposals and clear information to citizens in crises, indicating support for rule‑of‑law, transparency and structured EU crisis management.;EPP-ED
Member States have a duty to put an end to this situation. It is necessary to make guidelines binding and to make information available to citizens. The Union must start negotiations with third countries in order to ensure the necessary diplomatic protection.;0.7;Advocates that Member States have a duty, that guidelines be binding, information be available, and the Union negotiate for diplomatic protection—clear stance on governance and external policy.;PES
Outside the Union, we are just 27 States, 27 administrations, 27 flags and 27 consular systems, or in some cases, not even that. As Europeans, they do not exist outside the European Union.;0.3;"Criticises the EU’s fragmented external representation but does not explicitly propose a principle; only a weak ideological signal.";ALDE
During the Slovenian Presidency of the European Union, France represented the European Union in many countries, such as Asia, Africa and Latin America, as Slovenia had no embassies in those places. I am curious as to whether Slovenian citizens, as well as those living in the smaller Member States, would now receive suitable assistance if they applied to the French consulates in those countries.;0.5;Raises concern about whether citizens of smaller Member States would receive adequate consular assistance, implying a position on equal treatment within the EU.;UEN
Of course, there needs to be a criterion as to when and how other consular services should become involved, and these break down basically into three. The third puts forward a requirement for that citizen to provide proof of his or her nationality, either by means of passport, identity card or other document, for the diplomatic or consular representation to be provided.;0.2;"Describes procedural criteria for consular services without advocating any change or principle; merely informational.";EPP-ED
The problem is in the very wording, in the fundamentals of Article 20 itself. You cannot go to countries such as India or to Latin American countries – there are many other countries where a presence is required in such a critical place as Mumbai – and then have only a small number of staff and inadequate security structures. That is why it is important that the Council and the Commission undertake a careful analysis of this issue.;0.5;Calls for careful analysis of staffing and security under Article 20, indicating a policy position on EU external representation and safety.;PES
We cannot even actually agree on what Article 20 means. We will surely not make progress, unless it is legally confirmed that it is a right with binding EU decisions and common standards and the right to challenge a refusal of protection in the courts.;0.8;Strongly demands legally binding rights, common standards and the ability to challenge refusals in court—clear commitment to rule‑of‑law and supranational authority.;ALDE
I wonder whether the Presidency and the Council understand the worthlessness of this document in Member States. I know of another Member – a British Member – who had difficulty in Dublin. We really need to bring home to our own Member States that this is a travel document of Parliament, the Commission and of the Union and should be fully respected. I would ask you to take that up with each of the Member States and ensure that it is implemented, because that sort of protection should extend to officials and to Members of Parliament travelling on the business of Parliament.;0.6;Advocates that the parliamentary travel document be fully respected and protected across Member States, supporting institutional rights within the Union.;EPP-ED
I would just say from experience that, without going into stories, I would like to see more coordination, more help between embassies in the bigger countries where they do have embassies and consuls in almost every country, so as to help all other Member State embassies with their constituents.;0.5;Urges greater coordination between embassies to assist constituents, reflecting a stance on improved consular cooperation and citizen assistance.;DEM
In practice, this means that, while staying in a third country where the Member State of which he is a citizen has no representation, all EU citizens have the right to diplomatic and consular protection from any of the other Member States, according to the same principles as the citizens of that country. Unfortunately, the critical situation in Mumbai following the bombings last year revealed the shortcomings of many diplomatic offices, in terms of the practical application of Community decisions concerning the security of EU citizens. The Member States should do all that they can to ensure that it is properly implemented, and guarantee equal treatment and care to all EU citizens.;0.75;Advocates that EU Member States must ensure proper diplomatic protection and equal treatment for all EU citizens, expressing a clear principle about citizens' rights and EU integration.;PES
The conduct of the diplomats of some Member States in Mumbai did not only violate the rights of the EU citizens, but also pointed out deficiencies in the EU integration process. Therefore, it is crucially important for the EU to investigate this particular case and take action to ensure that such a situation does not occur again. I would appreciate it, if the Council and the Commission could assure that the implementation of Article 20 of the Treaty is closely monitored and that every deviation is investigated thoroughly.;0.8;Calls for EU investigation and monitoring of Article 20 to address deficiencies in the EU integration process, explicitly supporting stronger EU oversight and citizen protection.;ALDE
I was concerned, though, that the consultation period for that finished at the end of August, just before the real financial crisis hit.;0.1;"Only remarks on timing of a consultation period; no political principle or policy stance is expressed.";EPP-ED
This plan is providing a sum of EUR 30 billion for small- and medium-sized enterprises.;0.1;States a funding amount for SMEs without advocating any ideological position or principle.;PES
Does the Council Presidency have any information that the BRIC countries, as a result of the commitments made in Washington, may be disposed to adopt a more active role and contribute to the successful outcome of the Doha Round?;0.1;"Poses a factual question about BRIC countries and Doha Round; lacks any expressed political principle.";PES
In November the Commission proposed a revision of the directive on the energy efficiency of buildings.;0.1;"Mentions a Commission proposal without endorsing or opposing the policy; no clear ideological commitment.";PES
What can the Council do to implement this solution? Can the Council inspire the European Technology Institute in Budapest to address itself to the problem of the energy efficiency of buildings?;0.3;Asks what the Council can do to promote energy‑efficiency of buildings, hinting at support for regulation but remains a vague request without a strong stated principle.;EPP-ED
I refer specifically to discussions with partners to the east over strategic energy corridors which could serve to guarantee the EU's energy security and economic competitiveness into the future.;0.6;Advocates strategic energy corridors to guarantee EU energy security and competitiveness, clearly expressing a policy priority for EU energy strategy.;PES
We all agree they need all the help they can get: nicotine replacement therapies etc.;0.1;"Expresses generic agreement about needing nicotine replacement therapies; no political principle is articulated.";EPP-ED
The next item is the Commission statement on the dramatic consequences of the ‘Klaus’ storm in Southern Europe.;0.1;"Simply notes a commission statement on a storm; contains no ideological content or policy stance.";EFA
In November 1999, I took the floor in this very Chamber following the storm which had raged in south-west France, to call for European solidarity when wide-scale natural disasters lay waste to our countries. Ten years ago I was told that there was no European fund to help our fellow citizens in such times of need.;0.8;Explicitly calls for European solidarity and a EU fund to aid disaster‑stricken countries, a clear stance on EU‑level collective action.;EPP-ED
It is an understatement to say that Europe was not prepared to endure such a tragedy again, so soon. On 24 and 25 January this year, storm Klaus, which hit southern Europe, killed 11 people in France, 14 in Spain and three in Italy. I therefore hope, although you have just said so, that the Commission will take this message on board and mobilise all means necessary to respond to this urgent situation, in particular through the EU Solidarity Fund and the Civil Protection Financial Instrument. Lastly, in conclusion, I would like to remind you that, as with the fires in Greece in 2007, this violent storm has demonstrated the need for a civil protection force that can be mobilised in all crisis areas.;0.85;Advocates that the European Commission should mobilise the EU Solidarity Fund and a civil‑protection force, directly endorsing EU institutional response.;PES
I remember in the Committee on Budgets, when we discussed funds, precisely for the climate, we were talking about a few tens of millions of euros. This storm alone has cost EUR 1.4 billion. How much will we have to pay in insurance bills before we realise that protection of the environment and the climate is not a burden, but an investment in the future? But we already said that, as I recall, here in this Chamber following the AZF factory explosion in my city, in 2001.;0.75;Frames climate protection as an investment and links disaster costs to the need for environmental policy, expressing a pro‑climate, EU‑action principle.;EFA
Apart from lamenting the loss of so many irreplaceable human lives and expressing our solidarity with the families in their grief, the European Union must act, as it has on other occasions, by mobilising either the Solidarity Fund or another more appropriate fund, to repair the material damage caused by this natural disaster.;0.8;States that the EU must act by using the Solidarity Fund to repair damage, a direct endorsement of EU disaster‑relief mechanisms.;PES
There are victims in France and Spain and this evening we think of them and their families. 200 000 hectares of forest have been destroyed in the south west of France. In fact, this storm has ravaged 60% of the Landes forest. Many roads are still impassable due to obstacles such as fallen trees, power lines, floods or landslips. The Commission has already announced a Communication on adapting to climate change.;0.4;"Mainly descriptive; only mentions a Commission communication on climate adaptation without a clear policy demand.";ALDE
This is the third catastrophic storm in 20 years. The reason I remember it is that I live in Gironde, very close to the Gironde forests. Finally, I would like the European Union Solidarity Fund to be mobilised.;0.7;Simple but explicit request for mobilisation of the European Union Solidarity Fund, showing support for EU‑wide aid.;PES
The storm caused injuries and badly damaged homes, infrastructure, farms, businesses, industrial plant, sports facilities as well as public and municipal buildings. As we know and as has been mentioned here, on 26 January the two worst affected Member States, France and Spain, requested European aid for the damage caused by the storm.;0.75;Proposes creating a hardship fund within the CAP, advocating specific EU agricultural policy reforms.;PES
Perhaps we need to look at funding under rural development or the common agricultural policy and establish a hardship fund to look after cases like this which are there and which need assistance.;0.3;"Describes personal involvement in a Commission‑funded project; lacks a clear policy advocacy or ideological claim.";EPP-ED
Almost all of the people who died were either disabled or elderly and in nursing homes or residential care, or in respite while their families were on holiday. I have spoken to many people in France about this incident, as I am involved in the Commission-funded project on rescuing people with disabilities in disasters.;0.5;Notes the usefulness of the Solidarity Fund and cites a past payment, providing some endorsement but limited explicit advocacy.;DEM
In Slovakia, we watched our television screens with feelings of profound sympathy as the terrible tragedy unfolded in the village of Sant Boi de Llobregat where four children lost their lives after the roof was blown off a sports hall. The Solidarity Fund is a useful instrument. Following the November 2004 storm which destroyed 2.5 million cubic metres of timber, Slovakia received EUR 5,667,578 from this fund.;0.5;References the Solidarity Fund as a useful instrument and reports past aid, showing moderate support for EU aid mechanisms.;EPP-ED
I think we need to look again at regulation. The difficulty is that, back in 1999, when we discovered a problem in Belgium, we thought then that we had tightened up our rules sufficiently so that there would not be another incident. That is why I think that tonight’s debate is not just about Ireland. In my view, it is clear from your statement that this problem that occurred in Ireland has the potential to happen in other Member States.;0.7;Advocates revisiting and strengthening EU regulation to prevent similar incidents, showing a clear stance on market regulation and EU oversight.;EPP-ED
Indeed, unfortunately, Ireland was one of those Member States which had to be forced by threats of legal action to actually implement this directive, five years later, in 2001. Of course, the process of implementing it is still, it would appear, under way, and the inspection procedures for ensuring that it is being complied with appear to be quite weak. I have two questions for the Commissioner. Should we not be looking more seriously at taking these PCBs out of circulation much more quickly than is envisaged, particularly because of the late way in which many Member States actually implemented the directive?;0.75;Calls for stricter and faster enforcement of the PCB directive and stronger inspection procedures, expressing a firm position on environmental regulation and EU law implementation.;PES
That industry is valued at approximately EUR 1 billion and is responsible, directly and indirectly, for the employment of 10 000 people. Against the backdrop of the current economic climate and the rising cost of food prices, it is critical that we do our utmost in Ireland to defend the Irish pigmeat sector, which operates to the highest European Union and international standards. While any contamination of our food is always regrettable, what this incident shows is the very high level of food safety controls which the Irish authorities have in place to guarantee the integrity of the food chain.;0.4;Defends existing high food‑safety standards and praises the current system, offering a mild endorsement of consumer‑safety policy but without a clear call for change.;UEN
In my view, we have at least two problems. On a final note, I hope that this debate will give us some answers, at least to these two questions.;0.1;"Only mentions having problems and hoping for answers; no explicit political principle or policy recommendation is presented.";EPP-ED
First of all, we must underline that the problem does not stem from some animal disease but from the inadequate monitoring of stipulated measures carried out for fodder hygiene and safety in the European Union. Many European citizens today are asking whether the European Union has the necessary legislation available which would require Member States to apply adequate monitoring on the safety of fodder fed to animals. I would like to call upon the European Commission to undertake the necessary measures to intensify monitoring, which is an inseparable part of European Union policy for consumer safety protection.;0.8;Explicitly urges the European Commission to adopt stronger legislation and monitoring for fodder safety, a clear advocacy for EU‑wide consumer‑protection regulation.;EPP-ED
All of us – Parliament, the decreasing number of farmers and also consumers – expect the proper application of EU legislation with inspections to that effect.;0.6;Expresses expectation that EU legislation be properly applied with inspections, supporting rule‑of‑law and enforcement of EU policy.;EPP-ED
And, above all, and this is my last point, will you ensure that such a problem can never again occur?;0.4;Requests guarantees that the problem will not recur, implying support for preventive measures, but lacks a specific policy articulation.;EPP-ED
What happened in Ireland could happen in any Member State because there are – as I understand it – thousands of tonnes of PCBs in circulation.;0.1;States a factual risk that similar incidents could happen elsewhere, without advocating any political principle or solution.;EPP-ED
This accident – if that is what it was – too, must be reconstructed and it must be investigated whether this type of combustion and the smoke which it passes through the meat really can cause so much dioxin to end up in the meat.;0.1;"Calls for investigation of the accident’s cause; this is a technical request, not an ideological stance.";EFA
I fear that we will have cases like this again in future.;0.1;"Expresses fear of future cases; no policy recommendation or ideological content is present.";ALDE
Even though the EU does not have any direct intervention mechanisms, Member States must be allowed to take the necessary measures to prevent the collapse of an industry on which the jobs of thousands of European citizens depend. The Romanian car industry has also been severely affected by the crisis. The serious situation at European level requires the immediate introduction of suitable measures. I am not referring, in this instance, to protectionist measures, which distort the market, but to measures which offer equal opportunities to European industry and allow employees in this industry to keep their jobs. The economic recovery plan allows this to happen because it proposes new credit regulations in the European banking system which facilitate access to credit. It is also important that the State aid schemes which Member States apply for can be accessed rapidly and easily.;0.8;Advocates EU state‑aid and credit measures to protect strategic industry jobs, a clear stance on economic intervention and market regulation.;EPP-ED
The European Union’s economy is reputed to be the greatest economic power in the world. One of these consequences is that it is difficult to define which car manufacturers are truly European. Numerous company mergers, the creation of global manufacturing groups and the presence, for a number of decades, of American or Asian companies on the European Union's internal market, have provided the foundations for a diverse and competitive European car manufacturing sector. We should also remember that the motor industry, which has been so badly affected by the financial crisis, is one of the many links in the chain of the European economy. The mechanism for providing aid should also make use of money earmarked for targeted investment in technological innovations, in accordance with guidelines for improving road safety and environmental protection.;0.7;Calls for targeted EU aid to fund technological innovation, road safety and environmental protection, expressing a pro‑environmental, innovation‑oriented policy position.;EPP-ED
Such a situation justifies exceptional measures, particularly in the case of strategic sectors such as car manufacturing, which represents 6% of jobs. In reality, how can the Commission guarantee that it is out there checking coordination and that countries are not embarking on a war of support measures? What mechanisms are out there to safeguard jobs in countries that do not have the financial structure to guarantee the jobs that are vital to them? For some countries, textiles or electronics may be just as important as car making.;0.6;Calls for exceptional measures to safeguard jobs in strategic sectors and questions EU coordination mechanisms, showing a clear preference for protective industrial policy.;PES
The matter of the return and transfer of the Guantánamo inmates may be a sign of an important shift in US policy in the right direction, namely towards respect for fundamental rights, as well as humanitarian and international law. Those who have not been charged and who voluntarily agree to be repatriated, should be sent back to their countries of origin as soon as possible. Prisoners who cannot be sent back to their country of origin due to a risk of torture or persecution should be allowed to remain in the United States, where they should receive humanitarian protection and compensation. The fight against terrorism is, and remains, a foreign policy priority for both the European Union and the United States.;0.85;Demands respect for fundamental rights and humanitarian protection for Guantánamo detainees, articulating a strong human‑rights and rule‑of‑law foreign‑policy stance.;PES
Personally, I am grateful that the United States yet again took on a disproportionate responsibility for protecting Europe from terrorism. Much as I admire and support America, it must be said that the inmates of Guantánamo are essentially America’s responsibility, not ours. They were captured or arrested under American command and should therefore be prosecuted for and detained for alleged offences against America, under American law and on American territory.;0.6;Insists that Guantánamo inmates are the United States' responsibility and should be tried under US law, expressing a clear position on national sovereignty and jurisdiction.;EPP-ED
Therefore, this seems to me to be a good opportunity to respond to the request of the USA by putting forward a common position in line with the values of the European Union.;0.3;"Mentions aligning with EU values in response to the USA but provides no concrete policy principle; only a vague value reference.";PES
According to the Commission’s figures, between 4.5 and 8 million third-party nationals are living illegally within the European Union and are therefore the favoured targets of unscrupulous employers benefiting from illegal labour.;0.2;Notes the number of illegal third‑party nationals and exploitative employers but does not explicitly advocate a policy change or principle.;PES
Unfortunately this type of approach has become more common in the run-up to the European elections.;0.1;Comments that a certain approach is becoming more common before elections without specifying any political principle or stance.;EPP-ED
For this reason, it is imperative that environmental policy remains a top priority for the EU and individual Member States.;0.8;Calls for environmental policy to remain a top EU priority, a clear ideological commitment to environmental protection.;EPP-ED
In addition, this measure will also help reduce Europe’s energy dependency, which is a priority in light of the recent energy crisis Europe experienced.;0.7;Highlights a measure to reduce Europe’s energy dependency as a priority, indicating a strong stance on energy security and strategic autonomy.;EPP-ED
I support this report which reinstates the EU's short-term commitment of reducing emissions by 30% by 2020 if there is an international agreement. It also reinstates the target included in the Bali roadmap, that industrialised countries should reduce emissions by 80% by 2050. I welcome this report which urges the Commission and Council to adopt a leadership role in the upcoming post-Kyoto talks in Copenhagen and calls for minimum EU energy-efficiency standards for new and refurbished buildings.;0.8;Advocates specific EU climate targets, energy‑efficiency standards and leadership in international negotiations – a clear environmental‑regulation stance.;PES
Just today, the European Union has granted EUR 41 million in aid to the United Nations Agency for Palestine Refugees. That is the objective of the donor conference that meets in Sharm el-Sheikh on 2 March. Restoring dialogue between all sectors of Palestinian society and restarting the current negotiation process are essential. Egypt, which has a particular responsibility due to its location on the border with Gaza, must take an active part in this negotiation process. I call on all the parties involved, including the Quartet, the Arab League and the diplomats of the Member States, to continue to engage in the negotiations with firmness and determination.;0.6;Calls for EU financial aid to UNRWA and renewed diplomatic negotiations on the Palestinian issue, expressing a concrete foreign‑policy position.;EPP-ED
You cannot rebuild homes and offices without cement and glass, which are banned. We have to put pressure on the Israeli Government to end the blockade and open the crossings. We saw schools, factories, homes and a hospital deliberately attacked.;0.7;Calls for pressure on Israel to end the blockade and condemns attacks, explicitly demanding a political change in the Israeli‑Palestinian conflict.;EFA
I thought of some of the leaders of our Member States, of all those who will answer to history for their lack of political courage, the missed opportunities, for their lack of vision. What has Europe done to seize this opportunity?;0.2;Only a vague criticism of European leaders without stating any concrete political principle or policy prescription.;NGL
Before making my contribution, I would like to stress that I am not speaking on behalf of the IND/DEM Group as it has no position on this topic. Israel-EU trade is worth EUR 27 billion annually. Actually, judging by demonstrations that took place in the major cities of Israel, there are many Israeli citizens who publicly oppose their Government’s action. We must get intervention – medical and educational – to all those thousands of people, especially children who, since the New Year, have become disabled for life.;0.2;Mentions humanitarian aid and trade figures but does not advocate a specific political principle or structural change.;DEM
It must condemn the brutal aggression, crimes, violations of the most basic human rights and state terrorism perpetrated by Israel against the Palestinian people, which nothing can justify. It must demand and fight for respect for the inalienable right of the Palestinian people to an independent and sovereign state, with the 1967 borders and a capital in East Jerusalem.;0.85;Strongly demands condemnation of Israel’s actions and the right of Palestinians to an independent state with 1967 borders and East Jerusalem – a clear self‑determination stance.;NGL
The second is that our approach must be aimed at avoiding, as far as possible, violence by both sides, condemning Palestinian extremism and excessive measures adopted by Israel, as well as supporting moderate governance solutions from both sides which are capable of facilitating the peace process.;0.55;Advocates reducing violence, condemning extremism on both sides and supporting moderate governance solutions – a moderate peace‑process position.;EPP-ED
The European Union should also do everything in its power to bring about an end to the dispute in which innocent citizens are losing their lives. We should remember that only when many basic problems of everyday life have been solved will we be able to concentrate on the economic development of the Middle East and on close commercial cooperation with the region. The European Union has an opportunity to help the Arab world, and all the countries of the Middle East, to become a region where prosperity prevails, which will, in turn, create a framework for closer cooperation between the Middle East and the EU.;0.5;Urges the EU to end the dispute, solve basic living problems and promote economic development and cooperation with the Middle East – a general EU‑aid and integration stance.;EPP-ED
Indeed, I believe that the Union’s foreign policy is worthy of attention. Our annual report on the common foreign and security policy (CFSP) has become an important vehicle through which Parliament expresses its strategic view on EU foreign policy. In this year’s report, we have decided to focus on policy making and policy shaping. We believe that the European Union can make an impact, but only if it speaks with one voice and if it is equipped with appropriate instruments like those stemming from the Lisbon Treaty and a more generous budget. We can undertake effective action only when it is legitimised by both the European and national parliaments acting at their respective levels and in accordance with their own mandates. In order to be credible and to respond to the expectations of EU citizens – and I say this on the eve of new parliamentary elections coming soon – the CFSP must be allocated resources commensurate with the objectives and specific targets.;0.75;Calls for a more coherent and well‑resourced Common Foreign and Security Policy, stressing EU unity, legitimacy and parliamentary control – a clear EU‑integration principle.;EPP-ED
We also now have, and this is a new development, legislation in the European Parliament in the field of security and defence. We have adopted a directive of the European Parliament and of the Council on the intra-Community transfer of defence equipment and on tendering in the field of security and defence. Of particular importance, however, is the information for the European Parliament. The protection of our citizens within and beyond the Union, peace in our neighbourhood, the protection of our external borders, the protection of our critical infrastructures, energy security, the security of our trade routes, the security of our assets at the global level and many other things represent, in reality, individual security interests and common security interests of the European Union. Our priorities are the Balkans – the European Union’s main assignments – North Africa, the frozen conflicts in the East and our contribution to resolving the conflict in Palestine.;0.75;Highlights new EU defence legislation and prioritises security in the Balkans, North Africa and Palestine, advocating stronger EU security and defence integration.;EPP-ED
The world is changing around us, faster than we can react. What is the result of inefficient and failing security policies? What do we have to do? Already, 94% of the European population is in NATO, and only 6% are outside.;0.3;Raises concerns about security policy effectiveness and mentions NATO membership rates but does not clearly advocate a specific political principle.;EPP-ED
For that reason, I think it makes sense that we should act not merely as the accounts clerk checking the balance sheet of the European security and defence policy’s progress, but in a much more fundamental capacity. We have always said that it does not make sense to rush the decision on the stationing of equipment, as there is not, at this time, any threat from, for example, Iran.;0.5;Calls for not rushing the stationing of equipment and cites lack of threat from Iran, indicating a cautious defense‑policy stance.;PES
It is a little unfortunate, in my view, that for the NATO report by Mr Vatanen, who went out of his way to take as many opinions and approaches into consideration as possible, amendments were tabled by the Group of the European People’s Party (Christian Democrats) and European Democrats and the Socialist Group of the European Parliament at the very last minute, as if these two groups wanted to place their own stamp on the report. We will be endorsing it nevertheless, because we believe – and this is with reference to the report – that it does highlight the right aspects and that it also shows sufficient realism.;0.4;Criticises last‑minute amendments by political groups yet endorses the NATO report as realistic, showing a modest position on EU parliamentary behavior.;ALDE
Energy, raw materials, piracy and Internet security require special attention. Therefore, I would not overrate the role of the Lisbon Treaty.;0.5;Prioritises energy, raw materials, piracy and cyber security over the Lisbon Treaty, expressing a view on EU institutional relevance.;UEN
We must ensure, however, that there is equally rapid development and change in relation to threats and crises of whatever kind. These reports – in particular that of Mr Vatanen – on NATO, limp along in the shadow of the new US Government. So what is it that we are talking about, then? Europe has the obligation to its citizens to create a security partnership now that brings peace, rather than the opposite.;0.7;Advocates a rapid, proactive European security partnership that brings peace, a clear normative claim about how EU security should be organised.;EFA
Each new EU military mission is problematic. What wars will be next? We will therefore be voting against these two reports.;0.8;Explicitly opposes new EU military missions and declares intent to vote against related reports, a strong anti‑interventionist position.;NGL
In short, what is the latest on the EU police mission in the Palestinian regions?;0.1;Only asks for an update on an EU police mission in Palestine, containing no ideological stance.;DEM
If we now succeed in strengthening EU foreign, security and defence policy at a time when multilateralism is increasing again – as the High Representative, Mr Solana, has just said – that is, if we manage to incorporate our vision of preventive measures and soft power into a common transatlantic strategy to a greater extent at this time of multilateralism, we shall have a good future ahead.;0.8;Supports strengthening EU foreign, security and defence policy within a multilateral framework, promoting integration and soft‑power tools.;EPP-ED
What happened last year in Caucasia, in the closest proximity to the European Union, shows that we must certainly place importance on eastern policy, and treat it as a specific investment in the security of Europe and the EU. I think this is an absolutely fundamental question and I believe that it will be a specific banner of the European Union, not only for its nearest neighbours, but also for countries that lie a long way beyond Belarus, Ukraine or Georgia.;0.7;Calls for a focused EU eastern policy as a strategic security investment, advocating a specific geopolitical orientation.;UEN
Unfortunately, however, I have to say that I do not share the uncritical view of NATO that Mr Vatanen’s report, in particular, represents. I do not, however, share the view that it would be a problem if not all of the Member States of the EU were members of NATO. Since Finland does not belong to any military alliances, hardly anywhere is it perceived as hostile or a spokesman for the enemy.;0.6;Rejects an uncritical view of NATO while arguing that EU members need not all join NATO, expressing a nuanced stance on alliance membership.;EFA
In my view, there is something wrong with the EU when the interests of the people are not reflected in our documents and when people’s views can be ignored in the interests of democracy. It is no wonder then that people turn away from EU politics, regarding it as something that does not belong to them or when they flatly reject it.;0.6;Explicitly opposes the current EU structure for not reflecting citizens’ views and calls for a more democratic, people‑centered EU, showing a clear stance on EU legitimacy and sovereignty.;NGL
China and India are growing, not only in economic power, but also in military might. In an effective security strategy, our European forces should have access to equipment and resources of the highest quality. While the United States spends trillions of dollars on security, we in Europe are slow or idle in developing our own strategy. Innovation creates new business and jobs.;0.7;Advocates a strong, autonomous European defence capability and higher investment in security equipment, expressing a principle of strategic autonomy and market‑driven job creation.;DEM
As we all know, ESDP produces no military added value. For a long time, I have argued that the European Union could play a useful role in providing civil instruments for crisis management and post-conflict reconstruction. Then, perhaps, Europe and her allies would be able to focus on their military contributions to NATO, revitalising the transatlantic alliance for the difficult years ahead, without being distracted by the EU’s duplicative agenda.;0.7;Argues that the EU should limit its military role, focus on civilian crisis‑management tools, and let NATO handle defence, signalling a clear position on the division of EU vs. NATO responsibilities.;EPP-ED
In the same way as Parliament has demanded many times that the European Union be provided with the tools necessary to give it a single voice in the world, this House itself is also able to present a united front when evaluating and giving impetus to the great priorities of common foreign and security policy. As regards Latin America, we wanted the current negotiation processes for association agreements – the first bi-regional talks that the European Union will conclude in its history – to be given consideration.;0.6;Calls for a single EU voice in foreign and security policy and for unified action on association agreements, indicating a firm preference for deeper EU integration in external affairs.;PES
We might add: not only an economic superpower, for it already is that, but an important player on the world stage, because this is required by the interests, including the economic interests, of all the Member States. I would like to return to the constantly repeated proposal concerning the necessity for all the countries of the European Union to speak with one voice when engaging in dialogue with Russia.;0.6;Emphasises the need for the EU to act as a unified economic and geopolitical player and to speak with one voice toward Russia, reflecting a commitment to EU unity in foreign policy.;ALDE
We call on you to support Amendments 22, 23 and 24 and to vote against those points which constitute intervention in the internal affairs of a sovereign state. We call on you to confirm that the principle of respect for the sovereign rights of the Member States is inviolate, independent of your overall opinion on the Partnership or on ΝΑΤΟ.;0.8;Strongly defends the principle of non‑intervention and respect for the sovereign rights of member states, a clear ideological commitment to national sovereignty.;NGL
Indeed, I support adopting a new transatlantic agenda and bringing about a new set of Euro-Atlantic institutions, resulting finally in a comprehensive transatlantic common market. I think that is a very practical idea, as is his idea of a permanent EU operational headquarters complementing – and, of course, not competing with – NATO’s command structures. Thirdly, it is time to address new challenges to our security. The European Parliament, too, needs to take the initiative to contribute to this dramatic challenge of the new century, a challenge that is based on the democratisation of modern technology.;0.7;Supports a new transatlantic agenda, Euro‑Atlantic institutions, and a complementary EU headquarters to NATO, showing a clear pro‑integration and transatlantic cooperation stance.;EPP-ED
Does he really believe that terrorism in the world can be combated by counting on his country’s national defence alone? Of course, the Treaty of Lisbon, so frequently criticised, would bring the great benefit of enabling us to work together a bit more, for example, in the matter of energy policy and of the Common Foreign and Security Policy, to address effectively the dangers and risks of this world. The new United States Government under President Obama is pleased that this common European policy exists, as it means that the United States has a partner in tackling a number of these problems. Russia has realised that it must talk to the European Union if common solutions are to be reached, for example, in the matter of energy security.;0.6;Defends the Treaty of Lisbon as a means to enhance EU cooperation on energy, security and foreign policy, indicating a clear preference for deeper European integration.;PES
Despite the verbal outpourings in Sharm el-Sheikh and Jerusalem, nothing has yet been done in this respect.;0.2;"Only critiques lack of action without stating a concrete principle or policy direction; therefore it lacks clear ideological content.";ALDE
The murder of a Polish engineer – being held hostage in Pakistan – by the local Taliban has had far-reaching repercussions recently. These essential but short-term measures cannot, however, take the place of a comprehensive approach to terrorism and of increasing diplomatic pressure on countries such as Pakistan.;0.5;Calls for a comprehensive anti‑terrorism strategy and increased diplomatic pressure on states like Pakistan, expressing a principle of proactive foreign‑policy security measures.;UEN
In international relations, Portugal abides by the principles of national independence, respect for human and peoples’ rights, equality between states, the peaceful resolution of international conflicts, non-interference in the internal affairs of other states and cooperation with all other peoples to bring about the emancipation and progress of humankind.;0.2;Lists generic foreign‑policy principles (national independence, human rights, non‑interference) without advocating a concrete political change or expressing a clear ideological commitment.;NGL
But we know that such reports are sometimes used as a means of introducing the policy aspirations of the EU. These reports call for the EU to develop its own armed forces by means of common weapons procurement, a common communication system and an autonomous common command and control structure. The EU wants its own soldiers, guns, tanks, aeroplanes and bombs in order to ‘fulfil its responsibilities in the world’. What are those responsibilities exactly?;0.7;Explicitly questions and opposes EU reports that call for a common EU armed force, signalling a clear stance against deeper EU military integration and in favour of limiting EU defence autonomy.;DEM
The Treaty is also changing, and with it the opportunities for the European Security and Defence Policy. With the three reports under discussion today, the European Parliament is giving a very strong indication of how it means to achieve these objectives and guarantee security. Firstly, there is the report on the Common Foreign and Security Policy, which focuses on security in the Balkans, stability in Africa and peace in the Palestinian territories. Secondly, there is the report on cooperation with NATO, with its clear emphasis on closer cooperation between the EU and NATO and on better coordination. At the heart of the third report is the further development of the European Security and Defence Policy, with the aim of achieving greater efficiency and better coordination in connection with defence expenditure, and of achieving strategic autonomy for the whole Union and thus, also easing the burden on our Member States.;0.7;Advocates the development of a strategic‑autonomous European Security and Defence Policy and closer EU‑NATO cooperation, expressing a definitive position on EU defence and security integration.;EPP-ED
In the past, we discussed only security issues and now we even discuss climate change, energy, etc. Therefore, I have to be selective and say something about EU-US relations and about the disarmament agenda, which I think we can move forward this year. I think we should work on this issue and try to work together to solve some of the problems with which the Americans are confronted. Afghanistan is also an important issue.;0.3;"Mentions a range of topics (EU‑US relations, disarmament, Afghanistan) but does not take a clear ideological stand; the passage is largely descriptive rather than prescriptive.";PES
In my opinion, it would be more important to stress the importance of the EU’s Common Foreign and Security Policy and to concentrate on the prevention of conflicts and eliminating the causes of crises: the elimination of poverty, for example, and the promotion of democracy, human rights and civil society. Finally, I would like to remind everyone that in the Union there are Member States that are not in NATO and which have their own reasons for that. These countries must be allowed to decide themselves on their security policy solutions, without any pressure from outside. For example, Finland has dealt well with its own defence issues and has been involved in peacekeeping operations in various parts of the world for decades.;0.8;Strongly promotes a CFSP focused on conflict prevention, poverty reduction, democracy and human‑rights promotion while defending the right of non‑NATO members to decide their own security policies.;ALDE
If Karl Haushofer were alive, he would teach this somewhat spineless Europe that it needs a maritime strategy in the Atlantic, Pacific and Indian oceans and with the countries of the north, where the Arctic Ocean holds immense and extremely valuable energy resources. Europe should concern itself with supporting the Italian Government, which is trying to prevent the invasion of illegal immigrants who can be used by the mafia and by terrorists. Europe must defend itself from this threat, not with words but with action, as Mr Maroni and the Italian Government are doing.;0.9;Calls for a maritime strategy, strict anti‑immigration measures and a defensive stance against “illegal immigrants,” reflecting a pronounced nationalist and anti‑immigration ideology.;UEN
Without going into the great number of precise facts, assessments and proposals that are set out in the reports, I would like to stress two points. Secondly, the European Union must significantly step up its conflict prevention efforts.;0.4;Briefly urges the EU to step up conflict‑prevention efforts, a generic policy endorsement lacking detailed ideological justification.;EPP-ED
The Vatanen and von Wogau reports highlight the need for a politically, strategically and operationally independent European Union, through an ambitious European Security and Defence Policy (ESDP). We need institutional, financial and operational instruments to achieve these objectives. We therefore need close cooperation between NATO and the EU, based on respect for the political independence of each of these organisations, which are complementary. We therefore call for the setting-up of a permanent EU Operational Headquarters in Brussels, with the capacity to independently plan and conduct ESDP military operations. The extension of European political integration to security and defence, as provided for in the Treaty of Lisbon, is urgent and needs to be speeded up.;0.8;Calls for a politically and operationally independent EU with an ambitious European Security and Defence Policy and stresses the need for institutional and financial tools, showing a clear pro‑EU defence autonomy stance.;PES
In spite of this, NATO has a stabilising effect on world security. Attempts at ‘softening’ NATO – weakening its position by enlarging the military structures of the European Union – are a mistake. The EU should not become too involved in measures which are aimed at the creation of large expeditionary forces intended for operations outside Europe.;0.7;Defends NATO’s stabilising role and argues against EU creation of large expeditionary forces, expressing a clear preference for NATO over deeper EU military involvement.;UEN
At the time, the European Community was powerless. During those years, particularly after the historic enlargement of 2004, the context and the ambitions of the Common Foreign and Security Policy (CFSP) changed greatly. Today, however, we can look back at the successes which we have achieved and it is impossible to envisage a CFSP or a European Security and Defence Policy (ESDP) without a global dimension. With this in mind, I am not surprised that all three of the reports and many of our fellow members have called our attention to the new situation, the need for strategy amendments, greater unity and greater interinstitutional cooperation. I agree that we have reached a new stage as regards our common policy and would like to point out two issues in this regard. Firstly, we need to look in detail at how the financial, or economic, crisis might affect the context of our common policy.;0.5;Reflects on CFSP achievements and calls for strategic amendments and greater unity, indicating support for deeper EU foreign‑policy integration but without a sharply defined ideological position.;EPP-ED
We therefore need to reassess and improve relations between the European Union and ΝΑΤΟ in order to address common threats, such as terrorism, the spread of weapons of mass destruction, the increase in international piracy and the new problems caused by climate change. At the same time, however, I consider that this is the right time for us to confirm the role of the UN Security Council as the basic guarantor of international peace and security. There is now an urgent need to reform the organisation and we have undertaken to advance this reform, so that the UN can respond more effectively to its important task. It is also important for us to stress that all states and international organisations, including ΝΑΤΟ, should refrain from the threat and use of any manner of violence, which is out of keeping with the aims and principles of the charter founding the UN. We need a more balanced partnership with better coordination of actions and stronger cooperation. However, each side should respect the independence of the other in terms of decision taking and ensure there is mutual understanding when military assessments differ.;0.75;Advocates a specific structure for EU‑NATO relations—balanced partnership, coordination and respect for each side’s independence—clearly expressing a multilateral security principle.;PES
The return of France to the military structures of NATO, together with the energies devoted to European security and defence policies, provide an excellent opportunity for harmonising European security strategies and potential new strategies for NATO. Today’s ratification of the Lisbon Treaty in the Czech Parliament marks a step change for European defence and security. We have before us an enormous opportunity for European security and defence policy to become the motor of further integration and security in Europe.;0.8;"Calls for France’s return to NATO and rapid ratification of the Lisbon Treaty, framing European defence as a driver of deeper integration; a clear pro‑integration, pro‑NATO stance.";EPP-ED
In my opinion, the creation of a joint foreign and security policy cannot be achieved in the absence of dialogue with Russia. The European security agency, which brings together the US, NATO, the OSCE and international disarmament agreements, should include dialogue with Russia as well. I would therefore like to call on both the Council and the Commission to adopt an open and constructive position towards possible negotiations between the EU, the US and Russia on the renewal of transatlantic dialogue on security matters based on the Helsinki process. It is my view that these negotiations should also include discussions on the topic of missile defence. The EU should play a much greater role in this issue than it has done to date.;0.7;"Urges dialogue with Russia and a larger EU role in security, promoting a diplomatic, multilateral principle; the position is explicit but less forceful than others.";PES
Firstly, ratification of the Treaty of Lisbon is needed as quickly as possible. Those political leaders who are delaying the ratification process of the treaty are weakening the development of the common European Union foreign and security policy. Thirdly, the policy requires the serious development of a European defence policy, the development of European Union military structures and the development of the European defence industry.;0.85;Strongly demands quick Lisbon ratification and the creation of EU defence structures and industry, revealing a firm commitment to European security integration.;PES
The international institutions and international law of today were shaped and created in a completely different world. Each day, we realise that they are not adapted to the new challenges, new opportunities and new threats of today’s world. I believe, therefore, that the European Union should support the idea of a new conference on security and cooperation in Europe in a larger Europe – from Vancouver to Shanghai, not only to Vladivostok – in order to create a new space of security, of freedom and of cooperation.;0.65;Proposes a new pan‑European security conference and a broader “space of security, freedom and cooperation,” indicating an ideological preference for re‑shaping European security architecture.;PES
The most significant abuse of that right is the relentless and deliberate colonisation of the West Bank and East Jerusalem by Israel. It is increasingly difficult to believe that Israel really favours an independent Palestinian state, while proceeding to annex more and more Palestinian territory – and does so up to the present date.;0.75;Condemns Israeli settlement activity and calls for an independent Palestinian state, expressing a clear stance on territorial sovereignty and anti‑colonial principle.;PES
I feel that the European Union and NATO must cooperate with each other, avoiding any potential rivalry. Powerful, productive transatlantic relations can provide the best guarantee for peace, security and stability in Europe, along with respect for the principles of democracy, human rights, the rule of law and good governance. At the NATO summit held in Bucharest in April 2008, the allies welcomed the political role which the European Union can have if it develops an action capability in the area of security and defence. The Partnership for Peace promoted by NATO and the Eastern Partnership project promoted by the European Union are of vital importance to the development of democracy and the rule of law, as well as for the transition to an efficient market economy in certain countries in the Black Sea region.;0.85;Emphasises EU‑NATO cooperation, democracy, rule of law and market reforms in the Black Sea region, showing a comprehensive pro‑democracy, pro‑integration ideology.;EPP-ED
So, in discussing NATO’s important role in European defence, it is fair to remember that the EU has not yet put the necessary pressure on Turkey to get its NATO invasion army out of Cyprus unconditionally and immediately.;0.7;"Criticises the EU for not pressuring Turkey over the Cyprus issue, advocating a firmer stance on NATO‑related security matters; a specific policy position.";ALDE
We must capitalise on the current climate in relations with the US to open up a new chapter in this area to boost our power at a global level. Secondly, the European Union’s security dimension must be harmonised with NATO’s to prevent any duplication of effort and shortage of resources. Thirdly, I believe that the EU must use the European security and cooperation policy to strengthen stability in the Western Balkans, following the clarification of Kosovo’s status. Kosovo is now in a phase of ‘supervised independence’, according to the EU’s special representative, Peter Faith. However, I believe that we need to evaluate a clear timeframe for the EU’s involvement in Kosovo. This is why I welcome the Commission’s initiative to carry out a study on Kosovo, as long as it contributes to the success of the EULEX mission.;0.75;Calls for harmonising EU and NATO security efforts and a clear EU role in the Western Balkans, especially Kosovo, reflecting a strong integrationist security view.;EPP-ED
Is there progress in this area? Is there more convergence between institutions like Parliament, Council, the Commission and Member States? If we had more money, or at least as much as the Commission proposed for broadband in rural areas – EUR 1.5 billion – perhaps Member States, without having to pay, would more willingly participate in CFSP actions. Do the citizens value this foreign policy? Do we make sufficient use of foreign policy to legitimise the Union? In terms of legal and institutional instruments – Lisbon – everyone agrees that we need more and better equipped instruments under the Treaty rules. For that reason it can be an integral part of European integration. The dominant debate has shown that there is hunger for more Europe in foreign policy and that more pooling of European political and material capital is needed.;0.8;Advocates deeper institutional convergence, increased funding, and pooling of EU political and material capital, clearly expressing a pro‑European integration principle.;EPP-ED
We have to learn from our mistakes. Yes, we are pacifists.;0.8;"Explicitly states a pacifist position, advocating a societal principle of non‑violence; clear ideological commitment.";EPP-ED
The vote will take place on Thursday, 19 February 2009.;0.0;"Provides only factual information about a vote date; no political principle or value expressed.";PES
By assaying the members and observers of the SCO, we can safely conclude that these countries own a significant proportion of the world’s oil and gas reserves. Let me also point out that, as illustrated by the Russia-Ukraine gas dispute, the EU’s current vulnerability and considerable energy dependency undermines the development of an authentic, efficient and consistent joint foreign and security policy. In addition, countries react differently based on their historical experience and financial interest. More so than at any other time in the past, it is especially important today to take uniform political action and to harmonise discordant national interests and positions.;0.8;Calls for EU energy independence and uniform political action, advocating deeper EU integration and coordinated foreign/security policy.;PES
Neither is NATO the proper answer to the bigger problems facing Finland in the near future, which are mainly economic in nature.;0.6;Opposes NATO as a solution for Finland’s challenges, expressing a stance on national security and defense policy.;ALDE
The EU can only have an impact if it speaks with a single voice and has available and uses effectively the necessary instruments, helping to strengthen cooperation with neighbouring states. We need to invest in neighbouring countries, especially those to the east of the EU, and offer them the necessary incentives to continue with their reforms and be able to strengthen the EU’s presence in the area. We have new instruments available, such as the Eastern Partnership, which will help us establish a new consolidated approach at a higher level with our partners in the region.;0.7;Advocates for a single EU voice, investment in eastern partners, and a consolidated foreign policy, indicating a clear EU‑integration position.;EPP-ED
The European Union, while directing its attention to building common military instruments, such as Eurocorps, the European Air Transport Fleet and the permanent EU Operations Headquarters, must not, however, forget about other threats which are no less important. More attention should be paid to building bodies and institutions which would allow us to overcome the financial situation caused by the world economic crisis, and to protect the natural environment and biological diversity. Internal threats, such as drugs, poverty in society, and Internet crime, must not be forgotten either. All these elements are important factors which influence international security, the security of the European Union, and of every nation. Without a solution to these fundamental questions, creation of a stable European security strategy is not possible.;0.7;Calls for simultaneous development of military, economic, environmental, and social measures within EU security strategy, reflecting a comprehensive policy stance.;UEN
The European Union is an increasingly important facilitator at regional and global level. It is precisely for this reason that I feel that the European Union must be visibly active within its borders and proactive in any area of the world.;0.3;"Generic endorsement of an active EU without specifying concrete principles; only a weak ideological signal.";EPP-ED
For instance, I think that the EU needs a Senior Official for foreign energy policy who will enjoy strong political support and have at his disposal the necessary instruments to take action. I appreciate that the EU needs to allocate sufficient financial and human resources to its Common Foreign and Security Policy in order to achieve the concrete results which European citizens are expecting from us.;0.7;Demands creation of a senior EU official for energy policy and increased resources for the Common Foreign and Security Policy, showing a clear institutional reform position.;EPP-ED
Many of the findings and recommendations contained in the report are in direct conflict with the fact that the EU is supposed to be developed as a project for peace. It is no wonder that EU citizens, whenever they get a chance to express their opinion, take a stand against the Lisbon Treaty for reasons that include the way it establishes the militaristic nature of the EU. There is a highly aberrant and dangerous position included in the report which, on the one hand, talks about the security interests of the EU while, on the other, criticising Russia for defending its own perfectly legitimate security interests in the Caucasus.;0.8;Criticizes the Lisbon Treaty’s militaristic aspects and defends the EU as a peace project, expressing a strong anti‑militarist, pro‑peace ideology.;NGL
The established practice of adopting resolutions on the main aspects and decisions of the Council report on common foreign policy and security is an excellent opportunity to appeal to Member States to apply this practice at national level. We must encourage Member States to conduct a joint strategic review in the field of security to establish a sound basis for interaction between the EU and NATO in the process of developing a new strategic concept for NATO in the context of ESDP.;0.6;Encourages member states to adopt joint strategic reviews and EU‑NATO cooperation, indicating a clear stance on security integration and policy coordination.;EPP-ED
The proposals resulting from the Paris summit on 14 July last year put forward two objectives that are worthy of our support. In this context, I would like to emphasise the role of the Euro-Mediterranean Parliamentary Assembly, which was recognised in the Paris text and then in the Marseille document. Much depends, however, on the policies that the new Israeli Government formed after the elections will adopt. Nonetheless, I would like to point out that the Euro-Mediterranean Parliamentary Assembly will meet in the near future and demonstrate the role that parliaments have to play, even in this difficult situation. We are calling for greater attention to be paid to the issues of human rights that affect the behaviour of all the partner countries to a greater or lesser degree. They have all contributed to the drafting of this report, which I believe enjoys widespread support.;0.7;Advocates greater attention to human‑rights issues and a stronger parliamentary role, expressing a clear normative stance on human‑rights protection within the Euro‑Mediterranean framework.;PES
I ask myself whether we have been concentrating too much on institutions, and whether this is the reason for the current impasse. Have we underestimated the influence of political crises on the Union for the Mediterranean? How can we ensure the continuation of the projects? It is for this very reason that we in the Committee on International Trade have considered how our successful mechanisms could be applied to our neighbours in southern Europe. International trade could have a beneficial effect not only on the economic but also – and particularly – on the political and social situation in the region.;0.4;"Raises questions about institutional focus and suggests trade can improve political and social conditions, but does not commit to a specific principle; the value signal is weak and speculative.";PES
That is why Parliament believes that the efforts made under the French Presidency to breathe new life into the Barcelona Process are important. Why was the Committee on Constitutional Affairs concerned with this subject, Mr President?;0.3;"Only affirms that the Barcelona Process is “important” without detailing any concrete principle or policy preference; the statement is too vague to constitute strong ideological content.";EPP-ED
We must strive for a stronger, more influential role for Europe, given that strategically we are side by side with the United States. The Union for the Mediterranean, the Euro-Mediterranean Parliamentary Assembly and the common foreign policy in relation to the south are all excellent and legitimate tools that can be used to carve out a stronger, more significant and credible role for Europe.;0.75;Calls for a stronger, more influential European role and cites specific Mediterranean institutions as tools, reflecting a clear pro‑integration, pro‑European‑strategic‑autonomy position.;EPP-ED
The subject matter of the report is extremely important as it deals with the prospect of having a Euro-Mediterranean Union of states bound together through friendship and cooperation and aiming at the common goal of achieving peace, stability and prosperity for their citizens. This is not an easy task, not least because regional conflicts, such as the Israeli-Palestinian problem, are not easy to resolve – or even to cope with, sometimes.;0.8;"Promotes a Euro‑Mediterranean Union aimed at peace, stability and prosperity, explicitly linking regional integration with conflict resolution; a solid integration‑peace principle is articulated.";ALDE
From this perspective, I hope to see the parliamentary role of the Euro-Mediterranean Parliamentary Assembly strengthened, including by stepping up the Assembly’s relations with the Mediterranean partners and enabling it to make recommendations to meetings of Foreign Ministers and to participate as an observer at meetings of Heads of State or Government, ministerial meetings and preparatory meetings held by senior officials. I would like to emphasise the need to strengthen the role and initiatives of the Facility for Euro-Mediterranean Investment and Partnership and to create a Euro­Mediterranean Investment Bank, which was announced some time ago but which has not yet been carried out. I support the proposal to create a Euro-Mediterranean Regional and Local Assembly along the lines of similar, European, institutions, in order to involve regions and cities further, and a Euro-Mediterranean Economic and Social Committee to involve the social partners and civil society. Furthermore, I hope that the Union will play an ever-more effective role in the search for peace, in conflict resolution, in the strengthening of democracy, in the defence of religious freedom and in the fight against terrorism, drug trafficking, organised crime and people trafficking.;0.9;Provides a detailed programme of institutional strengthening, investment mechanisms, democratic participation, religious freedom, and security, showing an explicit, comprehensive ideological commitment to deeper integration, democracy and rule‑of‑law values.;UEN
We feel that it is essential that trade issues be taken into account in terms of treating everyone equally, taking into account regional differences and the particular characteristics of each country.;0.5;Advocates equal treatment in trade while respecting regional differences, indicating a fairness principle in economic policy, but the statement remains relatively generic.;NGL
Certainly, the Union for the Mediterranean is a significant step forward in the efforts for the Euro-Mediterranean partnership. The other impediment is the Middle East problem.;0.3;Mentions the Union for the Mediterranean as a step forward but offers no concrete principle or policy stance beyond a brief observation.;EPP-ED
Fourteen years after Barcelona and five years after the first Euro-Mediterranean Parliamentary Assembly, we have the Union for the Mediterranean with economic and parliamentary power, with civil society, and with the heads of government deciding together. Everyone wants to do more and better in this territory where 720 million citizens represent real potential for development and peace in the world. Politicians and citizens must respond to the world’s problems. The world asked them for answers and yet, months later, we, the citizens and politicians, particularly in a platform such as the Union for the Mediterranean, are still taking time to react.;0.4;"Calls for more action from politicians and citizens for development and peace, but lacks a defined ideological position; the expression is more a generic appeal than a principle.";PES
The first mistake was to remove from its agenda the conflicts in the region, particularly the Israeli-Palestinian conflict and the Western Sahara conflict. No economic and regional integration will come to fruition if the Union does not have the courage to tackle existing conflicts and to do this based on international law. On the other hand, the report does contain clear recommendations on the second and third mistakes, and these are all heading in the right direction. There are also clear rules on the programme agreements and a Euro-Mediterranean Investment Bank.;0.8;Criticises omission of conflict issues, argues integration depends on tackling them based on international law, thereby endorsing rule‑of‑law and conflict‑resolution as prerequisites for regional integration.;NGL
The model followed in Barcelona has not had the expected results. This process, although not an alternative to peace negotiations, can, and must, make a contribution to better understanding, interdependence and mutual respect between the opposing sides.;0.4;Advocates a peace‑building model based on interdependence and mutual respect, but the statement is vague and lacks a concrete ideological commitment.;EPP-ED
Member States are Commonwealth members, and – though I do not wish to irritate my Spanish colleagues – Gibraltar, as far as I know, still is technically part of Her Majesty’s Dominions.;0.1;Provides a factual comment on Gibraltar’s constitutional status without advocating or opposing any political principle.;EPP-ED
Approximately one billion citizens live in the Euro-Mediterranean region, which produces a third of the world’s GDP. Population growth and the reduction in the amount of precipitation in this region, due to climate change, make drinking water one of the main elements at risk in this area. Water shortages, water pollution, shortage of water treatment plants, oil spills caused by maritime accidents, forest clearances and soil erosion must feature among the concerns of the partnership for the Mediterranean.;0.5;Calls for prioritising water‑related climate issues in the Euro‑Mediterranean partnership, reflecting an environmental‑policy stance but without a strong, explicit ideology.;PES
Do we have the resources to confront them?;0.0;A rhetorical question with no substantive political content.;EFA
The opinion of the Committee on Women’s Rights and Gender Equality highlights the need for all Member States to pay closer attention to ratifying the Convention on the Elimination of All Forms of Discrimination against Women, and all other United Nations and International Labour Organisation human rights instruments. I will end with a final word on the serious cases of Palestine and the Western Sahara, where women and children are the main victims of war and exploitation, in short the whole process of discrimination that affects these people and which seriously affects women and children.;0.7;Strongly urges ratification of gender‑equality conventions and highlights discrimination against women, expressing a clear commitment to gender equality and human‑rights principles.;NGL
Perhaps it would then have been clearer that we were reinforcing a system for which there was already an established basis. Similarly, I hope – I say so quite openly, I will no longer be rapporteur – but I hope that Europe’s institutional framework can itself evolve. Why?;0.5;Expresses a desire for evolution of the EU’s institutional framework, indicating a reformist stance toward European integration.;PES
The vote will take place on Thursday, 19 February 2009.;0.0;Purely procedural announcement of a vote date, lacking ideological expression.;PES
Close partnership between the European Union and the countries of the Mediterranean Basin should be based, first and foremost, on respect for human rights and the rule of law. It is essential that Member States and partners engaged in the Barcelona Process emphasise inclusion of the gender perspective in all policies and specific measures which promote equal opportunities for men and women.;0.8;Explicitly ties EU‑Mediterranean cooperation to human rights, rule of law, and gender‑perspective policies, showing a clear ideological commitment to these principles.;PES
The EU is an integrated community and the long-term strategic development of all its regions has equal importance. Involving the Arab League is a significant opportunity to bring all states together to jointly find solutions for conflicts in the region. I call on the EU Member States to take a balanced stand and play the role of negotiator rather than taking sides in different conflict situations.;0.6;Advocates a balanced, neutral EU role in regional conflicts and multilateral cooperation with the Arab League, reflecting a clear stance on diplomatic neutrality and multilateralism.;EPP-ED
In Romania, the history of Székely Land’s autonomy goes back several hundred years. The founding documents of the modern Romanian state guaranteed the regional autonomy of Székely Land, which existed even during communist times. Taking into consideration the different forms of autonomy guaranteed in EU states, on 8 February 2009, in Sepsiszentgyörgy (Sfântu Gheorghe), a crowd several thousand strong demanded that the President withdraw his offensive statements toward Hungarians in Transylvania, guarantee representation in state institutions commensurate to ethnic populations, cease targeted relocations into the area, stop deliberately crippling the economy of Székely Land, expedite the return of ecclesiastical and public property, halt the expansion of military units, establish state-funded independent Hungarian universities, recognise Hungarian as an official language of the region and recognise collective rights and the regional autonomy of Székely Land.;0.9;Provides a detailed demand for regional autonomy, language rights, and minority representation, representing a strong, explicit commitment to self‑determination and minority rights.;EPP-ED
How should we treat such leaders? My question is addressed to the right side of this House, because the president of the EPP, Mr Martens, has recommended that same person for the next prime minister of my country.;0.1;The statement asks a procedural question about treating leaders and mentions a party recommendation, but it does not advocate any political principle or propose how society or institutions should be organized.;PES
In the recently emerging economic tigers of the European Union, which include Bulgaria, the banking system is relatively stable, unemployment levels are not high, there are highly-skilled workforces and stable currencies. At times of crisis, capital looks for low-risk areas, and there is the chance to invest in new greenfield technologies rather than in unviable industries.;0.3;Describes economic conditions and suggests investing in new technologies, hinting at a pro‑investment stance, yet it lacks a clear endorsement of a specific policy or ideological principle.;ALDE
The egoistic approach of the European elite, their joy at the loss of the jobs of over 100 000 people in the shipyards and the firms which work with them will surely result in a large part of these workers appearing on the job market in western Europe in the near future. This decision has only deepened the European crisis. In this context, I am surprised by the lack of reaction from the Commission to measures currently being taken by many members of the EU which break prevailing principles, while Poland has been punished for taking similar measures.;0.6;Criticises the European elite and EU actions, highlights job losses and migration, and points to perceived double standards (Poland). This conveys a clear anti‑EU‑centralisation / national‑sovereignty stance.;UEN
I cannot believe that the good reasons behind our common climate and energy targets – 20% less CO 20% renewables and 20% more energy efficiency – are not accepted in the regional government of a Member State. I am therefore asking the Commission to find out what the reasons are behind this strange and quite bizarre ban in Northern Ireland.;0.7;Calls on the European Commission to enforce climate and energy targets, explicitly supporting EU climate policy and the principle of environmental regulation.;EFA
Polish legislation does not give MEPs any legal instruments which ensure the effective fulfilment of their mandate. This concerns significant issues, such as exerting an effective influence on the administrative authorities of central and local government. On my website, I have informed electors of the lack of statutory forms of action open to MEPs. I believe that the European Parliament should demand greater possibilities for its representatives to act in their own countries.;0.7;Denounces limits on MEPs’ powers and urges the European Parliament to demand stronger legislative tools, expressing a commitment to democratic representation and parliamentary sovereignty.;DEM
Concerning our current strained relationship with the European Union, in the absence of leadership from the present government, an attempt must be made to address the root causes of the Irish electorate’s periodic disenchantment with the EU.;0.3;Notes a strained relationship with the EU and the need to address Irish voters’ disenchantment, but offers only a vague call for analysis without stating a concrete political principle.;EPP-ED
Unfortunately, this led to the so-called ‘Second Synod’ of the Bulgarian Orthodox Church, despite the Bulgarian Religious Denominations Act. However the so-called ‘Second Synod’ wants to register as ‘the Holy Synod of the Bulgarian Orthodox Church’. The Act states that the Bulgarian Orthodox Church is traditional to Bulgaria and exempt from registration.;0.2;Mentions a legal dispute over the registration of the Bulgarian Orthodox Church, referencing existing law but not advocating a policy change or ideological position.;PES
It is absolutely crucial, therefore, for the European Union to continue pursuing the peace talks and to restore hope to Israelis and Palestinians that a peaceful coexistence is possible.;0.6;Advocates that the EU should continue peace talks between Israelis and Palestinians, expressing a clear stance on conflict resolution and foreign‑policy cooperation.;ALDE
The decision of the Constitutional Court in Karlsruhe will be pivotal.;0.1;Simply states that a court decision will be pivotal, without referencing any political principle or value.;UEN
The demonstration that took place on 9 February in Sfântu Gheorghe, organised by the Hungarian churches, was precisely in protest against this incitement. In the petition raised at the demonstration, thousands of local residents of the Szekély Land region protested against the change in the ethnic proportions in the area through directly populating the region with groups of Romanians from other areas. At the same time as this, during the municipal elections in Cluj, the democrats’ flyers were inciting hatred against the Hungarian candidates, using the same slander. After decades of discrimination and denial of rights, who is accusing who? I would like to draw Parliament’s attention to the fact that in Romania, even now, there is an ongoing process, using subtle methods, of homogenising and making Transylvania Romanian by artificially altering the ethnic proportions.;0.8;Denounces demographic changes perceived as forced assimilation, highlights ethnic discrimination, and calls attention to minority‑rights issues, reflecting a strong stance on ethnic protection and anti‑discrimination.;EFA
It seems odd that the British Government can find the legal means to ban Mr Wilders, but is powerless to prevent the entry of assorted terrorists, political and religious extremists, gangsters, criminals, rapists and paedophiles from the European Union and, indeed, the wider world. Perhaps Mr Wilders’ banning had something to do with the alleged threat by a British peer, Lord Ahmed, that, were Mr Wilders to appear in the House of Lords, 10 000 Islamist demonstrators would appear outside.;0.7;"Advocates stricter immigration and security controls, blaming the EU for allowing entry of terrorists; expresses a clear national‑sovereignty/anti‑immigration stance.";DEM
One possible solution for financing public expenditure could be to issue euro bonds.;0.5;Suggests euro‑bonds as a way to finance public spending, indicating a position on EU fiscal integration, but the commitment is only a tentative policy idea.;PES
tragic periods in the history of humanity. Many of those victims had their lives taken in one of over twelve thousand German extermination camps and concentration camps which operated on the territory of the Third Reich and in occupied countries. Today, attempts are being made to distort the truth about those tragic years, and information is being disseminated that these camps were Polish or Latvian camps, and not German. In connection with this, I have prepared a draft resolution which intends to standardise the nomenclature of concentration camps by adding to their names the words ‘German’ or ‘Nazi’ concentration camp.;0.6;"Calls for the official naming of concentration camps as ‘German/Nazi’ to combat historical revisionism; a clear stance on memory politics and collective responsibility.";UEN
Respect for minorities’ rights is guaranteed by the Romanian constitution. At parliamentary level, the Hungarian minority have three MEPs in the European Parliament, 22 MPs and nine senators in the national parliament and have participated in governing Romania during the last 12 years.;0.2;Provides factual information about minority representation in Romania without advocating any change or principle.;EPP-ED
The European Union must promote dialogue, inclusion and consensus between the Venezuelan political and social leaders for the good of the country. Visceral attitudes, condemnation and insults will not be the way to help Venezuela to find the way onto a democratic, pluralist and free pathway. Such attitudes are compromising future European Parliament missions to other countries.;0.7;"Calls on the EU to promote dialogue, inclusion and consensus in Venezuela and rejects hostile rhetoric; a clear foreign‑policy principle favoring diplomatic engagement.";PES
Right now, meat can be transported from outside the EU into the EU, substantially transformed – and by that I mean encased in breadcrumbs or batter – and then labelled and sold as EU produce. Not only is this an example of inaccurate labelling, it is potentially dangerous for human health.;0.6;Denounces misleading labelling of imported meat and highlights health risks, advocating stronger consumer protection and market regulation.;ALDE
Therefore I ask you, Mr President, to support the initiative of our group.;0.1;A vague request for support without specifying any political principle or policy position.;UEN
This minority enjoys a variety of rights, including administrative posts, and these rights have been continually supported by Romania’s President Traian Băsescu. The case of the Romanian handball player Marian Cozma, brutally murdered by two members of Hungary’s Roma community, shows us once again that crime knows no borders and that ignoring the problems of this community is counterproductive. The EU has a strategy for the Roma minority but does not have any agency to implement it coherently and effectively. In order to remain a relevant force on the international stage, while preserving internal cohesion, the EU needs to be able to create a pan-European environment of tolerance.;0.7;Highlights the need for EU‑wide tolerance and coherent policy for the Roma minority, urging stronger EU action on minority rights and internal cohesion.;EPP-ED
The European members of the group have submitted a report to the National Electoral Council with a positive overall evaluation of the process in terms of its organisation, transparency, participation, freedom and secrecy of voting and security in all its phases. Parliament should not encourage any type of confrontation with the democratic institutions in Venezuela.;0.6;Advocates that the European Parliament avoid confrontation with Venezuelan democratic institutions, promoting a non‑confrontational, democratic‑respecting foreign‑policy stance.;PES
Romania applies the letter and spirit of all the relevant international treaties in this area. The Hungarian language is used by law for administrative matters in any location and county where those belonging to the Hungarian minority account for more than 20% of the population. In the areas where ethnic Hungarians live alongside Romanians, it is a well-observed rule that schools operate sections where the language of instruction is Hungarian for all children of Hungarian origin.;0.2;"Describes existing language‑rights legislation for the Hungarian minority in Romania; no explicit advocacy or ideological commitment is expressed.";EPP-ED
This allows EU citizens to acquire information in their mother tongue about the other 26 countries. The Slovak pages about Hungary indicate town names in Slovak, as they should. It should be just as natural for Hungarians living in Slovakia to refer to the village or town where they were born in their mother tongue, Hungarian.;0.7;Advocates minority language rights by stating that Hungarians in Slovakia should be able to refer to places in their mother tongue, a clear political principle about cultural autonomy and language policy.;PES
However, I feel the situation clearly demonstrates the dire straits of the agriculture industry, certainly in my region, if farmers have to queue for days outside, during winter months, in an attempt to secure modest sums of EU funding.;0.3;"Mentions the hardship of farmers queuing for EU funding but does not explicitly call for policy change; at most a vague criticism of the current funding system.";EPP-ED
Next year, the Commission along with Member States, will evaluate, in the middle of the 2007-2013 period, the operational programmes and the degree of absorption of structural funds. I call on Member States to review the method for using structural funds, giving priority to energy efficiency in buildings and urban mobility for the 2010-2013 period.;0.7;Calls on Member States to revise the use of structural funds, prioritising energy efficiency and urban mobility – an explicit policy preference on EU budget allocation and environmental regulation.;PES
I think that those politicians in the European Union who feel that terror can be fought without violence are mistaken.;0.5;States that politicians who think terror can be fought without violence are mistaken, expressing a security‑policy stance on the use of force, but without concrete policy prescription.;UEN
Let us focus on sticking to the priorities of the Czech Presidency and let us promote the idea of an open Europe without barriers.;0.8;Promotes an 'open Europe without barriers', a direct endorsement of EU integration and free movement, representing a clear ideological commitment.;EPP-ED
One of the first measures taken by this coalition was to work out a scheme to divide among themselves the leading positions of state-controlled public institutions and the public administration of Romania. This is an unacceptable situation for two reasons. Firstly, it leads to renewed partisanship in state administration, which contravenes the law on the public servants’ statute.;0.7;"Opposes partisan allocation of leadership positions in state‑controlled institutions, framing it as a violation of law and rule‑of‑law principles; a stable anti‑corruption stance.";EPP-ED
European patients should have access to quality health information regarding the latest medication available, the treatment options home and abroad, the legal and financial implications of being treated abroad, the reimbursement of the treatment costs and many other areas. In the hope of making the Commission aware of the need to better inform the 150 million European patients, I have initiated a written declaration on health literacy. We have all been patients at some point, and we never know when it will happen again.;0.6;Advocates better health‑information provision for European patients, calling for a policy initiative (written declaration) on health literacy, reflecting a welfare‑state principle.;EPP-ED
All the European Commission’s reports, our hearings in the Commission on human rights and the reports from civil society in Moldova indicate to us that the freedom of expression is frequently violated and that the mass media cannot be independent.;0.7;Highlights violations of freedom of expression and lack of independent media, implying the need for stronger press freedom and human‑rights protections.;EPP-ED
There is already clear evidence that this has helped reduce both energy consumption and carbon dioxide emissions. Similarly, a recent study by the University of Cambridge also suggests that increasing summer time would lead to a decrease in both energy consumption and carbon-dioxide emissions as, during the peak demand period from 4 p.m. to 9 p.m. each day, many of the more expensive and carbon-emitting ancillary power stations are switched on. As the rapporteur of the review of the EU ETS, which formed the cornerstone of the EU’s climate and energy package adopted last December by this House, I urge you to consider this proposal as a contribution to meeting the 2 °C target.;0.8;Strongly supports climate‑policy measures (energy efficiency, ETS, extending summer time) to meet the 2 °C target, showing a clear environmental‑policy ideology.;EPP-ED
However, last week 6 states blocked the Commission’s proposal. Apparently, these are the very countries which are forming the current financial perspective and have demanded a reduction in payments to the EU budget to 1% of GDP.;0.3;Notes that six states blocked a proposal and demand a lower EU budget contribution, but provides no explicit advocacy or opposition, yielding only a weak ideological signal.;ALDE
In order to achieve the objectives which we have set in recent years for neighbourhood policy, citizens of neighbouring countries must feel a real political and economic rapprochement with the EU. Only in this way will we achieve political rapprochement with Ukraine, Georgia, Moldova, Armenia and, ultimately, with Azerbaijan, and in the future – also maintaining appropriate balance – with the five republics of Central Asia. When we talk about the eastern aspect of neighbourhood, we inevitably come to the problem of Russia and our partnership with this country.;0.7;Advocates a political and economic rapprochement with the EU for Eastern neighbours, explicitly stating how EU‑Neighbourhood relations should be structured.;UEN
The instrument includes the EU’s new Eastern neighbours Armenia, Azerbaijan, Georgia, Ukraine, Moldova and Belarus. Last summer’s military conflict in Georgia forced us all to consider the security of EU States and the threat to independence. Euroeast would give the European Parliament the opportunity to devote equal attention to all neighbours and developing countries.;0.6;Calls for an EU instrument that gives equal attention to Eastern neighbours and emphasizes security and independence, a clear stance on EU foreign‑policy priorities.;ALDE
On behalf of the Committee on Regional Development, I welcome the inclusion of cross-border cooperation within the scope of the ENPI Regulation as an instrument to develop common projects and to strengthen relations between ENP countries and EU Member States. At the same time, I would like to highlight the necessity of regularly monitoring the management and implementation of joint operational programmes on both sides of EU borders. Cross-border cooperation should contribute to integrated sustainable development between neighbouring regions. We ask the Commission to prepare a detailed overview of all joint operational programmes approved for the current financial period, with an assessment of how the principles of transparency, efficiency and partnership have been respected. Finally, the Regional Development Committee considers that ENPI should focus on a balanced strategy between the east and the south, with specific approaches for both areas.;0.6;Demands transparent, efficient, partnership‑based cross‑border cooperation and a balanced east‑south strategy, expressing a policy principle for EU regional development.;EPP-ED
I would also like to congratulate Commissioner Ferrero-Waldner, both on the success of the ENPI and of the projects that lie ahead, with the need for an Eastern partnership concerning, in particular, our Eastern neighbours and partners, as well as the Black Sea Synergy. I discern some kind of rivalry – or, let us say, anxiety – among Members. We know that the Union for the Mediterranean, the Eastern Partnership and the Black Sea Synergy, etc. are in the interests of the European Union.;0.3;"Mainly congratulatory and mentions EU interests without stating a concrete principle; only a weak hint of preference for certain partnerships.";EPP-ED
The basis for the European neighbourhood policy is the creation of a climate of trust in the immediate vicinity of the European Union. It is in everyone’s interest for there to be stronger economic growth and stability in all neighbouring countries, both to the east and in the Mediterranean area. However, criteria and approaches specific to each country need to be defined, depending on its political priorities in terms of human rights, democracy, the rule of law, minority rights and so forth. It is also important for Community aid to reach all the interested groups of citizens. In order for these ambitious targets to be achieved, the distribution of funds between the countries of Eastern Europe and the Mediterranean countries needs to be equally weighted, as provided for under the financial framework for 2007-2013. The support being given by the European Union to this regional cooperation must target the production of tangible results in certain priority sectors such as energy, transport, immigration and the fight against organised crime.;0.85;Specifies that EU neighbourhood policy must be based on human rights, democracy, rule of law and equal fund distribution, a strong ideological commitment to liberal democratic values.;PES
We need to engage more with our neighbouring countries, particularly after the three conflicts that have occurred in the last six months, in Gaza, Ukraine and Georgia. Whilst I agree with the idea of further cooperation with Turkey and Russia to resolve certain ongoing conflicts and to strengthen the links between the Black Sea countries, the wording of Paragraph 39 could lead to confusion. Therefore, the European neighbourhood policy will certainly not provide an appropriate basis for cooperation with Turkey. Platforms for cooperation with the Black Sea countries already exist. We should perhaps try to create links with these regional initiatives to reinforce this synergy instead of looking for new forms of cooperation. It therefore appears to me that the measures in the energy field should include all the countries in our neighbourhood.;0.75;Opposes using the EU neighbourhood policy as a basis for cooperation with Turkey and stresses targeted energy measures, indicating a clear policy position.;ALDE
The present crisis in Europe is, however, an evident manifestation of the incoherence of the principles of cooperation within the framework of neighbourhood policy. I am glad that the European Commission has noticed this problem and wants to introduce just such a policy.;0.2;"Only comments on the crisis as a symptom of incoherence; lacks a concrete political principle or commitment.";UEN
The European Neighbourhood and Partnership Instrument (ENPI) can be an effective instrument only if it provides incentives for democratic reform and promotes sustainable – ecological and fair – development. To make it possible to verify the effectiveness of this instrument, clear, specific, measurable objectives must be defined for all the action plans under the European Neighbourhood Policy (ENP). The war in Georgia in the summer of 2008 made it clear that, up to then, the European Union had not developed and implemented a sustainable conflict resolution policy for the Caucasus region. Therefore, we call on the Council to work more actively in the field of conflict resolution. This instrument gives the European Union the opportunity to play an active role in its neighbouring region, in order to take forward democratic reform and sustainable development.;0.85;Links ENPI effectiveness to democratic reform, sustainable development, and conflict resolution, presenting a strong ideological agenda.;EFA
I think that alongside the larger decisions – concerning transport, energy, free trade and mutual exchange – there are also smaller matters which are very significant, such as education, and scientific and cultural exchange, and, above all, interpersonal contacts. The issue here is one of the Community and regional programmes, which should be supported, but which, unfortunately, require financial support. We are making good decisions here, which countries and neighbours will put into effect in cooperation and while working on joint projects.;0.3;"Mentions transport, energy, education and cultural exchange but does not articulate a clear political principle; mostly descriptive.";EPP-ED
Although the financial instrument was designed in 2006, it proved a sufficiently effective tool as it was oriented towards the future. The EU has decided to strengthen multilateral and regional cooperation with and between its neighbouring countries. The instrument already allows the EU to receive co-funding from other international organisations and to cooperate with other multilateral organisations in its neighbourhood. Let us actively use these opportunities. Ultimately, it amounts to a question of credibility of EU policy. Therefore, the EU needs to stick to its commitments and maintain the geographical distribution of financial allocations, as laid down in the financial perspective for the years 2007-2013.;0.6;Emphasises multilateral cooperation, adherence to commitments, and balanced geographical funding, reflecting a clear stance on EU policy credibility.;PES
Recent geopolitical events involving our eastern neighbours have clearly demonstrated that there is also a need to better adapt the European Neighbourhood Policy to the needs of the region. In addition to this, it would also be important to accelerate the establishment of a free-trade zone and to conclude talks with Ukraine on the subject of visa freedom. I am, therefore, glad that the need for greater social engagement on the part of the citizens and local authorities, in terms of planning and implementing the ENP, has been stressed in the report. We should also remember that in order to ensure good, effective and mutually beneficial cooperation with our neighbours, it is extremely important and valuable to have an exchange of experiences and best practices, as well as training initiatives, including programmes for learning the languages of neighbouring countries.;0.8;Advocates concrete changes to the European Neighbourhood Policy – free‑trade zone, visa‑free talks with Ukraine and stronger citizen engagement – a clear pro‑integration, market‑liberal stance.;ALDE
Let us remember that the main objective of this report is to avoid the emergence of new dividing lines, or worse, splits, between the enlarged European Union and its immediate geographical neighbours, but also to enhance the stability and security of the area under consideration as a whole. More ambition in aid support, with the aim of enhancing administrative, local and regional capabilities in neighbouring countries and, also, of promoting exchange programmes for civil society. It is also imperative to clarify the relationship between European neighbourhood policy, a framework policy and regional initiatives, such as the Black Sea Synergy, the Union for the Mediterranean, and the future Eastern Partnership.;0.7;Calls for avoiding divisions, boosting stability and aid, and clarifying ENP relations – explicit policy orientation toward deeper EU neighbourhood cooperation.;PES
The European Neighbourhood and Partnership Instrument should contribute more to developing transport links between the European Union and the Black Sea, as well as between the European Union and the Republic of Moldova and Ukraine. Romania would like to develop more cooperation programmes between towns in Romania and the Republic of Moldova. I welcome the launch of the CIUDAD programme which encourages the development of dialogue between towns. The development of Community ports located on the Black Sea, the construction of liquefied gas terminals, as well as the development of rail and road links between states in the Black Sea region and Member States, must feature among the priorities which this instrument will be used for. In addition, I feel that this instrument must also be used for cooperation in the energy sector, as well as for expanding and integrating the infrastructure for transporting electricity to the Western Balkans region.;0.8;Specifies transport, energy and infrastructure projects as priorities for the ENPI, showing a firm commitment to regional integration and economic development.;PES
Thirdly and finally, it is essential to deepen the EU’s economic integration with the Eastern Partnership countries by extending the free-trade area to include these countries, as well as through social integration, the ultimate objective of which should be the abolition of visa requirements for residents of ENPI countries.;0.9;Demands deeper economic integration, extension of the free‑trade area and abolition of visa requirements – strong, explicit support for liberalisation and enlargement.;UEN
I therefore call on the Council to allow the citizens of the Republic of Moldova which, by the way, is the only country to share an official language of the European Union, to travel within the European Union without a visa.;0.9;Direct appeal to the Council for visa‑free travel for Moldovan citizens – a clear, pointed policy demand reflecting a pro‑mobility, integrationist position.;EPP-ED
The crisis in Georgia and the gas crisis highlighted to us that we cannot continually face threats from the east which target international stability and our energy security.;0.5;"Highlights security and energy threats from the east but does not propose a specific policy; it is a security warning rather than an articulated ideological principle.";PES
At the same time, we must streamline the mechanisms for evaluating the impact of the actions and finances involved in the Eastern Partnership so that European assistance is not misappropriated and misused by some governments against the political opposition. Our actions must always be well conceived so that citizens can see specific benefits from them. I feel that the European funding offered by the European Neighbourhood and Partnership Instrument should give priority to the measures aimed at cross-border cooperation in the area targeted by the Eastern Partnership.;0.7;Calls for stricter evaluation of Eastern Partnership funding and prioritising cross‑border cooperation, indicating a governance‑focused, anti‑corruption stance.;EPP-ED
I fully applaud initiatives such as the Black Sea Synergy and Eastern Partnership which consolidate cooperation with the countries in the region, especially the Republic of Moldova and Ukraine, as well as states from the Caucasus and the Caspian Region. We also need more active involvement in the Black Sea area, to provide a basis for consolidating relations with Turkey and Russia as this area is in the vicinity of the European Union, Turkey and Russia. The partnership is also a welcome incentive for the participating countries which will want to apply for Member State status of the European Union, such as the Republic of Moldova.;0.8;Applauds Black Sea Synergy and Eastern Partnership and mentions potential EU membership for partners – a clear endorsement of EU enlargement and regional cooperation.;EPP-ED
The simplification of procedures, the monitoring of how the neighbourhood policy is implemented and the supervisory role of the European Parliament are issues with which we have been grappling since 2005, and it seems there is not much more we can do in this regard. If we manage to finance the Mediterranean, Eastern and Black Sea neighbourhoods well, we will all be winners. We should, rather, concentrate on reforming the EU budget so that all the parts (Mediterranean, Eastern and Black Sea) will benefit from the future financial perspective.;0.7;Advocates procedural simplification, budget reform and balanced financing for Mediterranean, Eastern and Black Sea neighbourhoods – a policy‑oriented integrationist view.;UEN
It is important that the populations of these countries understand that European integration offers not only the opportunity to legally cross borders, but also a real chance to get the country out of its impasse. In this context, European projects must provide for more specific provisos and special funds for informing the population. Familiarising the population with both the benefits of integration and with the commitments which they assume once a country has joined the EU will have the effect of involving them actively in the democratisation process in society and considerably reduce the ability of the elite who are in power to use coercive measures against opposition political parties and civil society.;0.8;Emphasises informing populations, democratic participation and limiting elite coercion, reflecting a strong commitment to democracy and civil‑society empowerment.;PES
With regards to the use of this funding, it is particularly important to ensure the transparency of other sources, including private finance. The European Union should give more effective support to civil society and to political parties which are defending democracy.;0.7;Advocates EU support for civil society and parties defending democracy – a clear stance on democratic governance and EU’s role in promoting it.;EPP-ED
From the point of view of the security and welfare of our common home, both eastern and southern neighbours are equally important to us. Due to the events of the past summer – here I refer to the Russo-Georgian conflict – our eastern neighbours in my opinion justifiably expect a greater contribution from the EU to the safeguarding of stability. The EU’s involvement must not be limited just to declarative political support, but must also contain very real cooperation and assistance with the implementation of reforms. I am incredibly happy that Estonia is one of the 15 founding members of the recently founded Neighbourhood Investment Facility.;0.8;Calls for stronger EU security and stability involvement in Eastern neighbours, endorsing concrete EU action and reform assistance – explicit foreign‑policy principle.;PES
The crisis leads to a drop in prices for raw materials, fewer investments, less trade credit and less money being sent home by immigrants. That is why we have been looking for a modest instrument with which the EU can implement policy in developing countries that does not, strictly speaking, fall within the scope of fighting poverty. The EU’s own interests – European students making study trips – may not be financed under Article 179. Moreover, the EU, when spending development funds, has to meet the criteria legally prescribed in respect of development cooperation, namely those of fighting poverty. As rapporteur – and the Committee on Development will back me up on this – I cannot agree to Article 179 as the legal basis.;0.4;Discusses legal basis for EU development funding and the need to respect poverty‑fighting criteria – a procedural argument with a weak ideological angle about aid priorities.;PES
Therefore, the most realistic option seems to be the creation of a new instrument for actions other than public development aid for countries falling under the Regulation.;0.2;"Suggests a new instrument for non‑aid actions; primarily a technical suggestion without a broader political principle.";PES
So, I welcome Commissioner Ferrero-Waldner’s statement that Article 181a is there to make it possible to look for the funds to do what some of my colleagues are hoping to do.;0.2;"Welcomes a statement about a legal article to enable funding; expression is limited to procedural support, not an ideological stance.";EPP-ED
This separation is a very relevant political message in itself and it would give proper visibility to the EU’s development cooperation policy.;0.3;Notes that separating funding streams is a political message, hinting at a preference for clearer EU development policy but lacks a concrete principle.;PES
The European Union has set up numerous programmes and financial instruments under the auspices of different agencies, each covering only certain limited aspects of the problems that the developing countries are currently facing. At the moment, the European Union is both institutionally fragmented and legally hindered as far as development aid is concerned.;0.5;Criticises EU fragmentation and legal hindrances in development aid, implying a belief in more integrated and effective EU institutions – moderate ideological content.;ALDE
The Committee on Development opts for a narrow interpretation of Article 179 and must therefore resort to articles intended for domestic policies as a legal basis. The Committee on Foreign Affairs, the Committee on Legal Affairs, Parliament’s Legal Service, the ECJ, the Council and the Commission all read Article 179 differently.;0.2;"Describes differing legal interpretations of an article; mainly factual without advocating a political principle.";EPP-ED
Financing actions of this kind is important from a political perspective as it can ensure continuity of the European Union’s presence in the countries and regions which have already gone beyond the initial development stage. However, it is vitally important that the funds used to finance these actions do not come from sources earmarked for development, but from different budget lines.;0.3;"Emphasises financing continuity while keeping funds separate from development budgets; a procedural view with minimal ideological implication.";PES
I endorse his first comment about the economic crisis, its particular impact on the developing world and, indeed, the fact that we are not reaching our target of 0.7% in aid. The use of Article 179 as the legal basis for non-development activities is clearly not appropriate and, as such, would contravene both the EC Treaty and the acquis communautaire. It also opens the possibility that, in future, non-ODA activities may be financed from budget lines which are intended for genuine development activities.;0.7;Endorses the 0.7 % aid target and argues against using Article 179 for non‑development activities, asserting adherence to treaty obligations and proper aid policy.;EPP-ED
Creditworthiness is particularly important during financial crises, so that these enterprises can still obtain microcredit. It is with this in mind that I hope development policy takes the right course.;0.2;"The statement only expresses a vague hope that development policy will be correct; it does not explicitly advocate a concrete political principle or institutional change.";EPP-ED
I am not against this if the Commission sees it as a way out for the non-ODA activities we all deem necessary and important, and I will go along with it. If I cannot reach agreement with the PPE-DE Group before we vote tomorrow at noon – which will be a pity – I shall ask for a referral back to my committee. I would be very sorry if this is the position of the PPE-DE Group, because we all agree on the need to maintain development aid at the level it is today, and we all know that it is shrinking with the economic crisis.;0.5;Calls for maintaining current levels of development aid, indicating a preference for a specific funding policy, but the argument is relatively general and not strongly framed as an ideological commitment.;PES
The Committee on Foreign Affairs does not consider it desirable to limit the new legal basis for the instrument to a few areas of cooperation. In addition, the policy fields currently envisaged (culture, youth, research) are borrowed from European domestic policy and have not, up to now, been intended to define cooperation with third countries. What happens, for example, if, in the near future, it becomes desirable to cooperate with other countries in matters of climate policy? Do we have to create a new legal basis for the instrument each time? This is the only reason why the Group of the Greens/European Free Alliance, together with the second rapporteur from the Committee on Foreign Affairs, withdrew the amendment on Monday. However, this report is just a recommendation to the Commission.;0.6;Argues for a flexible legal basis for EU external cooperation instruments and mentions climate policy, reflecting a clear stance on how EU foreign policy should be structured.;EFA
To conclude, I would once again like to thank all the shadow rapporteurs, the Commission for their excellent contribution, and also the services of the ITRE Committee for the help that they have given me in drawing up this report. I must say that Parliament agrees with the Commission that, in view of the globalisation of research and the emergence of new scientific and technological powers such as China and India, we urgently need to speed up, and, to that end, incentivise, the construction of a new European research area. On this point I would like to say once again that in an initiative of this calibre, Parliament should have played a much more decisive role.;0.8;Advocates speeding up and incentivising a new European research area and a more decisive parliamentary role, explicitly promoting deeper EU integration in research.;PES
We are talking here not only about research carried out at universities – academic research – or in industry but also, in particular, about research carried out in small and medium-sized enterprises. After all, it is also important that these research results continue to be presented and made available. The Commission’s initiative on this is particularly to be welcomed, therefore, as the organisation of such initiatives of course reinforces the international possibilities. International cooperation, in particular, is increasingly important for us in Europe, as it is for our partners. After all, we in Europe have made ourselves the part of the world with the greatest purchasing power, and our 500 million citizens have the right to have the research results drawn up as quickly and efficiently as possible.;0.5;Emphasises international research cooperation and citizens' right to rapid results, showing support for a policy of open, EU‑wide research collaboration.;EPP-ED
Young, ambitious European researchers will not be forced to travel across the ocean to implement their ideas.;0.3;Mentions that European researchers will not have to go abroad, a statement of preference but without a clear political principle or policy prescription.;PES
I am convinced that by setting up a network of scientific research partnerships among Member States, we will be able to achieve a competitive and profitable economy based on knowledge and innovation. It would not be possible to exchange knowledge without the relevant infrastructure, because it plays a key role in establishing an effective environment for carrying out up-to-date and extremely necessary research. We also have not had the relevant legal instruments which would make it possible to set up a suitable partnership with participants from various states which is, in fact, the key to success in this area.;0.7;Calls for a network of Member State research partnerships and legal instruments to build a knowledge‑based economy, clearly endorsing a specific EU‑level structural policy.;ALDE
The truth is, of course, that institutional competition is necessary for successful institutional reforms. Imagine if an international legal research framework had been established 50 years ago. Changing international treaties is difficult and proceeds far too slowly. Progress is made if countries can easily reform their national institutions. However, the proposal is ruined completely by the fact that the Commission also wishes to regulate the taxation of this legal entity at EU level.;0.8;Defends institutional competition and opposes EU‑level taxation of a legal entity, presenting a strong position on national sovereignty versus EU fiscal authority.;DEM
It is absurd, to say the least, to note that special permission is required from the European Union for that but still, it is progress.;0.2;"Criticises the need for EU permission in a vague way; no concrete political principle or policy proposal is articulated.";EPP-ED
I welcome the fact that these infrastructures can receive cofinancing through Cohesion Policy financial instruments, in accordance with the regulations on the European Regional Development Fund, the Social Fund and Cohesion Fund. I want to emphasise that it is vitally important that these infrastructures establish the link between research institutes and structures, universities, academia and the private sector, with industrial sectors benefiting from the use of research results. However, I would like to mention that, above all during the current crisis, we need to make sure that at least 1% of a Member State’s GDP is allocated to research.;0.8;Calls for co‑financing via cohesion funds and a specific target of 1 % of GDP for research, explicitly advocating a budgetary policy for EU research investment.;PES
The notion of a common European Research Area and of a Community legal framework that is applicable to European research infrastructures has been the basic principle for achieving the objectives of the Lisbon Strategy relating to economic growth, the creation of jobs and establishing a dynamic, knowledge-based economy. We have proposed to provide research with competitive financing, adequate infrastructures and intellectual property regulations, as well as efficient mobility for researchers in our desire for the European Union to be a top international research partner. Homogenous distribution of these infrastructures and of research opportunities within the European Union would be beneficial to the whole European Union and would help to combat the migration of scientists from East to West.;0.8;Advocates a common European Research Area, a Community legal framework and homogeneous distribution of research infrastructure – a clear stance on EU integration and research policy, expressing how the EU should be structured.;EPP-ED
I fully support the establishment of legal status for new European research infrastructures for pan-European research projects and pan-European funding. Could you extrapolate from what we are experiencing at the moment in the EU, with what we have available in FP7 and from Member States, in view of the collapse of economic growth throughout the EU at the moment – we are not alone globally – whether we will be able to compensate with increased public sector funding in R&D? My second point concerns the frightening prospect as regards the EU’s world share in patent applications, which has declined by an alarming figure.;0.6;Supports legal status for pan‑European research infrastructures and calls for increased public‑sector R&D funding, indicating a firm position on state‑driven research investment.;EPP-ED
Therefore, I endorse the measures concerning the establishment of a legal framework for the European Research Infrastructure. The question of appropriate taxation is also important in this case. I also think that better cooperation is needed between research centres and the economy, including small and medium-sized enterprises. We should remember that the Lisbon Strategy provides for a share of three per cent of GDP for expenditure on research and development.;0.7;Endorses a legal framework for research infrastructure, stresses appropriate taxation and a 3 % of GDP target for R&D, showing a concrete fiscal and research policy commitment.;UEN
The roadmap drawn up by ESFRI was certainly a step forward towards better planning of research infrastructure at European level. It is therefore essential that we mobilise sources of funding, both national and private, as far as possible, especially from industry, although as the Commissioner rightly said, this is not a very good time. I would like to ask the Council once again to listen to our message.;0.4;"Calls for mobilising national and private funding for research infrastructure but does not articulate a broader ideological principle; the value signal is weak.";PES
The vote will take place on Thursday, 19 February 2009.;0.0;"Only provides the date of a vote; no political principle or ideological stance is expressed.";EFA
I firmly believe that by establishing this institutional framework for supporting research activity, we will see results which will bolster the European economy. The reason for this is that research is not a fad, but a necessity which guarantees the European economy's competitiveness at a global level. I would like to stress one extremely important area where research can play an important role. In the next 25 years, as a result of urbanisation, it is expected that almost 25% of land will be withdrawn from agricultural use. This is yet another reason for supporting greater research activity and ensuring a uniform European framework.;0.6;Frames research as essential for European economic competitiveness and cites urbanisation impacts, advocating a strong EU‑wide research framework – a clear policy position.;EPP-ED
I welcome the report on establishing a legal framework for the European Research Infrastructure (ERI), as well as the Commission’s proposal for a regulation in this area. ERI is a response to a real need on the part of European researchers and will undoubtedly help boost competitiveness in European science. Community policies in this area must combine scientific excellence with triggering an influx of researchers and effective infrastructures into countries, such as the new members of the European Union from the accession rounds in 2004 and 2007.;0.8;Welcomes a legal framework and stresses the need to attract researchers to new member states, reflecting a commitment to EU enlargement and integrated research policy.;EPP-ED
That is why I think it is right that we make a political commitment, at the highest level, on behalf of and with children. The EU must see in its partnership with the developing countries the opportunity to influence public policy to save children’s lives. Priority actions for children must be promoted when the European Commission negotiates the country strategy papers’ regional and thematic strategies, when they are drawn up, and subsequently when they are reviewed. I welcome the Commission’s intention to draw up partner national action plans for children. We need assurances that even the most marginalised children – including children with disabilities and orphans – have access to equitable health, welfare and judicial services. I believe there needs to be more and better training of Commission staff – both in Brussels and in delegations – particularly in how they manage the participation of children. I trust there will not be any decision that the public consultation – including with children – will be put on hold until a new Commission and Parliament is in place.;0.8;Calls for a high‑level political commitment to children’s rights in EU development cooperation, demanding equitable health, welfare and judicial services – a distinct ideological stance on child welfare and EU external policy.;PES
The vote will take place on Thursday, 19 February 2009.;0.0;"Only repeats the voting date; contains no ideological content.";EFA
It is our duty to ensure that we are the ones who build a better future, not only for Europeans, but also for the developing countries. It is children who represent the future and we must ensure that their rights are enforced and respected in third countries which receive European funding. It is a matter of priority that in relations with third countries, the European Union ensures that children’s rights to education and access to medical services are guaranteed. It is true that we are going through a period of financial crisis, but we cannot overlook the fact that somewhere in the world, a child dies every three seconds and every minute a woman dies in childbirth. Given that children make up half of the world's population, we must consider that the rights of children are a priority in the European Union’s development policy.;0.9;Strongly emphasizes the EU’s duty to protect children’s rights in third countries receiving EU funding, linking development policy to child welfare – an explicit, robust ideological commitment.;PES
The Member States must improve the implementation of the directive on informing and consulting employees, particularly in the current context of the financial crisis and of its consequences for companies as they restructure, merge or move abroad. Workers’ rights to information and consultation are essential components of the social market economy. The transposition of Directive 2002/14/EC has been considerably delayed in some Member States. In this own-initiative report, we point out that the impact of this directive is evident in the countries where no general system of worker information and consultation existed. The report also emphasises that, in their transposition measures, some Member States have not included some young workers, women working part-time or workers employed for a short period on temporary contracts. We ask that the Member States define precisely the term ‘information’ by allowing workers’ representatives to examine the data supplied and not to content themselves with awaiting the end of the information procedure if the companies’ decisions have direct consequences for the workers. Finally, in an improved coordination of the different legislative instruments, we also invite the Commission to examine what is required to coordinate the six directives and the regulation on informing employees, so that any amendments to get rid of overlaps and contradictions can be made. As this type of advance in workers’ rights is more than beneficial, the Union owes it to itself to guarantee that the Member States transpose the obligations of the directive correctly and in full.;0.85;Explicitly advocates stronger EU‑wide implementation of the employee information and consultation directive, linking it to the social market economy and calling for concrete legislative coordination – a clear political principle about workers’ rights and market regulation.;PES
We pass on this report, to which social actors and associations have contributed a great deal, to the Commission, in the hope that despite the short time remaining before the end of this electoral term, it will find the time, Commissioner – you represent the whole Commission here today – to put together some initiatives, and give a clear signal, so that the next Parliament and the next Commission do not have to start again from scratch but have something solid to build on. It is a sector comprised of different operators – cooperatives, mutual societies, foundations, social enterprises and associations – which share specific values and make a significant contribution to GDP. These are concepts that form part of the ideological heritage of the European Union – one need only think of Delors – since we have often acknowledged the social economy as the keystone of the European social model, but then done very little about it. The world of the social economy is, by contrast, more locally rooted, closer to the real economy and to people and therefore protected from speculation, as has proved the case.;0.7;Calls for Commission action to recognise and support the social economy as a keystone of the EU social model, urging concrete policy measures – clear ideological support for a specific sector and the EU’s social‑democratic heritage.;ALDE
We call on the Commission and Member States to develop a legal framework which will recognise the social economy as a third sector and apply regulations that clearly stipulate which entities can operate in this sector so that no other type of organisation can benefit from the funding or public policies intended to encourage enterprises in the social economy. We also call on the Commission and Member States to offer financial support, training and consultancy and also to simplify the procedures for setting up enterprises in the social sector. In this way, the social economy will fulfil its effective role against the general backdrop of the European economy, by not only helping combat poverty, but also by facilitating access to resources, rights and services which citizens need to be able to participate in society.;0.75;Demands a legal framework that recognises the social economy as a third sector, with regulations, funding and simplification, showing a firm stance on how the EU economy should be structured.;PES
Social economy indeed requires visibility – through better knowledge of EU-wide data – for better achieving the objectives of solidarity, employment, entrepreneurship, growth, competitiveness social cohesion and social dialogue in the Union as a whole. Social economy is increasingly becoming an important actor at local and regional levels and has now, more than ever – due to the serious impacts of the financial crisis – a major role to play in European social and economic development.;0.5;Emphasises the need for data visibility to achieve solidarity, employment and cohesion goals of the social economy, indicating a supportive but less concrete ideological position.;PES
We have talked and written a lot about the social economy, but without a European statistical base it will not become visible in our everyday lives. Participating organisations, on the other hand, are too small to become known on a macro-economic level.;0.2;"Only notes the lack of a statistical base for the social economy without proposing any policy change; essentially a factual observation, not a clear ideological commitment.";PES
Depression is one of the most common disorders and, by 2020, will be the most common illness in the developed world. We will therefore all agree that there is a need to take a concerted approach to the challenges posed by mental health and that it concerns us all. At the same time, we are formulating proposals within the framework of the five priority areas of the Pact.;0.3;Mentions the widespread nature of depression and a need for a concerted approach within the Pact, but offers no specific policy prescription – weak value signal.;PES
Mental health disorders are national health problems in many countries, as they have a significant influence on the people involved, their families and society in general. Mental health disorders also often lead to disability and can thus cause a significant economic burden on society. In accordance with the World Bank’s 1993 development report, four of the ten most common causes of disability were mental health and/or neurological disorders. Despite the extent and seriousness of the consequences of mental health disorders, there are still countries in the world and in Europe today where insufficient attention is devoted to the problem. This, in turn, leads to insufficient attention being devoted to mental health, limited availability of services, the shortage of alternative treatment methods and insufficient information about treatment possibilities.;0.35;Highlights insufficient attention to mental health and its societal costs, implicitly calling for more focus, yet without concrete political proposals – a vague ideological cue.;ALDE
I think that we should take far-reaching steps to defeat these diseases of civilisation. Such people very often display antipathy towards others, feel alienated, and have a fear of the censure of society.;0.2;"General call for ‘far‑reaching steps’ against disease without specifying political measures; lacks clear ideological content.";UEN
Parliament’s initiative to improve information on mental health is a very positive step, therefore. There should be more public discussion of approaches to mental disorders and, in addition, methods for preventing mental illness should be made accessible to the general public.;0.4;Praises a parliamentary initiative and urges more public discussion and accessibility of prevention methods for mental illness – modest advocacy for public policy awareness.;EPP-ED
Likewise, here in the European Parliament, there has been a lot of discussion about various alternative transportation routes, the expansion of storage capacities, as well as the future role of nuclear energy. I am particularly pleased that the report on the National Energy Efficiency Action Plans has provided an opportunity to discuss this topic during the last few weeks. The significance of energy efficiency lies in its ability to achieve perceptible results faster than by any other means. As Energy Commissioner Andris Piebalgs has recently pointed out, EU measures on off mode devices could reduce standby losses by the equivalent of Hungary’s annual energy consumption. Therefore, we agree with the 2006 EU Directive setting out measures for the Member States to summarise in National Action Plans their planned measures for improving energy efficiency. In the current report, we attempted to draw general conclusions regarding the aforementioned Action Plans. At the same time, our goal was to define necessary future steps in EU legislation. Secondly, resources dedicated to improving energy efficiency need to be increased at both national and Community levels. Thirdly, there is a continued need for legislation in energy efficiency in the European Union.;0.8;Strongly supports EU energy‑efficiency legislation, calls for increased resources and further legal measures, reflecting a clear environmental‑policy stance.;EPP-ED
Therefore, let me remind you that it is important to diversify EU energy sources and supply routes more with the aim of mitigating the negative effects which may arise due to a future oil crisis. The dependency of EU Member States, in particular EU ‘energy islands’, on the import of energy supplies and existing infrastructure varies. Can we talk of a single energy market, if, for example, the Baltic States, including Lithuania, are energy islands? On paper, we are creating an ambitious European energy policy but, in practice, the bilateral energy policy continues to dominate. We could and should try to change the situation through diversification and solidarity. We must complete the missing energy links and establish an EU coordinating mechanism, aimed at reacting to similar crises. It is essential that Member States which are most dependent on energy supplies have sufficient reserves of these supplies.;0.7;Explicitly advocates EU‑wide diversification of energy sources, a coordinating mechanism and solidarity, outlining how EU energy policy should be structured.;ALDE
Experience from the first assessment of the national action plans demonstrates in practice that conditions in the EU have not yet matured to the point at which measures to promote energy efficiency can be supported. The EU should therefore proceed without further delay to include energy efficiency in all its sectoral policies, with clear proposals and support measures, and to increase Community aid in this direction.;0.7;Calls for the EU to embed energy efficiency in all sectoral policies and increase Community aid, clearly stating a policy position for EU governance.;PES
Greater investment in research and development, and in the collection and processing of reliable data, would result in a more solid and sustainable Common Fisheries Policy. Firstly, Commissioner, the amounts laid down in the Seventh Framework Programme for marine research, which should have been a cross-cutting issue, seem to be insufficient for the integrated approach that is currently desired for this issue. To summarise, the objective of European Union maritime policy of achieving productive fisheries in a clean marine environment requires that the scientists that work in this field have access to horizontal funding mechanisms in the Seventh Framework Programme.;0.6;Demands greater EU investment in R&D and funding mechanisms for a sustainable Common Fisheries Policy, indicating a concrete stance on EU budgetary priorities.;PES
For this reason, apart from Member States’ efforts to become actively involved in promoting policies aimed at making energy consumption more efficient, there must also be coordination at Community level in order to achieve much better results. According to a study, it is possible at Community level to reduce energy loss by roughly 27%, which means, by implication, a reduction in the costs which citizens are obliged to pay. As a result, the measures which will be taken in the future must consider simplifying these procedures.;0.6;Calls for Community‑level coordination on energy‑efficiency measures and procedural simplification, expressing a clear preference for EU‑wide regulatory action.;EPP-ED
Energy efficiency is all the more important at the moment as we face real challenges concerning the provision of energy supplies to the EU and as we need to make more consistent efforts to reduce carbon dioxide emissions. I support an approach to the energy efficiency problem which is consistent with the other EU policies, in particular, the package for combating climate change and the necessity to diversify energy sources. I firmly believe that the R&D sector must be supported as this can make a significant contribution to boosting energy efficiency. The Commission and Member State governments should give stronger support to projects intended to boost energy efficiency, whether we are talking about investments to make public transport as energy efficient as possible, insulating buildings, etc. I think that government resources should be channelled more in this direction rather than towards subsidising the price of energy, as these projects provide, at the same time, support to vulnerable consumers faced with rising energy prices.;0.7;Supports a policy mix that prioritises R&D and government funding for energy‑efficiency over price subsidies, showing a distinct ideological view on resource allocation.;ALDE
One in four people suffer from mental health problems at least once in their life. It is estimated that by the year 2020, depression will have become the most common illness in the developed world and the second main reason for incapacity for work. Although there have been dramatic leaps forward as regards standards of care and general attitude, people who suffer from mental health problems and their families are being marginalised more and more often.;0.1;Only describes mental‑health prevalence and marginalisation without proposing any policy or ideological stance.;EPP-ED
I support this report since it entails a comprehensive approach to the challenges we face in the mental health sector, such as combating stigma, discrimination and social exclusion, but also recognising the need for preventive programs, public support and adequate treatment of people. I believe we should strongly support further research in this area, with special attention to the growing elderly population in Europe, which is hoping for a healthy, dignified and active ageing.;0.5;Advocates stronger public support, research and preventive programmes for mental health, but the stance is general and not tied to a specific political principle.;PES
I feel that the European Union and Member States should encourage and support forms of implementation of the social economy, e.g. cooperatives, mutual societies, associations and foundations, in their legislation and policies. I feel that the role of women in the social economy must be reinforced, given their involvement in associations and voluntary organisations. I urge the Commission to integrate the social economy in the other policies and strategies for social and economic development, especially in light of the Small Business Act, as the structures of the social economy are primarily targeted at small and medium-sized enterprises and services of general interest. These efforts could also be supported by creating a statistical register of enterprises in the social economy in each European Union Member State and by inputting the data into the EUROSTAT European statistics system.;0.8;Strongly promotes the social economy, gender inclusion, and integration of these sectors into EU policies, reflecting a clear ideological commitment to social‑economy and gender equity.;PES
I also feel that it must become an obligatory practice in the situation where a multinational company is being restructured for trade-union representatives from all branches of the company to be invited to negotiations and consulted, not only those from the Member State in which the company has its head office. I feel that it is important to regularly update the legislation concerning the rights of workers to be informed and consulted and include this item on the agenda for European social dialogue, both at an interprofessional and industrial level.;0.8;Calls for mandatory EU‑wide trade‑union representation in multinational restructurings and updated workers’ rights legislation, a firm position on labour rights and EU governance.;PES
I have taken a particular interest in the issue of children’s rights in the context of foreign relations. My opinion stresses that all measures in the interests of children’s rights should give priority status to parents and immediate relatives of children. The opinion asks the Commission to emphasise the importance of the need to register every child at birth in all third countries as part of the Commission’s development policy, and to make its aid programmes dependent on this requirement. I support any attempt to promote development aid. I do, however, insist that humanitarian organisations and international bodies responsible for allocating aid guarantee that the aid and funding allocated actually reaches the children it is destined for, and is not squandered.;0.7;Advocates linking development aid to child‑registration requirements and stresses children’s rights in foreign policy, indicating a concrete policy principle for EU external action.;EPP-ED
It is tragic that many lives can be saved with the appropriate measures, be they medical or financial, and still the situation is aggravating. Special attention has to be given to the most vulnerable and socially excluded girls and boys, including disabled children, migrant children and children from minorities. The Committee on Development adopted this own-initiative report (drafted by Glenys Kinnock (PES, UK) on a special place of children in EU external action in response to the Commission communication on the subject.;0.6;Advocates a concrete policy of giving special attention to vulnerable and migrant children, expressing a clear stance on social protection and inclusion within EU external action.;PES
Establishing European research infrastructures guarantees that research will reach a high level. In addition, it will create new opportunities for closer collaboration between teams of European researchers which may also be joined by numerous students and technical staff, thereby helping attract young people into hi-tech research. This legal framework must also ensure better cooperation between industry and academic research, thereby facilitating the implementation of innovations. I support the rapporteur’s proposal which asks the Commission to regularly report to the European Parliament on the status regarding the development of the European research infrastructures. Establishing a common legal framework is absolutely necessary in order to facilitate and accelerate the development of these infrastructures.;0.8;Calls for a common legal framework and EU investment in research infrastructures, clearly supporting EU‑wide scientific collaboration and market regulation in research.;EPP-ED
A little over a year ago, on 8 January 2008, you received a communication from the Deputy Secretary-General, on a decision of the Conference of Presidents of 27 October 2007. Point 3(B) very clearly states that ‘catch the eye’ time is a maximum of five minutes, and is limited to a maximum of one minute per speaker.;0.0;"Only describes procedural rules for speaking time; no political principle or ideological position is advanced.";EFA
The Union’s central role as a key actor in development cooperation should be strengthened even further in the future. In order to stabilise the economies of the developing countries and bring peace to them, it is vitally important that the Union keeps to its target to increase its share of development aid by 0.7% of GDP by the year 2015. This alone, however, will not be enough. It is essential to achieve general coherence in development cooperation among the different institutions. Financial investment and projects intended to build infrastructure and for more satisfactory adherence to the notion of human rights need to be undertaken in such a way that they support one another. The EU needs to establish the necessary instruments for implementing coherent development policy measures. The Union’s current legal basis for development cooperation, however, is flawed in terms of legislation, and that is why I would like to thank the rapporteur for raising what is an important issue. Projects aimed at improving the transport, technology and energy sectors and the dialogue between the scientific community and NGOs are essential for the social viability of developing countries. The main goal of such projects is not, however, to foster economic development and prosperity in the developing countries, and they do not therefore meet the criteria for official development aid as set by the Organisation for Economic Cooperation and Development.;0.7;Pushes for higher EU development aid, coherent policy and human‑rights‑based projects, reflecting a strong commitment to redistribution and international development policy.;EPP-ED
The primary objective of the European Neighbourhood and Partnership Instrument as well as the accession incentive vis-à-vis Armenia, Azerbaijan, Georgia, Moldova, Ukraine and Belarus is to ensure continuous progress towards consolidated democracies in those countries.;0.8;States the explicit goal of EU neighbourhood instruments to promote consolidated democracies, a clear endorsement of democratization and EU integration as political principles.;ALDE
Closer cooperation with our neighbours from across the eastern border is not only beneficial for both sides, but it is also essential and strategic in terms of Europe’s security. The political and economic situation beyond our eastern border has a direct influence on the situation in the entire EU, and on our economic equilibrium and security. This is why the development of the European Neighbourhood Policy requires our active involvement in the situation in the Southern Caucasus region, and in events concerning our closest neighbours.;0.6;Advocates closer cooperation with eastern neighbours for security and economic stability, presenting a strategic foreign‑policy position for the EU.;UEN
The all-round intensification of cooperation and partnership, the reasonable use of resources and the avoidance of duplication, an appeal to members of both to be more flexible, goal-oriented and pragmatic – this report contains everything that we in Europe, and also in the European Parliament, have always emphasised in our positions. This would definitely be a solution for the Turkey issue from NATO’s point of view. The new aspects presented in the report and the positions guiding EU security-related activities will help the EU to stand up for its security interests more effectively, as the von Wogau report recommends.;0.6;Calls for intensified EU‑NATO security cooperation and a pragmatic approach to the Turkey issue, indicating a clear security‑policy stance.;PES
Yet it is not a position that Europe could or should have followed.;0.2;Only a brief negative judgment about a position without specifying any political principle or policy recommendation.;PES
Over 100 000 people have been displaced and more than 15 000 homes have been destroyed. Basic infrastructures and key public services have been destroyed or dismantled, threatening the response to the most basic needs of the Palestinian population. This aggression is part of the strategy to overcome the legitimate resistance of the Palestinian people to the occupation and to undermine the conditions required for building a Palestinian state.;0.5;Condemns Israeli aggression and frames it against Palestinian resistance, reflecting a stance on the right to self‑determination but lacking an explicit policy prescription.;NGL
The Israeli authorities are being requested to allow an adequate, continuous flow of humanitarian aid, including all the necessary materials so that the UN agencies such as UNRWA (United Nations Relief and Works Agency) and international organisations can carry out their activities and tend to the population’s needs.;0.7;Demands that Israeli authorities allow continuous humanitarian aid, explicitly advocating a humanitarian principle and policy action.;EPP-ED
The situation affecting Gaza’s population is tragic and must be resolved urgently. The flagrant violation of human rights and freedoms in this region is a cause for concern for the European Union, from the perspective of both its relations with Israel and of security and stability in the Middle East. The European Union must adopt urgent measures to provide humanitarian assistance to the population in the Gaza region, while also thinking in the medium and long term about measures designed to promote peace, security and stability in the area.;0.7;Advocates a clear EU foreign‑policy principle: the Union must take urgent humanitarian and peace‑building actions in Gaza, expressing a stable commitment to human‑rights‑based intervention.;PES
By doing so, they have put the support for this important Commission proposal at serious risk. I regret this deeply because it has created completely the wrong impression about the European Parliament's position. We agreed that we would no longer bicker about these amendments during the plenary, but would instead accept Commissioner Kovács’ proposal with a resounding ‘yes’. It is, however, clear that Parliament is very much in favour of energy efficiency. We therefore hope that the Council will embrace the proposal by Commissioner Kovács and that this important vote today does not degenerate into internal squabbling.;0.6;Calls for Parliament to support the Commission’s energy‑efficiency proposal and to vote ‘yes’, showing a definite stance on energy policy and legislative cooperation.;PES
However, the EU needs a more sensible view of how reduced VAT rates can be used to promote jobs and growth, particularly on the local market and for labour-intensive services. Thus, we need reduced VAT on the likes of restaurant services, care services for young people, the sick, the disabled and the elderly, hairdressing services and new goods such as audio books, which are very important in my own country, CDs, child car seats and babies’ nappies, as well as domestic services such as renovation and repair work and cleaning. As an aside, I would like to say that it is not easy to understand how these texts and the voting procedure are handled in this Parliament.;0.8;Explicitly argues for reduced VAT on a wide range of services to create jobs and growth, a concrete economic‑policy position that maps onto tax‑reform and market‑regulation ideology.;ALDE
The most important of our amendments concerns applying reduced rates to alcoholic beverages in restaurants.;0.6;Specifies a policy preference for applying reduced VAT rates to alcoholic beverages in restaurants, indicating a clear fiscal stance.;EPP-ED
I hope, therefore, that everyone here will behave responsibly and vote in a coherent way. If we think that the Commission’s proposal is good, then we must support it. We have had many debates about VAT, about subsidiarity and about the need for tax harmonisation.;0.5;Encourages coherent voting on the Commission’s proposal and mentions subsidiarity and tax harmonisation, signalling support for these EU governance principles, though without strong elaboration.;PES
I hope with all my heart that his crowning achievement, this directive, will go through with solid support from Parliament. In the end, the group’s coordinators reached the consensus that Mr Kovács had probably struck the right balance. We would have liked you to extend the reduced VAT rates to all goods covered by the Kyoto Protocol.;0.6;Supports extending reduced VAT rates to goods linked to the Kyoto Protocol, tying fiscal policy to environmental goals, a recognizable ideological commitment.;EFA
This will secure jobs, particularly in small- and micro-sized enterprises, and bring whole sectors out of the underground economy and transform them into a regulated economic activity. Of the amendments tabled, we support those that are in favour of extending the reduced VAT rates. As regards the supply of alcoholic beverages, however, the existing regulations should remain in place. Member States should, therefore, be given a free hand in this regard, too.;0.7;Advocates extending reduced VAT rates while preserving Member‑State discretion on alcohol regulation, combining tax‑policy preference with a subsidiarity principle.;NGL
Right now we need to make urgent decisions in order to overcome the economic crisis. However, there are doubts as to whether the restaurant services mentioned are just of local significance, or whether they would encourage different conditions of competition in border regions and have an impact on tourism. Price growth, which is disproportionate to an increase in VAT, clearly shows who benefits.;0.3;Provides analytical comments on competition and price growth during the crisis but does not clearly advocate a specific political principle.;ALDE
Firstly, the crisis demands a thorough analysis of the errors inherent in the economic strategy that has been applied to date. In this regard, the efficiency and effectiveness of the tax and VAT system should be analysed. There is no doubt, however, that the tax system and the VAT rate should be drawn up in accordance with the principles of the freedom, independence and sovereignty of the Member States.;0.8;Calls for the tax and VAT system to be shaped according to the freedom, independence and sovereignty of Member States, a strong statement of national‑sovereignty/subsidiarity ideology.;UEN
The proposal in question is, however, aimed at extending the application of reduced VAT rates to a variety of services, including labour-intensive services, restaurants, locally-supplied services, construction and transfer of housing, and services provided for the disadvantaged. It should, however, be remembered that the majority of the services in question can already benefit from a reduced rate, if only in a limited number of Member States and for a limited period.;0.4;Describes the reduced‑VAT proposal and notes existing limited benefits, but does not take a decisive stance, resulting in a weak ideological signal.;EPP-ED
The Member States currently need effective instruments in order to protect jobs and prevent a recession.;0.4;Calls for “effective instruments” to protect jobs and avoid recession, which hints at an economic policy stance but remains vague and does not specify a concrete principle.;PES
Of course, the potential net economic benefit of reducing VAT rates depends not just on the characteristics of the relevant sector, but also of the specific economic environment in the relevant Member States.;0.1;Merely describes factors influencing the benefit of VAT reductions without advocating for or opposing any policy.;ALDE
This Parliament has asked the Commission and the Member States on several occasions to improve coordination between macroeconomic and social policies in order to redress the rise in new forms of poverty. Indeed, we must not forget that approximately 17% of European families are now living below the poverty line and one child in five is poor.;0.7;Advocates stronger coordination of macro‑economic and social policies to combat poverty, expressing a clear commitment to social equality and redistribution.;UEN
In addition, the European Commission has prepared a proposal to extend Member States’ options for applying a reduced VAT rate. From the economic and environmental policy viewpoint, it is also important to apply a reduced VAT rate to energy-saving materials and services connected with energy saving and energy efficiency. I call upon the European Commission to speed up the consideration of this issue and to prepare proposals on these points as swiftly as possible. These are welcome changes and demonstrate the European Union’s readiness to react quickly to the economic crisis to the limits of its capabilities. I hope that the Council will also support these changes. It just remains to urge the Member States to use these new possibilities in the application of reduced VAT rates.;0.8;Explicitly urges the Commission and Council to adopt reduced VAT rates for energy‑saving goods and services, linking fiscal policy to economic and environmental goals.;EPP-ED
It will be beneficial to extend the reduced rates to babies’ nappies and equipment for people with disabilities, electronic books, environmental sewerage and recycling works, as well as all housing, places of worship and cultural and artistic heritage, restaurants, gardening and personal care services.;0.7;Proposes extending reduced VAT rates to a wide range of socially beneficial items (e.g., nappies, disability equipment), reflecting a welfare‑oriented tax‑policy stance.;PES
The euro-sceptics are anti-Brussels, anti-Frankfurt, now they are starting to be anti-everything.;0.3;Labels euro‑skeptics as anti‑Brussels/Frankfurt, indicating opposition to a political current, but does not articulate a concrete principle or policy proposal.;EPP-ED
Thousands of low-skilled jobs are being lost every day in every Member State. Low VAT rates have been shown to encourage employment in services, assist SMEs, and, indeed, make the informal economy less attractive. I support the rapporteur’s approach and I hope that my own government, the Irish Government, will opt into this proposal, which unfortunately it has not done to date.;0.7;Supports low VAT rates as a tool to preserve low‑skilled jobs and reduce the informal economy, showing a clear preference for tax policy to boost employment.;PES
Member States can apply reduced VAT rates to the provision of natural gas and electricity, heating or cooling systems, to children’s clothing and footwear, to books, newspapers and magazines, pharmaceutical products and medical equipment for the disabled, as well as to restaurant services. I strongly support the need to allow Member States to apply reduced VAT rates to renovation and repair works aimed at boosting energy saving and energy efficiency. As rapporteur for the Energy Performance of Buildings Directive, I even proposed reduced VAT rates for products in the energy efficiency and renewable energy sector as well. I support the rapporteur’s proposal and I believe that this measure is particularly important, especially during the current crisis.;0.85;Strongly endorses allowing Member States to apply reduced VAT rates across many sectors, especially for energy efficiency, demonstrating a decisive fiscal‑environmental ideology.;PES
Compared with the USA, our sales tax, or value added tax, is much higher.;0.1;Provides a comparative statement about VAT levels without any normative judgement or policy recommendation.;ALDE
Poland has still not fully restored the housing stock which was destroyed during World War II.;0.1;Notes a historical fact about Poland’s housing stock without linking it to any political principle or proposed action.;UEN
I would like to emphasise once again, particularly regarding energy efficiency and renovation of buildings, that this is a very good instrument.;0.1;"Only praises an instrument for energy efficiency; no explicit policy advocacy or structural recommendation.";PES
The text that the European Commission presented on 28 January 2009 proposed applying a reduced VAT rate to several categories of activity, particularly the catering industry.;0.15;Describes a Commission proposal to lower VAT rates without expressing support, opposition, or a normative stance.;EPP-ED
I call on the Council to work towards this. For all that, it seems clear that measures related to derogations on normal VAT rates may in some cases, taking into account the particular economic and social circumstances of each Member State, be able to act as a lever on locally-supplied services, including labour-intensive services. I am also very pleased that this proposal for a directive allows the application of reduced VAT rates to some services linked to the construction sector as well as catering services.;0.7;Calls on the Council to act, expresses approval of reduced VAT rates as a lever for services, and advocates their use.;ALDE
I therefore support the simplified and clarified regulations of Directive 2006/112/EC, the VAT Directive, since their objective is to place the Member States on an equal footing. The current situation demonstrates that it would be worthwhile to conduct an objective debate on the rationale of applying the tax on goods and services in the form hitherto employed.;0.6;Supports simplified VAT regulations to place Member States on equal footing and urges debate on tax rationale, indicating a clear policy preference.;UEN
A reduced VAT rate will benefit employment levels and will help in the struggle against the hidden economy as well as stimulating local demand. In my opinion, we should go further still and also consider a reduced rate for cultural products such as CDs or videos, as well as environmentally-friendly products such as green cars or energy efficient buildings.;0.8;Advocates reduced VAT to boost employment, combat the hidden economy, and extend it to cultural and environmentally‑friendly products, showing a strong policy position.;EPP-ED
The proposal is also part of the Small Business Act initiative which aims to stimulate activity in the more than 23 million small- and medium-sized enterprises in the EU with a view to developing the economy and creating new jobs. I call on the Commission to closely monitor the application of these reduced VAT rates in Member States in order to ensure the smooth functioning of the internal market.;0.7;Frames reduced VAT as part of the Small Business Act to stimulate SMEs and calls for Commission monitoring, clearly endorsing the policy.;PES
I welcome the Commission’s proposal to resolve, once and for all, the nonsense of the nappy debate and the issue of car seats for babies. However, it is also important, as the Group of the European People’s Party (Christian Democrats) and European Democrats has argued, for the reduced VAT rate to be applied to children’s footwear and clothing throughout the EU, and not just in the Member States which had this system in 1991.;0.7;Welcomes a proposal and argues for EU‑wide reduced VAT on children’s clothing, presenting a definite normative stance.;EPP-ED
It should be possible for the Member States to apply a reduced VAT rate to locally-supplied services, for example. The political objective to reducing the VAT rate is to reduce undeclared labour and potential administrative burdens.;0.7;States that Member States should be able to apply reduced VAT to local services, linking the objective to reducing undeclared labour and administrative burdens.;UEN
Measures introduced to combat the crisis and to rehabilitate our damaged economies must not concentrate solely on the national and international but on the regional and local also. Extending reduced rates of VAT to locally supplied and labour-intensive services is a positive step in this direction. It is a pragmatic decision that has the potential to stimulate local economy and encourage local enterprise and industry without interfering with the proper functioning of the internal market. I hope that this measure can be part of a wider approach adopted by the EU and national authorities to make it attractive to buy local, to build up local economies and consumer confidence.;0.8;Promotes extending reduced VAT to local, labour‑intensive services as a pragmatic way to stimulate local economies while respecting the internal market.;UEN
The European harmonisation of rules on VAT rates promotes transparency and the smooth functioning of the internal market, and works as an incentive in the fight against illegal work.;0.6;Posits that EU‑wide VAT harmonisation improves transparency and fights illegal work, endorsing the principle of harmonised tax rules.;EPP-ED
This report amends our regulation, or rather clarifies it, in order to make it clear how petitions to the Committee on Petitions are received or not received, how information is given to petitioners, and so on.;0.1;"The text only describes a procedural amendment to clarify petition handling; it does not advocate any political principle or ideological position.";EFA
The members of the delegation are in Brussels with their counterparts in the European Parliament on the occasion of the 7th European Union–Mongolia Interparliamentary meeting. This meeting has strengthened the important and growing relationship between the European Parliament and the Mongolian Parliament. I wish the delegation well for the remainder of their stay in the European Union.;0.1;It merely reports a diplomatic meeting and expresses goodwill, without stating any policy stance or ideological commitment.;ALDE
They must not be repeated either, and they do not fall on us like the roof in the Parliament building in Strasbourg.;0.1;"The sentence is vague and does not contain a clear political principle or value judgment; it lacks ideological content.";EPP-ED
If Amendment 1 is adopted, then this report would become incoherent and contrary to the interests of the world’s poorest people.;0.7;The speaker argues that adopting the amendment would harm the world’s poorest people, expressing a clear concern for poverty alleviation and social equality—a recognizable ideological stance.;PES
I ask therefore for the application for referral back to committee to be withdrawn.;0.1;The request to withdraw a referral is a procedural request and does not convey any political principle or ideological belief.;EPP-ED
As set out in the Lisbon Strategy, it forms an integral part of a common employment policy. We can therefore see that the social economy has become an indispensable part of ensuring stable and sustainable economic growth, by virtue of the crucial role it plays in solving new social problems. Its role has also been strengthened in traditional sectors, such as commerce, agriculture and industry.;0.6;The passage endorses the social economy as essential for sustainable growth and solving social problems, indicating a commitment to a mixed‑economy/social‑welfare policy perspective.;EPP-ED
I support the report and anticipate a new approach on the part of the European Commission, involving organisational and financial support for the social economy, such as the simplification of the administrative procedures for obtaining EU funding.;0.7;The speaker explicitly supports EU organisational and financial backing for the social economy, showing a clear policy preference for state‑supported social initiatives.;UEN
No mention was made of the willing and free exchange between buyer and seller in order to produce the profit which can then be reinvested to create jobs. For that reason, I was against this report.;0.7;The objection is based on the lack of reference to free exchange and profit reinvestment, signalling a strong preference for market freedom and liberal economic principles.;EPP-ED
It must remain high on the EU health policy agenda, as one in four people will experience a depressive illness at least once in their lives, and by 2020 it will be the most common illness in the developing world. This must change.;0.5;The text calls for keeping mental‑health issues high on the EU health agenda, a policy priority that reflects a value placed on public health but without a broader ideological framing.;EPP-ED
Therefore, we urgently need to update mental health legislation that can properly develop an awareness of the importance of good mental health. The message I have been trying to get across in my constituency in the West Midlands is that the media, the internet, schools and workplaces all have a vital role to play in making the public aware.;0.5;The speaker urges updated mental‑health legislation and public awareness, indicating a policy‑oriented stance on health but lacking an explicit broader ideological commitment.;PES
The ageing of Europe’s population is linked to an increase in the number of people who fall victim to age-related diseases.;0.0;The sentence only describes a demographic‑health correlation and does not advocate any political principle or policy.;UEN
Are we not allowing human society to exist in a way that enables people to develop and live in a normal, healthy way?;0.0;A rhetorical question about a “normal, healthy way” expresses a general value but lacks a concrete political stance or policy recommendation.;DEM
Of course, we can apply new technology and new research with all the will in the world, but if we continue to have a system where, despite all the innovation, governments tell individual fishermen in detail how much they can fish, then all the applied research will be a complete waste of time. It is time to scrap the common fisheries policy.;0.7;Explicitly opposes the EU Common Fisheries Policy and calls for its abolition, advocating reduced government regulation of the fishing sector – a clear policy position.;EPP-ED
VAT reductions will help most the people who need it most – the people who earn less than others. We also need to stress that we have to allow Member States to reduce VAT on certain items to battle against climate change.;0.8;Advocates lower VAT for low‑income earners and flexibility for Member States to cut VAT on items for climate reasons, showing clear fiscal and environmental policy preferences.;PES
I recognise that some of my fellow Members had not properly understood the significance of our amendment, but the strong signal sent by Parliament on this issue remains.;0.2;"Mentions a “strong signal” from Parliament without specifying which principle is being defended; the statement is vague and does not articulate a concrete ideological stance.";EPP-ED
We have to ensure that a free society has the right tools and the right measures in order to fight and defeat those who would destroy it.;0.2;"Calls for a “free society” to have tools against threats, but offers no concrete policy or principle; it remains a generic expression of values.";EPP-ED
Our position in relation to that and our involvement in the European Union have been written into protocol. That mandate expires on 15 March 2009. Ireland will continue to make its contribution in a peacekeeping role, whether this is through the UN or the European Union.;0.3;States Ireland’s willingness to contribute to peacekeeping via the UN or EU, indicating a mild commitment to international cooperation but without a clear policy stance.;EPP-ED
I still prefer, and declare my support for, the original version of paragraph 43 that ends, ‘security proposals that the Russian Federation has recently advanced would seriously undermine the credibility of EU security structures and strike a wedge into the EU-US relationship’. Having attended this week’s session of the EU-Russia Cooperation Committee, I came to the conclusion that we cannot ignore what our colleague, Mr Vatanen, has called a ‘brutal reality’ – namely that the strategic goal of the Russian Federation is still, alas, to split the EU partners into good and bad ones and to emasculate NATO.;0.8;Strongly condemns Russian security proposals that could undermine EU structures and NATO, articulating a clear foreign‑policy and security position.;EPP-ED
What a needless waste of resources and time. We must remember the vital role that NATO has played, but we must also not forget that part of NATO is burden-sharing. If we move towards a purely EU defence mechanism, then it will be mostly Britain and France who share that burden, while others hide behind it.;0.7;Criticises a shift to a purely EU defence mechanism and defends NATO’s burden‑sharing role, expressing a definite stance on defence and alliance policy.;EPP-ED
We are looking for the Lisbon Treaty to be approved in Ireland.;0.8;Explicitly supports the approval of the Lisbon Treaty in Ireland, signalling a clear pro‑EU integration position.;EPP-ED
I would like to mention four aspects on which we should, in my opinion, focus our activities. Thirdly, we need to focus on ensuring security and stability in Europe. In this instance, I am referring solely to Europe’s energy security. Fourthly, we need increased mobility and a cultural and educational exchange. We need a separate debate on the subject of the Eastern partnership in the European Parliament.;0.7;Advocates specific EU policies – energy security, increased mobility, cultural‑educational exchange and a debate on the Eastern Partnership – indicating a clear stance on European integration and security.;EPP-ED
It may be possible for petitions and correspondence with petitioners to be drafted in other languages used in Member State (such as Basque and Galician).;0.5;Supports drafting EU petitions in regional languages (Basque, Galician), reflecting a position on linguistic rights and multiculturalism within the Union.;PES
The application of intellectual property criteria, the direct link between research and production via company specialists, the operation of centres according to private-sector financial criteria and the need for them to be funded by companies and sponsors brings research within the maximum profit rationale.;0.6;Criticises profit‑driven research funding and private‑sector IP criteria, expressing a normative view that research should not be subordinated to market profit motives.;NGL
On the mandate of the Council, the European Strategy Forum on Research Infrastructures (ESFRI) started developing a coordinated approach for activities in the field of research infrastructures in April 2002. Although it is indicated that the objective of the legal framework proposed is to facilitate the establishment of these infrastructures, experience has shown that it is generally the more developed countries which benefit most. However, we do not agree that the establishment of large-scale infrastructure should only allow the creation of more opportunities to achieve research excellence in certain areas, meaning that certain countries will be the main beneficiaries of this process.;0.6;Opposes a research‑infrastructure regime that favours wealthy member states, calling for a more equitable distribution of benefits across the EU.;NGL
The proposal for a new common legal entity could be a step in this direction and the wordings of the proposal indicate that the Commission has a sound awareness of the importance of, and special working conditions involved in, research. I have therefore voted against the Commission’s proposal and the report.;0.4;Votes against a Commission proposal on a research legal entity, signalling opposition to the specific policy but without articulating a broader principle.;DEM
Research infrastructures are playing an increasingly important role in the advancement of knowledge and technology by offering unique research services to users in different countries.;0.1;"Merely states that research infrastructures are important; no explicit political principle or policy prescription is presented.";EPP-ED
Children themselves are asking to be consulted and want their opinions and perspectives, their hopes and dreams to form part of efforts to build a world suited to them. In pursuing the Millennium Development Goals we should pay greater attention, in all our strategies, initiatives and funding decisions, to the priorities set by children for children.;0.5;Calls for children’s perspectives to shape MDG strategies and funding, advocating a participatory, child‑focused approach to development policy.;PES
It is clear that society must take responsibility for safeguarding the rights of children, for reducing child mortality in poor countries and for combating all forms of child exploitation. The measures necessary to safeguard children’s rights are, and must remain, a matter for the national parliaments to decide. If international cooperation is considered necessary, it should be sought within the framework of the United Nations, not the European Union. In spite of these reservations, I have chosen to vote in favour of the report.;0.8;Argues that safeguarding children’s rights should remain a national parliamentary competence, rejecting EU involvement – a clear stance on national sovereignty versus supranational authority.;DEM
Overall, the thrust of this report is very good, highlighting as it does the need for special consideration to be given to children in EU external actions.;0.2;Provides a positive assessment of a report’s emphasis on children in EU external actions, but does not advance a concrete policy position.;EPP-ED
The participating parties, employers, hired workers and government institutions must understand that this procedure is best able to help them forecast the economic and social consequences of changes in a company's environment. For this reason all European employers and hired workers must know and recognise this European Social Model procedure.;0.5;Emphasises the importance of the European Social Model procedure for employers and workers, reflecting support for a coordinated EU social‑policy framework.;ALDE
We hope that Member States will take this into account, thereby guaranteeing all employees the same rights to information and consultation. We also hope that the European Commission will submit an evaluation report on the results achieved through the application of Directive 2002/14/EC as regards strengthening the social dialogue.;0.45;Advocates guaranteeing equal employee rights to information and consultation and calls for EU evaluation of a directive – a clear but modest stance on workers’ rights and EU oversight.;NGL
While we generally encourage the consistent and effective transposition of EU law, we nevertheless considered that it was appropriate to abstain on this vote.;0.35;Expresses a general support for consistent transposition of EU law, indicating a pro‑EU integration principle, but does not elaborate further.;EPP-ED
It is important to link the social economy with the goals of social cohesion and active citizenship, taking into account the character of the local social economy and its role in encouraging active participation.;0.5;Calls for linking the social economy with social cohesion and active citizenship, showing a clear preference for a socially cohesive, participatory society.;ALDE
We did not in every instance manage to get our opinions accepted, and the final resolution is therefore not entirely satisfactory. We recognise that the social economy can help to strengthen economic and social development and increase democratic participation, particularly if conditions exist for support and it is not used to undermine universal public services that are accessible to the whole population. It should be borne in mind that the social economy cannot replace the resources and public management of public services, but can be an important addition.;0.65;States that the social economy should complement, not replace, public services and promote democratic participation – a specific view on the balance between public provision and third‑sector activity.;NGL
There are, however, a number of recommendations for new European measures in this report which we are unable to accept.;0.15;"Only notes inability to accept unspecified EU recommendations; lacks any articulated political principle.";EPP-ED
We agree that the social economy plays an important role in today’s society, but we cannot support it being subject to different rules to other undertakings. It is not possible to draw a clear distinction between different types of undertaking and we do not believe that cooperatives and mutual societies should be favoured over small companies, for example, in respect of the possibilities for funding and other forms of aid.;0.7;Opposes preferential treatment for cooperatives and mutual societies, insisting on equal rules for all undertakings – a firm stance on market regulation and fairness.;EPP-ED
Furthermore, participants in the social economy can integrate manufacturing processes with the aims of social well-being in their activities, and they also promote self-management. For the efficient functioning of the social economy, an appropriate legal framework is needed, meaning the legal recognition of its components whether they be foundations, cooperatives or other associations.;0.6;Calls for a legal framework that formally recognises foundations, cooperatives and other social‑economy entities, indicating a clear regulatory preference.;EPP-ED
Overall, it constitutes 10% of Europe’s enterprises and 6% of the labour market. The social economy, which is also referred to as the solidarity economy and the third sector, is a key instrument for attaining the Lisbon objectives. It possesses a significant potential for creating jobs and can effectively be employed to achieve the objective of economic growth. The third sector plays a leading role in the European economy, combining profitability and solidarity. Europeans dread losing their jobs and expect decent treatment. The European Union and the Member States must respond to real needs, create real opportunities and build new hopes, for the good of all Europeans. The European Commission should not only promote the social economy, but should also undertake real action to develop a legal framework, within which entities such as cooperatives, mutual societies, associations and foundations may operate, as well as drawing up a programme offering financial support, advice and training to existing enterprises and to those that are yet to be established.;0.85;Strongly promotes the social/solidarity economy as a driver of jobs and growth, demands EU action, legal frameworks and financial support – an explicit ideological commitment to a solidarity‑based EU economic policy.;PES
We as legislators, social workers and with responsibilities within our communities need to focus on early diagnosis and early intervention in order to combat the stigma. So promoting mental health in children is an investment for the future. Research shows that providing resources for schools for our young students can improve child development and reduce bullying, anxiety and depressive symptoms.;0.55;Advocates early diagnosis, school resources and mental‑health investment, reflecting a welfare‑oriented policy position on public health and education.;UEN
The restructuring of the mental health system being promoted serves the interests of capital, capitalist restructurings and the commercialisation of health, rather than the interests of patients.;0.92;Explicitly condemns the restructuring of mental health services as serving capitalist interests rather than patients, a clear anti‑capitalist, pro‑patient ideological stance.;NGL
Finally, I am pleased that the report makes a clear distinction between neurodegenerative disorders, such as Alzheimer’s disease, and mental illnesses. Alzheimer’s disease is indeed a very particular type of illness which should not be treated in the same way as mental illnesses.;0.1;"The statement only distinguishes medical categories; it contains no political principle or policy recommendation.";EPP-ED
Similarly, it is said that by 2010 depression will become the most common illness in modern society.;0.1;A factual claim about future depression rates without any normative or political stance.;EPP-ED
In the EU, some 59 000 suicides are committed each year, 90% of which are attributable to mental disorder. We need to focus as much on mental health issues as we do on physical health.;0.4;Calls for equal focus on mental health as on physical health, a vague health‑policy preference but without a clear ideological framework.;EPP-ED
Efficient energy use should be one of the most important cornerstones of the EU energy policy being created. As no essential measures are being taken, over the next 20 – 30 years Europe's dependency on imported energy (currently 50% of our energy is imported) may reach 70%, and some Member States may become even more dependent. Moreover, measures in this area have a great influence on the competitiveness of European industry and the opportunity to achieve the goals of the Lisbon Strategy. More efficient energy use may reduce the burden on the most vulnerable consumers and eradicate energy poverty.;0.7;Advocates efficient energy use as a cornerstone of EU policy, linking it to energy independence, competitiveness and consumer protection – a clear policy position on EU energy strategy.;ALDE
This analysis should serve to monitor the difficulties and, if necessary, take appropriate support measures aimed at achieving the proposed objective for energy efficiency. It also seems important to support the provisions which reinforce the exemplary role of the public sector and to recognise that increasing the energy efficiency of buildings has immense potential for the reduction of greenhouse gas emissions and the fight against climate change, in terms both of the adaptation and of tackling the causes of climate change.;0.8;Supports public‑sector leadership and energy‑efficiency measures to cut greenhouse‑gas emissions and fight climate change, expressing a definite stance on environmental and regulatory policy.;NGL
The public needs to know that this is the most economical way of combating climate change. In the current situation, where energy is used as a political tool, the importance of this fact cannot be underestimated. Since 1990, energy production in the EU has risen by 40%, and revenue by 1/3, while energy demand has risen by only 11%. More rational energy management has thus contributed to economic growth in all the Member States. Energy efficiency and action to save energy should play a key role in both curtailing rising demand and in reducing the amount of fuel burned. The European economy must become less vulnerable to fluctuating energy prices and inflation, as well as to the risk inherent in the geopolitical location of these resources.;0.85;Strongly argues that energy efficiency is the most economical climate‑change solution, calling for reduced dependence on volatile energy markets – a firm ideological commitment to climate‑economy policy.;EPP-ED
In my country, Malta, both fishing and aquaculture are given special attention. We have to ensure that in the fields of fisheries and aquaculture, priority be given to applied research. That is why it is imperative to have full cooperation in this field between scientists, fishermen and aquacultural operators.;0.2;"Emphasises research cooperation in Malta’s fisheries and aquaculture; no broader political principle or EU‑wide policy stance is presented.";PES
I am therefore extremely critical of parts of the EU’s fisheries policy. I am, however, critical of possible interpretations of the report that could lead to more money being used to provide financial support to the European fishing industry and to increase this industry’s status.;0.6;Explicitly critical of parts of the EU’s fisheries policy and of increased financial support for the sector, indicating an oppositional ideological position toward current EU regulation.;ALDE
I congratulate myself on having, at that time, referred to the huge importance of guaranteeing more and better technological development in the area of fisheries and aquaculture. I therefore believe that this own-initiative report is timely and is extremely important in terms of pursuing the objectives of the new reform of the common fisheries policy (CFP).;0.6;Expresses support for a reform of the Common Fisheries Policy, showing a clear preference for policy change within the EU fisheries framework.;EPP-ED
I am opposed to the common fisheries policy and believe that fisheries management should be a competence of Europe's maritime nations working in cooperation with each other.;0.8;States opposition to the Common Fisheries Policy and argues that fisheries management should be a competence of individual maritime nations, a strong ideological claim about national sovereignty over the sector.;EFA
It is important to support increased investment in research into the consequences of the fisheries policy for fish stocks, ecosystems and biodiversity. We are extremely critical of parts of the EU’s fisheries policy on environmental grounds.;0.7;Advocates increased research and criticises EU fisheries policy on environmental grounds, expressing a clear environmental‑sustainability principle for EU action.;ALDE
I voted in favour of the Cederschiöld report because I believe that the ability for European citizens to work and live in another Member State is an important right. I support the report's intention to facilitate the mobility of professionals and to guarantee the safety of consumers.;0.9;Explicitly supports the free‑movement right of EU citizens to work and live in other Member States, a core EU integration principle.;NGL
At present, around 2% of the EU’s inhabitants live and work in a Member State other than their own.;0.1;"Provides only a factual statistic about mobility; no advocacy or ideological stance is expressed.";EPP-ED
We must encourage labour force migration and facilitate professional mobility as much as possible by speeding up the exchange of information between the original Member State and the host Member State. According to the statistics on the complaints received by SOLVIT in 2007, 20% of them concerned the recognition of professional qualifications required to pursue a regulated profession. Furthermore, the information contained in this professional card will provide support to both employers and consumers, while also being beneficial to unregulated and non-harmonised professions.;0.8;Calls for encouraging labour‑force migration and faster recognition of professional qualifications, clearly endorsing a mobility‑and‑integration policy.;EPP-ED
Supporting the maintenance of the moratorium, opposing all proposals regarding new types of whaling, accepting that all whaling operations by IWC members should be brought under IWC control and supporting proposals aimed at ending ‘scientific whaling’ outside IWC control are some of the premises of this report that I consider to be essential. Ensuring that the EU defines its political position on this subject and taking the lead in pursuing objectives relating to respect for biodiversity and the sustainable development of our planet are fundamental objectives which the EU must embrace.;0.85;Strongly supports a moratorium on whaling, promotes biodiversity and sustainable development, and urges the EU to lead on these environmental objectives.;EPP-ED
When these issues are dealt with at international level, cooperation should be sought within the framework of the International Whaling Commission, not the EU. In spite of this objection on grounds of principle, I have chosen to vote in favour of the report.;0.6;Argues that whaling issues should be handled by the International Whaling Commission rather than the EU, reflecting a principle about the appropriate jurisdiction for environmental policy.;DEM
For instance, the distribution of audiovisual goods is too often hampered by a lack of knowledge of the differences in national legislation. Unfortunately, however, often the legislation adopted by the European Community is not sufficiently publicised in Italy. For this reason, greater legislative transparency is needed, particularly on copyright and consumer protection law and fiscal and labour law. Lastly, it is vital to boost the Observatory’s capacity for monitoring new developments such as new consumption models for audiovisual products, in particular videogames and the Internet.;0.6;Calls for greater legislative transparency and better monitoring of audiovisual market regulations, expressing a principle of regulatory openness and consumer protection.;PES
Firstly, I believe that it is vital for us to have maximum transparency on the audiovisual market and to ensure that as many institutions as possible have access to relevant information in this field. This is the only way that we can have real competition and meet the economic growth targets set by the Lisbon Strategy. Secondly, it seems important to me that the Observatory brings together both EU Member States and European states outside the Community, offering an important cohesion factor at the level of all European countries. This will enable us not only to interconnect the whole continent, but also facilitate the free movement of goods and services from the audiovisual sector, thereby considerably expanding this market.;0.75;Advocates transparency, competition, and free movement of audiovisual goods and services to meet EU growth targets, indicating a clear market‑integration stance.;EPP-ED
Measures such as forcing employers to check third-country workers’ residence permits and the financial and criminal penalties provided for employers highlight the efforts of the Community and Member States to coordinate their immigration and illegal labour policies. In fact, at a time when the European Union is facing an increased population decline, we must bear in mind that the solution is not to expel but regulate the situation of these workers.;0.8;Supports coordinated immigration controls that regulate, rather than expel, third‑country workers, emphasizing a regulated‑migration and labour‑rights principle.;PES
The proposal aims to prevent the exploitation of illegally staying third-country nationals by employers and to strengthen the rights of workers. The person who is to be punished in the event of illegal employment is the employer who breaks the law, not the worker. Other countries have legislation, but it is not implemented or observed. The proposal that we are voting on today has many shortcomings. However, the alternative is to have no directive at all and therefore less protection for the four to eight million illegally staying third-country nationals who are currently working illegally within the EU and who, in their very vulnerable situation, are repeatedly exploited by employers. While it is important to prevent illegal immigration and the exploitation of illegally staying third-country nationals, we must also ensure that we increase the opportunities for people to settle and seek work within the EU on a legal basis. This is regulated in other directives that we, in the European Parliament, have been involved in negotiating over the last year.;0.85;Defends stronger worker protections for illegally staying third‑country nationals and calls for legal pathways, showing a firm commitment to immigration‑rights and labour‑policy principles.;ALDE
This would change the balance of power between employees and employers in a way that would virtually eliminate the problem.;0.4;The statement advocates changing the balance of power between employees and employers, indicating a stance on labor relations, but it is vague and does not specify concrete policy measures.;PES
The aim of this directive is to complement the shameful ‘Return’ Directive – which the Socialist Government in Portugal has adopted – by applying sanctions to employers of illegally staying workers and laying down, as a general and automatic rule, the procedure for expelling these workers, with rare exceptions.;0.85;Clearly opposes the ‘Return’ Directive, calls for sanctions on employers of illegally staying workers, and criticises a socialist government – an explicit stance on immigration enforcement and employer liability.;NGL
It is obvious that these measures only offer a partial, incomplete solution to illegal immigration and black labour. EU Member States must start from now to follow a common, consistent policy on the issue of illegal immigration.;0.75;Calls for a common EU policy on illegal immigration, expressing a clear principle that EU member states should adopt consistent, coordinated measures.;EPP-ED
The proposal aims to prevent the exploitation of illegally staying third-country nationals by employers and to strengthen the rights of workers. The person who is to be punished in the event of illegal employment is the employer who breaks the law, not the worker. Other countries have legislation, but it is not implemented or observed. The proposal that we are voting on today has many shortcomings. However, the alternative is to have no directive at all and therefore less protection for the four to eight million illegally staying third-country nationals who are currently working illegally within the EU and who, in their very vulnerable situation, are repeatedly exploited by employers. While it is important to prevent illegal immigration and the exploitation of illegally staying third-country nationals, we must also ensure that we increase the opportunities for people to settle and seek work within the EU on a legal basis. This is regulated in other directives that we, in the European Parliament, have been involved in negotiating over the last year.;0.85;Advocates strengthening workers' rights, punishing employers for illegal employment, and improving legal pathways for third‑country nationals – a detailed political position on labour and migration policy.;ALDE
The proposal aims to prevent the exploitation of illegally staying third-country nationals by employers and to strengthen the rights of workers. The person who is to be punished in the event of illegal employment is the employer who breaks the law, not the worker. Other countries have legislation, but it is not implemented or observed. The proposal that we are voting on today has many shortcomings. However, the alternative is to have no directive at all and therefore less protection for the four to eight million illegally staying third-country nationals that are currently working illegally within the EU and who, in their very vulnerable situation, are repeatedly exploited by employers. While it is important to prevent illegal immigration and the exploitation of illegally staying third-country nationals, we must also ensure that we increase the opportunities for people to settle and seek work within the EU on a legal basis. This is regulated in other directives that the European Parliament has been involved in negotiating over the last year.;0.85;Repeats the same clear ideological commitment as ID 3, supporting employer penalties and better protection for illegally staying workers, reflecting a strong policy stance.;EPP-ED
The report on the proposal for a regulation of the European Parliament and of the Council concerning crop statistics comes with a number of supplementary elements required to improve the application of the new provisions. The impact of these regulations on European agriculture will establish a greater capacity to respond to the problems which can crop up in the market, such as overproduction, which can lead to falling prices.;0.3;Mentions regulation of crop statistics and market impacts, but the text is largely technical and does not express a definite political principle or ideology.;EPP-ED
In order to provide better support for the different types of wines, not only traditional types but also those referred to in the present report, we need however simple, flexible regulations which comply with European principles for promoting quality. At the same time, we need better cooperation between Member States, European institutions, producers, as well as producer and distributor organisations. These products are renowned worldwide and, thanks to the new provisions, we will successfully achieve a better position on the market for them, while supporting Community producers and distributors.;0.4;Calls for flexible regulations and cooperation in the wine sector, suggesting a preference for market flexibility, yet the statement lacks a concrete ideological claim.;EPP-ED
Today we voted on the report on reduced rates of VAT. These amendments highlight that reduced VAT rates would have a positive impact in reshaping many service sectors as they would reduce the level of undeclared work. With regard to the housing sector, it is possible to apply reduced VAT rates to renovation and repair work aimed at increased energy savings and efficiency. The proposal goes back to the summer of 2008 and proposes the addition of certain other locally supplied services, including restaurant services. Also, the category of pharmaceutical products is widened to cover all absorbent hygiene products, particularly children's nappies and medical equipment for the disabled.;0.7;Advocates reduced VAT rates to stimulate sectors, reduce undeclared work, and promote energy efficiency – a clear position on tax policy and economic regulation.;PES
While keen to facilitate the operation of SMEs, we must not jeopardise the fundamental principles of the EU. In this case, the single market is protected as the rules in this document will apply to companies which operate only locally, thus avoiding market distortions. For all these reasons I voted in favour of this report, which I regard as a perfect example of the policies to be adopted by the European Parliament in the economic field.;0.7;Emphasizes protecting the EU single market while supporting SMEs, expressing a principle of market integrity and limited distortion – a distinct economic ideology.;EPP-ED
We stress that it is for Member States to decide when it is appropriate to apply these measures.;0.6;Affirms that Member States should decide when to apply measures, reflecting a clear stance on national sovereignty and subsidiarity within the EU.;EPP-ED
It is the view of our delegation that a reduction in VAT in Denmark would have an extremely modest effect on employment combined with a problematic loss of revenue for the state. In view of the current economic crisis, there may, however, be more of a need in other EU Member States to utilise the instrument of VAT as one element of their national crisis packages and thus strengthen employment in sectors that have been badly affected.;0.7;Advocates a specific fiscal policy (VAT reduction) as a tool for employment during a crisis, showing a clear stance on tax policy and economic intervention.;PES
In the UK a general reduction in VAT has led to a fall in inflation of 1% and an injection into the economy of GBP 12 billion.;0.1;Provides a factual observation about VAT reduction effects in the UK without endorsing or opposing any political principle.;PES
Once again the anti-Americanism so prevalent in the EU put its citizens’ safety in jeopardy. This whole issue shows the importance of each Member State retaining the right to act independently in matters of foreign policy and intelligence.;0.9;Explicitly calls for each Member State to retain independent authority over foreign policy and intelligence, a clear endorsement of national sovereignty.;EPP-ED
I give this opinion as coordinator of the Group of the European People’s Party (Christian Democrats) and European Democrats for the former TDIP temporary committee and for the subsequent working group within the Committee on Civil Liberties, Justice and Home Affairs. The aforesaid committee decided to send a questionnaire to each Member State in order to clarify what developments had taken place following the European Parliament’s investigation. I do not therefore think it wise to adopt a new text claiming to make new conclusions when in reality we have nothing new to make public.;0.1;Discusses procedural considerations within a parliamentary committee without expressing a political principle or structural preference.;EPP-ED
This is totally unacceptable and contravenes the principles of modern democracy.;0.2;Criticizes an unspecified action as contrary to democracy, but does not articulate a concrete political principle or policy prescription.;DEM
Firstly, I would like to emphasise that, from a procedural perspective, the political groups which signed this resolution ought to have waited for the replies from the national parliaments to the letter from President Pöttering dated 9 February 2009, which requested details of the measures taken by Member States following the February 2007 resolution on this matter. As regards Romania, Commissioner Barrot mentioned in his speech during the last part-session that he closely monitored the measures which the Romanian authorities took during this investigation. I believe that Romania has entirely demonstrated good will in its cooperation and has supplied the Commission and European Parliament with all the necessary information, as well as with all the results of the investigations carried out on this matter.;0.1;Focuses on procedural timing and cooperation of a single member state, lacking any expressed ideological stance.;EPP-ED
I think that the reasoning behind a number of such serious accusations is part of the same commitment assumed by European governments to respect and promote the fundamental freedoms, rights and values of the European Union on behalf of which the draft resolution has been initiated.;0.6;Affirms commitment to EU fundamental freedoms, rights and values, indicating support for European integration and liberal democratic principles.;EPP-ED
We have consistently supported the drafting of this resolution and approved the joint resolution as tabled on behalf of four European Parliamentary groups.;0.2;Simply states support for a resolution without specifying the underlying political principle or policy goal.;PES
Even though there are contentious elements in the CIA resolution, like welcoming the EU-US agreements on judicial cooperation and extradition, I still voted in favour of the resolution to support human rights and the attempt to shed light on the extraordinary renditions programme.;0.8;Supports human‑rights‑focused EU‑US judicial cooperation and transparency on extraordinary renditions, showing a clear ideological position on human rights and international law.;NGL
Furthermore, I hope the EU institutions can together make progress on this issue before the next WHA meeting in May.;0.1;Expresses a hopeful wish for progress without naming any concrete political principle or structural recommendation.;EPP-ED
As regards the intergovernmental dimension, I feel that we need to establish a clear timetable of meetings at ministerial level involving the 27 Member States with their counterparts from the Eastern Partnership countries. Belarus’s authoritarian regime must understand that the EU stipulates as a firm condition of any cooperation the need to respect democratic principles and human rights. I feel that the Eastern Partnership’s parliamentary dimension is important because it ensures this project’s democratic legitimacy. The meetings of the future parliamentary assembly must contribute to the adoption of this project, both by the parties in power and the opposition forces which may offer an alternative government, based on democratic logic.;0.85;Advocates that EU cooperation must be conditioned on respect for democratic principles and human rights, explicitly stating how the EU‑Eastern Partnership should be structured around democracy.;EPP-ED
The report insultingly calls for the international political and military presence of the EU – in other words its imperialist interventions throughout the world – to be strengthened. The report defends the EU's imperialist action in various areas of the world, such as the Western Balkans, where it has already established the EULEX police/judicial force in Kosovo, the Middle East as a whole, Georgia, Africa and elsewhere, and is looking to become even stronger.;0.9;Calls for strengthening the EU’s international military presence and defends its ‘imperialist’ interventions, a clear stance on an interventionist foreign‑policy principle.;NGL
Its content ranges from the most blatant violations of international law, interference and interventionism to poorly concealed ambitions of political and economic control by the EU’s major powers.;0.3;Condemns EU violations of international law and ambitions of control, but does not explicitly propose a guiding principle or preferred institutional arrangement.;NGL
In this regard, relations with Russia, Ukraine, Georgia and Belarus are worthy of note. The EU can also exert a positive influence on the situation in the Middle East.;0.2;Only mentions that the EU can have a positive influence in various regions without advocating a specific principle or policy direction.;UEN
That is why I support strengthening the agreement on which our priorities and criteria for action are based. The recognition, however, that there are disagreements which basically stem from the existence of different interests and priorities does not lead me to conclude that the EU is irrelevant in the world or that a single foreign policy needs to be imposed on all the Member States, contrary to their own interests or even their own history.;0.7;Supports a stronger agreement on EU priorities while rejecting a single, imposed foreign policy, indicating a clear preference for national sovereignty over supranational uniformity.;EPP-ED
I voted in favour of the motion for a European Parliament resolution on the ‘Annual report from the Council to the European Parliament on the main aspects and basic choices of the common foreign and security policy (CFSP) in 2007, presented to the European Parliament in application of point G, paragraph 43 of the Interinstitutional Agreement of 17 May 2006’ in order to support peace, human dignity, human rights, democracy, multilateralism and the rule of law.;0.85;Explicitly votes for a resolution that promotes peace, human dignity, human rights, democracy, multilateralism and the rule of law – a strong ideological commitment.;EPP-ED
I congratulate Taiwanese President Ma for his courageous and determined initiative to improve relations with the People's Republic of China. Nevertheless, I fear we in the EU do not fully appreciate the importance of supporting democratic Taiwan and giving its 23 million people a voice on the international stage.;0.75;Advocates stronger EU support for democratic Taiwan and the inclusion of Taiwan’s voice internationally, expressing a clear democratic‑foreign‑policy stance.;EPP-ED
The report has good things to say on the need for more co-operation internationally by the 27 EU Member States in areas such as transatlantic relations, Georgia, the Eastern Partnership and the broader Middle East. However, we oppose the minor references to the Treaty of Lisbon.;0.7;Calls for increased EU cooperation internationally but opposes references to the Treaty of Lisbon, showing a clear position on EU integration versus national autonomy.;EPP-ED
Those in Portugal, like the Portuguese Communist Party, who, in rejecting this Treaty, have demanded that a referendum and wide national debate should be held on its extremely serious consequences for Portugal, Europe and the world, and for peace, are right.;0.7;Supports a referendum and national debate on the Treaty, reflecting a commitment to popular sovereignty and democratic decision‑making.;NGL
We believe that Europe needs to focus on ensuring it has the right capabilities to deploy at the right time, and making sure existing institutions function effectively rather than building additional institutions as an expensive and unnecessary luxury.;0.65;Argues that Europe should focus on effective existing institutions and capabilities rather than creating new ones, indicating a clear principle of institutional efficiency and fiscal restraint.;PES
I would like to mention at this point the need to coordinate the European Union’s security dimension with NATO’s to prevent any duplication of effort and waste of resources. Furthermore, relations with Russia must be reassessed in light of the recent events in this area. This objective is also closely linked to the absolute necessity to make the provision of energy secure in Europe, which can only be achieved if we join forces through specific projects involving diversification of energy resources.;0.7;Advocates concrete EU‑NATO coordination, reassessment of relations with Russia and diversification of energy sources – a clear policy principle about European security and energy strategy.;EPP-ED
Security has a price, and the demand for greater multilateralism on our allies’ part imposes an added cost.;0.3;Makes a vague comment about the cost of multilateralism without stating a specific policy position or how the system should be organized.;EPP-ED
In the present context, the lack of any common European foreign policy and discrepancies between Member States in the area of funding and military technological capacity make NATO a vital partner for managing military crises. Consequently, the rapporteur’s suggestion to create an EU operational headquarters could serve precisely this objective by complementing the current NATO command structures in the area of joint civil and military operations.;0.6;Identifies the lack of a common EU foreign policy, argues NATO is vital, and supports creating an EU operational headquarters to complement NATO – a clear stance on the structure of European security institutions.;PES
One of the EU’s more spurious claims of self-justification is that it has maintained peace in Europe since 1945. In fact, NATO is largely responsible for keeping the peace in Europe since the Second World War. America’s part in our collective security is, and will remain, vital. Of course, there are crossovers regarding the work of NATO and the EU, but they are two fundamentally different organisations. Any effort by the EU to usurp NATO’s primacy and responsibility for transatlantic security is to be strongly resisted.;0.85;Strongly opposes any EU attempt to usurp NATO’s primacy, insisting NATO should remain the core of transatlantic security – an explicit ideological commitment to NATO’s dominance over EU security policy.;EPP-ED
It calls on the EU to claim an enhanced role in its transatlantic cooperation with the USA and NATO, in order to promote the particular interests of European capital. In this direction, it urges greater cooperation in 'crisis management', such as in Afghanistan and Kosovo, better exchange of information between the two imperialist organisations and so on.;0.8;Calls for an enhanced EU role in transatlantic cooperation to serve European capital interests, urging deeper NATO‑EU coordination – a clear political principle about the purpose and direction of EU‑NATO relations.;NGL
We voted in favour of the original text in paragraph 22 as we welcome French participation as part of strengthening EU-NATO cooperation. We believe that Europe needs to focus on ensuring it has the right capabilities to deploy at the right time, and making sure existing institutions function effectively rather than building additional institutions as an expensive and unnecessary luxury.;0.7;Supports strengthening EU‑NATO cooperation while rejecting the creation of additional institutions, emphasizing efficient existing structures – a definitive policy position on institutional organization.;PES
The report states that NATO forms the core of European security. I believe that Europe's security is enhanced by the EU's common foreign and security policy. NATO, however, remains a nuclear weapons-based alliance.;0.5;"States that NATO is the core of European security and that EU’s foreign‑security policy adds value, but does not advocate a concrete change; it merely expresses a viewpoint.";EFA
Its official task was to defend the Member States’ common territory against foreign invasions, without taking action outside of that territory. Its continued existence is a problem for the EU, because six Member States have opted for military neutrality. The current NATO is still more of a ‘coalition of the willing’ around the USA than an extension of the EU. This year, just as NATO is turning 60, it will have to be apparent what future role NATO will claim.;0.5;Critiques NATO’s relevance for the EU given member neutrality and describes NATO as a US‑led coalition, implying doubt about its EU alignment, but stops short of a clear policy prescription.;NGL
No matter what terms are used to formulate the European Security Strategy, the EU ‘mosaic’ will allow us to intervene in complex areas where diplomacy or limited intervention are only possible thanks to the EU’s unrivalled capacity for subtlety. A first step towards this consolidation may be an operational headquarters for the European Union.;0.6;Advocates the creation of an EU operational headquarters as a step toward greater EU strategic capacity, indicating a clear preference for deeper EU security integration.;EPP-ED
However, the integration of Europe and the 27 Member States within a set of values and a model of society which, in a broad sense, we call the western world also defines the threats and our security context. For that reason, the alliance that most EU Member States share with the United States, among others, is and must continue to be a central element in our security. In the year in which we are celebrating the 60th anniversary of the Atlantic Alliance, it is time to rethink its strategic concept and bring it into line with the new reality.;0.7;Affirms the necessity of continued EU‑US alliance and calls for a re‑thinking of NATO’s strategic concept, showing a definite stance on the future structure of transatlantic security.;EPP-ED
The strength and security of Europe has depended for some time on the allies willing to play an active role in our defence. On Europe’s borders and across the world today it is clear that NATO continues to provide the nexus of cooperation which provides for our safety and the safety of others. The need for NATO to maintain continued vigilance and be supported, especially in Afghanistan at this present time, is essential.;0.75;Advocates continued NATO support and vigilance, expressing a clear stance on collective defence and security as a political principle.;PES
I agree that opening up the process to countries not involved in the partnership increases the likelihood of establishing parity in relations between the European Union and the Mediterranean partner countries and of tackling the problems of the region in a comprehensive way. It is essential that the strategic value of Euro-Mediterranean relations and the Barcelona Process be reaffirmed in the shape of regional and sub-regional programmes and common guidelines for bilateral cooperation.;0.65;Calls for opening EU processes to non‑partner countries to achieve parity and reaffirm Euro‑Mediterranean cooperation, a definite position on EU external integration.;PES
It sets out the objective of the ‘creation of a … Euro-Mediterranean free trade area’ and not a ‘Euro-Mediterranean partnership … based on equality of treatment, solidarity, dialogue and respect for the specific asymmetries and characteristics of each country’, as we proposed in an amendment that we tabled.;0.8;Criticises a free‑trade‑area‑only approach and pushes for a partnership based on equality, solidarity and respect for asymmetries, revealing a strong commitment to equitable economic relations.;NGL
For many years, the EU has pursued close cooperation with coastal states that do not belong to the EU and some of which will never be able to join the EU. This cooperation is deemed important in the south of Europe but is of far less significance to the rest of Europe. Despite this, there are no major differences of opinion about this, because nobody objects to good relations at the EU’s external borders. Is it an attempt to move closer towards the Syrian and Libyan dictatorships, which are constantly violating human rights? Is it an attempt to find an alternative to full EU membership that has been promised in the long term to the coastal states of Croatia, Montenegro, Albania and Turkey? Is it a means of further tightening the ties with Israel despite the fact that, as a result of the election result on 10 February, no Israeli cooperation can be expected for the next four years in establishing a neighbouring Palestinian state with equal rights? I cannot endorse this proposal for the time being.;0.7;Questions EU cooperation with authoritarian regimes on human‑rights grounds and rejects the proposal, showing a clear principle of human‑rights‑based foreign policy.;NGL
Finally, I would like to raise the issue of supporting democratic change in the Mediterranean region. Dialogue, the promotion of multicultural and religious tolerance, as well as educational projects, may pave the way for a peaceful solution to the conflicts in which those countries are currently involved.;0.55;Advocates democratic change, multicultural tolerance and education in the Mediterranean, expressing a political principle of democracy promotion, though in relatively generic terms.;EPP-ED
However, overall we support the Report and therefore have voted in favour.;0.1;"Simply states support for a report without mentioning any underlying political principle; this is procedural rather than ideological.";EPP-ED
I believe that we have to tread carefully to take into consideration Russia’s sensitivities on the immediate neighbours once we are seeing a new approach between the United States and Russia.;0.2;Suggests taking Russia’s sensitivities into account, a diplomatic caution that does not clearly articulate a specific political principle.;PES
At a time as delicate as the present, I would argue that we need enhanced cooperation in neighbourhood and partnership relations in order to establish a friendly environment in the closest environs of the European Union, as the ENP's main objective sets out.;0.65;Calls for enhanced neighbourhood cooperation to create a friendly environment, aligning with the ENP’s objective and indicating a clear stance on EU external partnership.;PES
I believe that the countries lying beyond the Eastern borders of the EU are our strategic partners. Even if we are unable to offer them the prospect of membership in the near future, we should develop economic and political cooperation for the sake of the common European good.;0.6;Frames Eastern bordering countries as strategic partners and calls for economic and political cooperation despite no near‑term membership, reflecting a defined partnership policy.;UEN
It is important to note that the Eastern Partnership should not hinder neighbouring countries wishing to apply for membership of the EU. The section which mentions the EUR 500 billion allocated to Georgia between 2008-2010 for reconstruction work and aid to refugees, following the depredations of war, is also worthy of support. I also accept that it is advisable to review our cooperation with Belarus, along with the level of funding allocated to that country, in order to ascertain whether the policy of re-engagement with that country, initiated in September 2008, should be continued. Furthermore, I agree that we need to guarantee that any financial assistance granted to Russia contributes to strengthening democratic standards in that country.;0.8;Supports Eastern Partnership while protecting future EU membership aspirations, endorses funding for reconstruction, and ties aid to democratic standards, showing strong commitment to enlargement and democracy promotion.;UEN
Furthermore, the majority of these resources must be allocated with a view to involving civil society in the partner countries in common projects and to supporting the mobility of their citizens. The ENPI can become more effective through greater rapprochement by the citizens from the partner countries and by encouraging the process of Europeanisation at every level. For this reason, I support the removal of the obstacles blocking the free movement of persons coming from these countries, especially through easing the visa requirements applied to these states.;0.85;Advocates removing visa obstacles and promoting free movement of persons, a clear stance on migration and EU integration.;EPP-ED
Trans-border cooperation is an important stimulus for the sustainable development of neighbouring border regions. I firmly believe that we need to support any initiative aimed at specialist training, including learning the languages of neighbouring countries and partnership initiatives for government employees. I believe that proper analysis in respect of increasing capacity and building institutions on both sides of the EU’s borders, as proposed by the rapporteur, will contribute towards the implementation of this instrument.;0.6;Calls for trans‑border cooperation, specialist training and capacity building, expressing a pro‑integration and regional development principle.;EPP-ED
I agree with the call by Mrs Dahl to European institutions to alter the legal bases for interinstitutional bodies in such a way as to permit a clear allocation of administrative and political responsibilities, since at the moment it is difficult to identify these.;0.4;Suggests reform of inter‑institutional legal bases for clearer responsibility allocation, a generic governance preference without a strong ideological framing.;PES
It is important, within the framework of various programmes, for these countries to be able to exchange experiences with EU Member States which themselves have recently undergone political and economic transformations. I also supported the report, as EU support for the Mediterranean Region has no adverse effect on other regional cooperation initiatives, such as the Eastern Partnership.;0.6;Supports EU‑Mediterranean exchange and affirms that EU aid does not harm other regional initiatives, indicating a pro‑EU external‑policy position.;UEN
The rapporteur has pointed out the most important deficiencies of the current EU ‘security architecture’ and offers clear and effective solutions for improving the security of the European Union. I agree with the rapporteur that it is crucial for Europe’s security as well as for the world in general, to maintain and to deepen the co-operation between NATO and the EU. Even though there have been several improvements that have made the NATO-EU relations more effective, there is room for improvement in many aspects. In order to develop a more efficient co-operation, all EU Member States should be present at the EU-NATO joint meetings. The recent years, bearing in mind the unresolved issues between Cyprus and Turkey, have showed clearly that the current EU-NATO meetings are not nearly as successful and productive as they could be.;0.8;Calls for deeper NATO‑EU security cooperation and full member participation, a clear endorsement of a collective security architecture.;ALDE
The text of this report relates to the role of NATO in the security architecture of the European Union. Strengthening the European Union’s military credibility is, however, indispensable. That is why I am emphasising my commitment to creating a European security and defence policy that has real autonomy.;0.85;Emphasises commitment to an autonomous European security and defence policy, a strong stance on EU strategic autonomy.;PES
Expanding the scope of cooperation between the European armed forces is, as the report emphasises, an essential step towards establishing a common foreign and defence policy.;0.7;Advocates expanding cooperation among European armed forces as a step toward a common foreign and defence policy, reflecting a clear defence‑integration position.;UEN
One of the factors encouraging illegal immigrants to enter the EU is the prospect of finding work. I support this legislation because it will create a fairer system for legitimate European workers.;0.75;Supports legislation to curb illegal immigration for work and protect legitimate European workers, expressing a firm position on migration and labour market protection.;PES
The report gives us a target of saving a 9% loss of energy by 2016.;0.2;"Mentions an energy‑saving target without advocating a policy principle; the statement lacks ideological content.";PES
In the intermediate group on carers, we have often discussed the potential of the EU to participate in this policy whilst respecting the principles of subsidiarity and the primacy of decisions by the Member States. I support the call for cooperation among European Institutions at national, regional and local level, as well as among the social partners in the five priority areas of support for mental health. People should be protected from stigmatisation and social exclusion regardless of age, gender, ethnic origin and socio-economic group. Their human dignity is of primary importance, and for this reason more assistance and appropriate therapy should be made available to people with mental health problems, their families and their carers. Breaking off a career to care for relatives with mental health problems should not have a negative impact on that career or on providing financially for one’s family.;0.7;Calls for EU action respecting subsidiarity, anti‑stigma measures and social support for mental‑health carers, reflecting a clear social‑equality and welfare stance.;EPP-ED
This report codifies the basic principles, values and objectives of mental health policy which is necessary across Europe to promote better understanding.;0.1;"The text merely states that a mental‑health policy report is needed across Europe; it contains no explicit advocacy or opposition to a political principle.";PES
As the values of the social market economy are generally in harmony with the universal aims of the EU as regards social inclusion, they should include fitting employment, specialist training and re-integration into the labour market.;0.6;It endorses the social‑market‑economy model and links it to EU goals of social inclusion, suggesting specific policy measures (employment, training) – a clear, though somewhat generic, ideological stance.;EPP-ED
The European Commission has withdrawn two proposals intended to put in place statutes for European mutual societies and associations. Founded on principles of mutualisation and interdependence, the social economy advocates a new concept of business practice that is more human and breaks with the capitalist approach of the simple pursuit of profit. It has been expanding successfully in recent years and today represents 10% of businesses and 6% of jobs in the European Union.;0.7;The passage critiques the “capitalist approach of simple profit pursuit” and promotes the social economy based on mutualisation, presenting an explicit anti‑profit‑maximising, pro‑social‑economy position.;PES
I support this Report which calls on the Commission to promote the social economy in its new policies and to defend the social economy’s concept of ‘a different approach to entrepreneurship’, which is not driven mainly by the profit motive but by social benefit, to ensure that the particular features of the social economy are properly taken into account in the framing of legislation. It also calls on the Commission and the Member States to develop a legal framework that recognise the social economy as a third sector as well as to set up clear rules for establishing which entities can legally operate as social economy enterprises. These are private businesses, independent of the public authorities, which meet the needs and demands of their members and the general interest. The social economy is comprised of cooperatives, mutual societies, associations, foundations and other enterprises and organisations that share the founding characteristics of the social economy.;0.9;A strong, detailed advocacy for recognizing and legislating the social economy as a distinct third sector, calling for specific legal frameworks – a clear, explicit ideological commitment.;PES
I support this report which calls for countries which have not done so to enforce a 2002 directive which seeks to strengthen the process of informing and consulting employees within the EU. This report urges the Commission to take immediate measures to guarantee effective transposition of the directive and to initiate infringement proceedings against those Member States which have failed to transpose the directive or which have not done so correctly. The report asks that workers representatives be allowed to scrutinise the information provided, that information be provided in good time before consultation, and that trade unions be involved in the process in order to consolidate social dialogue.;0.8;Calls for the mandatory transposition of a 2002 EU directive on employee information and consultation, urging enforcement and infringement procedures – a firm stance on workers’ rights and social dialogue.;PES
The resolution does not recognise the sovereignty of developing nations in the field of ethics. The resolution openly supports sexual and reproductive health in Article 44, without defining it or respecting the European Union’s remit in this area.;0.4;Expresses criticism of a resolution’s handling of sovereignty of developing nations and sexual/reproductive health, hinting at a sovereignty‑focused viewpoint, but the political principle is vague.;EPP-ED
The new rules will facilitate the processing of petitions, thereby supporting citizens’ interests. Privacy relates to the petitioner’s name and personal details, while confidentiality relates to the subject of the petition.;0.1;"Describes procedural improvements for petitions and privacy; it does not advance a broader political principle or ideology.";EPP-ED
I have been a Member of this Parliament for almost 20 years, and I had hoped that I would never again have to stand in this Parliament and offer sympathy to the families of people who have lost their lives in Northern Ireland.;0.0;A personal expression of sympathy without any reference to political principles or structural preferences.;EPP-ED
The Good Friday Peace Agreement of 1998 clearly lays out the framework for political and economic development in Northern Ireland. The structures laid out in that Agreement are working well in support of democracy, the rule of law, human rights, and peace and reconciliation. We cannot, and will not, allow these individuals to destroy the peace that we have worked so long and hard to achieve in Northern Ireland.;0.8;Defends the Good Friday Agreement and its framework of democracy, rule of law, human rights and peace, explicitly opposing any threat to that order – a clear ideological commitment.;UEN
The Commission made such requests back in 2006 and 2007, and each time the Council opposed them. Is that not right, Mr Ferber?;0.2;"Raises a rhetorical question about Council opposition to Commission requests; it lacks a concrete political principle or clear ideological stance.";EFA
I therefore feel it is crucial that we not only talk but also take decisions.;0.15;"Only a generic call for action; no specific political principle or policy is advocated.";EFA
One need only note that the rate of growth in global trade fell from 8.5% in 2006 to 5.5% in 2007 and was in the order of just 4% in 2008. A special mechanism has been introduced within the framework of the World Trade Organisation to monitor the measures that have been and are being adopted by the Member States of the organisation in order to support the sectors of the economy that have been hit. Given the particular importance of external trade to the economy, growth and employment in the European Union, the Commission is called upon, within the framework of the application of the economic recovery plan, to immediately assume a leading role in a multilateral initiative to support trade. It is also called upon to correlate any such initiative with the work of the World Bank group and other multilateral development organisations.;0.72;Advocates a clear EU‑wide trade policy: the Commission should lead a multilateral initiative to support trade, expressing a stance on economic governance and multilateralism.;EPP-ED
According to the Agency’s estimates, Tehran has increased the number of uranium-enriching centrifuges by 34 times in less than three years. Therefore it is high time to abandon the de facto policy of appeasement and concentrate on a joint EU response to possible nuclear blackmail or an ultimatum by Iran.;0.85;Calls for abandoning appeasement and a joint EU response to Iran’s nuclear program, a strong position on foreign‑security policy and collective EU action.;EPP-ED
There have been a number of incidents in Hungary, but the problem is not limited to that country, where the economic crisis and the social problems perhaps explain the renewed increase in attacks on Roma. Several Roma – including Austrian Roma – have approached me and asked me to bring this up, as fear has gripped the Roma community in Europe once again.;0.3;"Mentions increased attacks on Roma but does not propose concrete policies; the value signal is weak and mainly descriptive.";PES
The Italian parliament’s supervisory committee on radio and television is not meeting, which is also against the law. Mr Pannella and I must leave our work tomorrow and hasten to Italy to try and create forms of non-violent resistance against this new form of denial of democracy. We shall send a message to all our fellow Members to explain in detail the nature of these infringements and to ask for your support and assistance.;0.68;Condemns the suspension of a parliamentary committee and frames it as a denial of democracy, urging non‑violent resistance and support, indicating a clear stance on democratic institutions.;ALDE
Not long ago, the Supreme Administrative Court of Lithuania judged the placing of street name signs in Polish alongside signs with Lithuanian names to be illegal, and ordered their removal. The local government in Vilnius has implemented this decision – the Polish street names in the region where most residents are from the Polish minority have been removed. This is not acceptable in a country which has been a member of the European Union for five years. It is a symptom of extreme nationalism, shows a lack of respect for the rights of national minorities and is a violation of the fundamental principles on which the European Union is built. I call upon the Lithuanian authorities to restore the Polish names of streets and towns in regions where most residents are part of the Polish minority.;0.8;Denounces the removal of Polish street names as extreme nationalism and a violation of EU minority‑rights principles, calling for their restoration.;UEN
Interestingly, no such accusations have been levelled against the old Member States. I ask the Commission to monitor such polemics closely and especially not to spread them, since such statements could seriously discredit the European Union’s prestige in my country in the run-up to the elections.;0.38;"Requests the Commission to monitor and curb polemics that could damage the EU’s prestige; a vague appeal to protect the Union’s image without a concrete policy.";EPP-ED
At a time of demographic collapse, this is not only squandering the development opportunities of individual children, but also poses a social threat for the next generation.;0.2;Provides a generic comment on demographic decline without linking it to a specific political principle or policy.;UEN
As a result, in addition to saluting all the women in the European Union and the world, I want to call here for urgent measures and new policies to ensure that women can enjoy their rights as full citizens in work, family life, society and politics. We must create the conditions so that working women have rights, so that they can be mothers and workers without penalty, and so that they can earn fair wages and pensions allowing them to live with dignity.;0.92;Explicitly demands new policies for women’s rights, fair wages, and social protection, reflecting a strong feminist equality ideology.;NGL
He has issued a decision under which schools where teaching takes place in ethnic minority languages may henceforth use only history text books that are literal translations of the Slovak ones. In the EU every minority community has the natural right to learn its own history.;0.75;Advocates the natural right of minority communities to learn their own history, a clear stance on cultural and minority rights within the EU.;EPP-ED
All democratic forces must be extremely clear on this matter. Europe has a terrible history and this must never happen again.;0.1;"The statement only laments Europe’s past without specifying any political principle or concrete policy; it lacks a clear ideological commitment.";ALDE
However, on that day, Parliament will be attending to such subjects as type-approval requirements for the general safety of motor vehicles and the charging of heavy goods vehicles. Perhaps it is ‘World Type-Approval for Heavy Goods Vehicles Day’ or ‘Type-Approval Inspectors Day’.;0.1;"It merely mentions technical vehicle‑type‑approval topics and possible commemorative days; no advocacy or opposition to a political principle is expressed.";UEN
As we approach the European elections, I think that we should not raise such issues. At a time when the European Parliament is abolishing structures through which its MEPs can express themselves freely, such as cross-party groups, we cannot talk about abolishing discrimination.;0.7;The speaker defends the existence of cross‑party groups and freedom of expression for MEPs and warns against abolishing anti‑discrimination measures, showing a clear democratic‑liberal stance.;EPP-ED
This Parliament asked for the economic blockade to be lifted, but, to a very large extent, it continues.;0.2;"The sentence reports on an economic blockade without endorsing or rejecting any policy principle; it is essentially descriptive.";ALDE
The multi-cultural organisational system set up through Babeş-Bolyai University’s Charter in 1995 ensures complete, independent instruction in Romanian, Hungarian and German, as well as Jewish studies, at every level of academic qualification. Seventeen faculties currently offer programmes of study in Romanian and Hungarian, with 11 faculties offering courses in Romanian and German. There are also two faculties, Reformed Theology and Roman Catholic Theology, where the programmes of study are taught exclusively in Hungarian.;0.1;"The passage describes a multilingual university charter; it does not advocate or oppose a political principle, so ideological content is minimal.";EPP-ED
However, it is important that we work together to create the conditions which will allow mediation to commence as soon as possible, which will defuse the political climate in both countries and enable dialogue to take place on better terms. We must further promote the process of enlargement of the European Union and this is why we need the Lisbon Treaty.;0.85;The speaker explicitly calls for EU enlargement, mediation, and adoption of the Lisbon Treaty, demonstrating a strong pro‑European integration position.;ALDE
Many people believe that this policy is aimed only at women in the pursuit of the same opportunities as men in terms of employment, salary and free time. There is a growing likelihood that men will have greater involvement in family life and a breakthrough is occurring among traditional social roles. The possible solutions vary between Member States, regions and communities.;0.6;The text discusses gender‑equality policies and the reshaping of traditional social roles, indicating support for equal opportunity and social gender equality.;ALDE
We know that physical education prepares children for a healthy lifestyle, passing on important social values such as self-discipline, solidarity, team spirit and fair play. This is precisely why I am calling on the European Commission to monitor more closely the transposition into national legislation of and compliance with the compulsory requirement for a minimum of three hours of physical education a week in schools, as well as the increase in the number of sports halls and improvement in their basic equipment.;0.65;The speaker urges the European Commission to enforce compulsory physical‑education rules, a clear policy demand reflecting a public‑health/education ideological stance.;EPP-ED
We do not want to be like useless rats that arrive to announce the anti-democratic, violent, anti-European plague that is now causing new catastrophes in Rome, Brussels, Jerusalem and Paris.;0.5;The statement condemns anti‑democratic and anti‑European forces, showing opposition to anti‑democratic tendencies, but does not articulate a concrete policy position.;ALDE
This day presents an excellent opportunity for bringing the EU closer to its citizens through policies connected with consumer protection. I would like to encourage the EU Member State governments to strengthen and support consumer organisations. Only strong, representative and effective non-governmental organisations can succeed in increasing consumers’ awareness of their rights.;0.7;The author advocates stronger consumer‑protection policies and support for consumer NGOs, expressing a clear commitment to consumer rights and regulation.;EPP-ED
It is strange that the majority often tries to disguise its fear and anti-minority sentiment with accusations of nationalism or hate speech against minorities. The Romanian Greek Catholic Church was banned during the Communist era. In Romania, a law is being drafted that, if adopted, would in effect take away this church’s real estate, currently in the process of being reclaimed.;0.7;Explicitly opposes a draft law that would confiscate the Romanian Greek Catholic Church’s property, advocating protection of minority religious rights and property ownership.;EPP-ED
Over the last two weeks we have been hearing reports from the Republic of Macedonia where certain church authorities expressed a desire to exhume the bodies of Bulgarian soldiers who died on that country’s territory in all wars throughout the 20th century.;0.1;"Only reports a desire to exhume bodies; no advocacy or opposition to a political principle is expressed.";EPP-ED
Therefore, we would like a budget that restores citizens’ confidence not only in financial institutions, but in each other, and in solidarity on a European scale as well. Is a harmonised, common energy policy being developed? Are we doing everything we can to combat climate change and encourage renewable energy sources? Parliament sees that the budget is small in relation to these objectives, but it is also aware that Member States are not making full use even of the current budgetary framework. Therefore we expect the European Commission to take decisive action to remove bureaucratic obstacles, concentrate expenditure on areas where utilisation was effective, and withdraw support from areas where there are regular surpluses. Parliament is prepared to cooperate in monitoring whether the programmes launched are truly successful, and whether they fulfil the objective for which they were established. We ask the European Commission to take our requests seriously. The European Parliament is the only EU institution in which citizens can exercise direct influence. We stand closest to them and, in the report that has been submitted, it is their opinions that we have summarised. Let us offer hope and security to the citizens of Europe!;0.78;Calls for EU‑wide solidarity, climate action, renewable energy and removal of bureaucratic obstacles, clearly advocating specific EU policy goals and governance principles.;EPP-ED
We must exclude matters unconnected with our mission from the budget as much as possible. The administrative expense items of EU institutions include expenses for purchasing and leasing buildings. We therefore need to develop a joint policy on buildings in order to achieve better cooperation in this area. We are expecting a strategic document as soon as possible dealing with policy on buildings in the medium to long term so that we can adopt an appropriate decision at first reading. If there has to be an extraordinary meeting of the committee because of this or if there are other unnecessary delays we lose time and money. In my conversations with representatives of the various general secretariats of the European Parliament I have collected some very useful suggestions and information. We saw this ourselves in the recent raid on the branch of the ING Bank in the European Parliament building in Brussels and also in the threat to the lives of the two MEPs in Mumbai. I believe that the proposals being drawn up by the directorate will bring improvements and also a better use of resources and surprising financial savings. A lack of planning together with insufficient or non-existent communications concerning the availability of translation resources prevents the efficient use of these resources. MEPs need to have comprehensive information about the resources and materials available to them in order to perform their work responsibly and efficiently. We will have the first concrete proposals in this area over the course of the next few weeks.;0.6;Advocates tighter control of EU administrative spending, better building policy and more efficient use of resources, expressing a fiscal‑responsibility stance.;PES
My political group has tried to reflect these new developments in the Maňka report through numerous amendments and we are delighted to see that the Commission has been able to reflect these new dynamics in four basic priorities. Finally, I believe that we in the European Parliament should strengthen every effort which shows the European taxpayer in times of crisis that this House is spending what it needs rationally so that it can do a better job.;0.6;Emphasises rational use of taxpayer money and transparent spending during crises, reflecting a commitment to fiscal prudence.;EPP-ED
We must use the budget to give citizens to understand that the budget is a political tool with which we not only reply to fears but also provide political prospects for the future. Finally, this response to the crisis must be such that the citizens understand it, so that it echoes the priorities of environment and energy, and says yes to an energy-independent European Union, but with all roads open, with all possibilities open, so that we can achieve precisely what we want.;0.7;Frames the EU budget as a tool to promote environmental and energy priorities, explicitly supporting an energy‑independent Europe.;PES
The heading ‘security’ indicates the many areas where the EU budget is important and how vital it is for the budget to reflect our needs. In many ways, 2010 will be an exciting year for the EU budget. For the structural funds, 2010 is the first year in which the ‘n+3 rule’ comes into play. I certainly hope that the sunset clause, the n+3 rule, will not come into play, but, if it does, there is certainly reason to look again at whether the rules for the structural funds are sufficiently flexible and unbureaucratic. In 2010, foreign policy will, as in previous years, be a tricky issue.;0.6;Calls for flexible, less bureaucratic structural‑fund rules and highlights security budgeting, showing a clear preference for streamlined EU fiscal policy.;ALDE
The implementation of the tasks adopted in the multiannual financial frameworks for the years 2007-2013 is presenting an increasing number of difficulties. Last year, when the budget for 2009 was being drawn up, the estimated level of funding was achieved with great difficulty.;0.2;Describes implementation difficulties and funding shortfalls without taking a normative stance on any political principle.;UEN
However, in our opinion, the very least that the European Parliament could have called for is actually too little. The budgetary limits imposed in the current MFF, which restricts the Community budget to 1% of EU gross national income, are clearly inadequate to achieve the proclaimed policy of economic and social cohesion. The constant under-budgeting and under-implementation of the Structural and Cohesion Funds, which are two years’ late in their implementation, require the adoption of a series of measures to ensure that these funds are implemented, particularly when the European Union and its neoliberal policies are one of the root causes of the current economic crisis.;0.9;Criticises the EU’s budget caps and neoliberal policies, demanding higher cohesion spending and linking budget size to social‑economic justice.;NGL
The total EU budget is only a couple of per cent of that amount and is already pledged to agriculture and regional policy. The EU’s task is to obtain cooperation and commitments, the costs of which must be borne in the Member States after being anchored there in a democratic process. The same applies to energy policy.;0.4;Mentions democratic cooperation and modest budget allocations for agriculture and energy, but does not articulate a strong normative position.;DEM
The European Union’s budget is a battle for scarce resources, particularly at this time of financial and economic crisis. What is lacking is a real dialogue to examine, for example, the role of the European Investment Bank, and the use of surpluses in the expenditure categories to finance the European Commission’s plans. These guidelines will involve political decisions which will be reflected in the July conciliation, and will then form part of the first reading.;0.3;Calls for more dialogue and political decisions on the EU budget, but does not articulate a clear ideological principle such as redistribution or market regulation.;EPP-ED
I ask myself whether, at a time when we have to account for every single euro, we should really be investing money in fields where there are market players making billions in profits.;0.5;Questions public investment in sectors where private firms earn large profits, implying opposition to state aid for profitable market players—a political stance on fiscal policy.;PES
There is funding in place for only 2% of major projects. Moreover, more than two years of the new programming period have passed.;0.0;"Only states a factual figure about funding levels; no political principle or value is expressed.";ALDE
To improve the implementation of the budget, it is essential for both the Commission and the individual Member States to significantly reduce the bureaucratic burden. Secondly, in view of the deepening economic crisis in the EU, it is essential to make even wider use of both EU budgetary resources and funding, in the form of loans and credits, from the European institutions to support development in the Member States, and the SME sector in particular.;0.6;Advocates reducing bureaucratic burden and expanding EU budgetary resources and loans to support development and SMEs, reflecting a clear position on deregulation and EU fiscal solidarity.;UEN
The Russian-Ukrainian gas crisis has pointed to Europe’s dependency in terms of gas supply. I call upon the Commission to offer a solution to the serious financing problems of the foreign relations chapter in the context of a true midterm review, and to ensure greater budgetary flexibility.;0.5;Calls for greater budgetary flexibility and solutions to financing problems after the gas crisis, indicating a preference for a more adaptable EU budget policy.;ALDE
The emphasis will be on the things in your document, such as green technologies, zero carbon technologies, and, above all, on seeing how ICT, can foster innovation and be able to get the new growth that the European economy will need.;0.7;Emphasizes green and zero‑carbon technologies and ICT‑driven innovation as drivers of European economic growth, showing a strong commitment to environmental and innovation policy.;EPP-ED
We all know that the European Union had a fairly unpleasant experience this winter, finding itself to a large extent without any gas supply. Moreover, this matter not only concerns gas, but all the energy resources which the European Union uses. The EU is dependent on its suppliers in terms not only of price, but also of supply. This is why it is absolutely essential for us to diversify our energy suppliers and energy resources and the methods of transporting those resources in order to guarantee our citizens a constant supply and protect them against disruptions, especially during freezing winters.;0.6;Argues for diversification of energy suppliers and resources to ensure constant supply and protect citizens, a clear stance on energy security and independence.;EPP-ED
If we can solve this, and if we can prove to ourselves and to Europe’s citizens that the European Union can deal with these concerns together, jointly, then the EU will send a clear message to its citizens that it is worth making a sacrifice, it is worth collaborating. We need the Union.;0.6;Promotes EU unity, joint problem‑solving and citizen sacrifice, reflecting a firm belief in deeper European integration and collective action.;EPP-ED
I would like to thank all representatives of the general secretariats of the European Parliament with whom I met and held discussions. I would like to say to the representatives of the other general secretariats that I am also interested in meeting them and working together to find effective solutions so that we can use the financial resources of Europe’s citizens to better effect. The Committee on Budgets has also cooperated constructively with other institutions in the past and during the previous budget process. I believe that the budget requirements currently being submitted by these institutions are realistic. In the coming days I will meet with representatives of the institutions in order to listen to their views before we discuss these estimates in the Committee on Budgets.;0.2;Expresses willingness to cooperate and use citizens’ money effectively, but remains generic without a specific ideological principle.;PES
The vote will take place on Tuesday, 10 March 2009.;0.0;"Provides only the date of a vote; no political principle or value is articulated.";PES
Other particularly important considerations are flexibility and efficiency in terms of financing transport corridors with a view to easing traffic and expanding communication links between countries. Particular attention must be given to North-South networks. Innovation policy must be targeted at sectors which are appropriate to the relevant countries in order to achieve maximum efficiency from the use of the funds.;0.4;Advocates flexibility, efficiency and targeted innovation funding for transport corridors – a policy preference but expressed in technical terms without a clear ideological principle.;PES
Through this report the European Parliament has indicated that it has fully understood the vital role which small and medium-sized businesses play in terms of the European economy’s competitiveness. SMEs account for more than 90% of the EU economy and two-thirds of its jobs.;0.1;"Only states the importance of SMEs for competitiveness; no normative claim about how the EU or society should be organised.";EPP-ED
Environmental protection – that is, the green New Deal – can, by finding solutions to the current economic crisis, provide an excellent opportunity to increase green technology infrastructure. The problems of gas supply at the beginning of the year have shown once again the lack of alternative energy sources, alternative energy supply routes, energy source storage capacity and energy transport interconnections among the Member States. For this reason, it is important that the EU budget duly reflect the need to enhance the security of the energy supply and transport, and for us to invest significant sums in these areas. As the report has clearly indicated, climate change and environmental protection, as well as the issue of energy security, are closely related to each other. At the same time, it is unfortunate that the measures to mitigate climate change are still not satisfactorily included in the EU budget.;0.85;Explicitly calls for a green New Deal, linking climate protection to EU budget priorities and energy security – a clear environmental‑political stance.;EPP-ED
Perhaps the Commission’s proposal will be improved slightly in the forthcoming negotiations. Why does the Commission time and again submit proposals, the only objective of which is to reduce the rights of workers?;0.75;Criticises Commission proposals as reducing workers' rights, defending labour protections – a strong pro‑worker ideological position.;NGL
The European Parliament disagreed, however, and this was the background to its legislative own-initiative report under Rule 39 of the Rules of Procedure and Article 192 of the Treaty, which this House adopted by an overwhelming majority some time ago.;0.1;"Describes a procedural legislative outcome; no substantive political principle is advocated.";EPP-ED
Their turnover could increase if they were able to participate much more extensively in innovative research and development programmes and projects. I believe that the most sensitive challenge from the perspective of the success of the entire Lisbon Strategy is certainly to help SMEs move from their own Member State to the EU internal market. It is fundamentally in our interest to ensure that the funds intended to inject liquidity into the system reach the economy rather than remain in bank safes. In saying this, I want to point out that the situation of SMEs and the way this is handled is also a test of European solidarity. The measures aimed principally at stabilising the euro area can easily give rise – and have already given rise – to a financial vacuum in the non-euro zone.;0.6;Calls for greater SME access to the internal market, liquidity for the real economy and frames it as a test of European solidarity – a moderate commitment to market integration and solidarity.;PES
What we are intending to do here with the Statute for a European private company – and I would like to thank the Commission for the proposal and the rapporteur for her work – is to open up the internal market for small businesses to the same extent as for large companies. It is also about providing European financial markets with better conditions for expansion and growth by providing a better credit market for small businesses through the efforts of the European Investment Bank and others.;0.6;Supports a European private‑company statute to open the internal market and improve credit for small firms, reflecting a pro‑integration, market‑facilitation stance.;EPP-ED
Currently, the transfer of a company’s seat involves administrative obstacles, costs and social consequences and fails to offer the necessary legal certainty to shareholders, creditors or workers. A public consultation back in 2004 made it clear how important it was to adopt a 14th Directive. For this reason, I would call on the Commission to present a legislative proposal on this – as soon as possible – with the dual purpose of simplifying the mobility of companies and ensuring that the matter of participation in relation to the transfer of a company’s seat is not left up to the European Court of Justice. In order to guarantee the coherence and substantive nature of employee participation procedures, reference should be made to the European Directive on works councils, the 10th Directive and the Directive on worker consultation and information.;0.55;Requests legislation to simplify company‑seat transfers and ensure employee participation, combining market‑efficiency with workers’‑rights concerns.;PES
I regret that we did not take the opportunity to ask the Commission to be more daring, to take further action to set out a specific system of taxation, a suitable accounting system and homogeneous rules for cases of settlement, insolvency, conversions, mergers, divisions, dissolutions and nullity.;0.5;Expresses regret over lack of EU‑wide taxation and accounting rules, urging harmonisation – a policy‑level demand without a broader ideological framing.;PES
Every new European company law directive should help achieve the aim of harmonising employees’ rights and the idea of the European standard of participation, based on the new EU Reform Treaty, including the Charter of Fundamental Rights. Employees’ rights are core rights for a social Europe.;0.8;Advocates harmonising employees’ rights as a core element of a social Europe, linking it to the EU Reform Treaty and Charter – a strong social‑democratic commitment.;PES
Therefore, I very much welcome the ‘Think Small First’ initiative and am committed to ensuring that this principle is taken into account in policymaking at all political and administrative levels. One of my most important demands – the ‘SME test’ for legislative initiatives – also gained the support of the committee responsible. We must act quickly to take advantage of this potential.;0.6;Advocates the ‘Think Small First’ principle and an SME‑test for legislation, explicitly stating how policymaking should be structured to favour small businesses.;EPP-ED
Secondly, Member States should, on a compulsory basis, present the progress made on the implementation of the ‘Think Small First’ principle in the annual reports on the Lisbon process national reform programmes.;0.6;Calls for compulsory reporting by Member States on the implementation of the ‘Think Small First’ principle, promoting transparency and continued SME‑focused policy.;EPP-ED
Unfortunately we do not have the opportunity to hear the Committee on Women’s Rights and Gender Equality because Ms Podimata is not available at this moment.;0.0;"Only notes the absence of a speaker; contains no political principle or ideological stance.";PES
As for our group, with the amendments that we have put forward and that our rapporteur has been happy to accept, we have set about looking for a way of getting the Member States and Community bodies more deeply involved to guarantee that the planned measures really deliver added value to the SMEs.;0.6;Pushes for deeper involvement of Member States and EU bodies to ensure measures add value for SMEs, indicating a clear policy preference for SME support.;EPP-ED
Secondly, Commissioner, I really regret your arguments against Parliament’s proposals on the co-determination of employees. Perhaps you should make some phone calls tonight to Mr McCreevy and Mr Špidla and see whether tomorrow you can present a better proposal on this before the vote. We found a very good compromise with the rapporteur.;0.7;Defends co‑determination of employees and urges a better proposal, expressing a clear stance on workplace democracy and employee participation.;PES
I call on the Commission and the Member States to take measures so that all public contracts are settled with the companies at 30 days.;0.6;Calls for a 30‑day payment term for public contracts, advocating a specific rule for fair and timely procurement.;ALDE
Firstly, I would like to express the hope that Mr Lehne’s report will provide a strong stimulus for the European Commission to prepare suitable legal measures, which, in accordance with the freedom of establishment guaranteed in the Treaty, will allow companies to move their registered offices within the European Union, without being burdened with excessive red tape. Secondly, these kinds of transfers should, conversely, contribute to protecting the existing rights of shareholders, creditors, and especially the rights of employees.;0.7;Supports freedom of establishment across the EU and reduced red tape, outlining how the internal market should operate while protecting stakeholder rights.;UEN
Does not the Commission even specify that ‘the relevant applicable law is the law of the Member State where the EPC has its registered office, which applies to private limited-liability companies’? This is why my group proposes that Parliament send a clear signal to the Commission and the Council by rejecting this proposal for a European private company statute.;0.8;Opposes a European private‑company statute and urges Parliament to signal rejection, reflecting a clear preference for national over EU‑wide company law.;NGL
It also proves the need for targeted measures to be adopted to create a single and more favourable regulatory framework at European level. The flexibility and uniformity of European private companies, the minimal cross-border component required, the simplification of checks on the legality of the memorandum and articles of association and the principle of starting capital of EUR 1 are the main tenets of a strategy which may well give new momentum to the development of intra-Community entrepreneurship.;0.8;Advocates a single, uniform European regulatory framework for private companies, expressing a strong pro‑integration stance on company law.;EPP-ED
They are included in full in the amendments that we have adopted and I believe that, with these amendments, it is wholly admissible to adopt the text, even from Mr Wurtz’s viewpoint.;0.0;Mentions procedural adoption of amendments without expressing any substantive political principle.;PES
It is indeed important that we now describe and regard SMEs as a cross-section, that we rethink support measures, that we give precedence to small enterprises in public tenders (‘Think Small First’) and that we prevent public authorities from intervening in competition.;0.85;Advocates a specific policy principle: prioritize SMEs in public tenders and prevent public authorities from intervening in competition, indicating a clear market‑regulation stance.;ALDE
We must do all we possibly can at the moment to support these companies in difficult times. During these difficult times, we have to do everything we possibly can to make sure that businesses survive until the hoped-for upturn. If we want to get our small businesses and employment to stabilise in the European Union and in each individual Member State, we must do everything we possibly can to try and save them.;0.7;Calls for extensive state support to keep businesses alive during a crisis, expressing a clear belief that government should intervene to stabilize the economy.;UEN
It is a consequence and the result of the Maastricht Treaty and of the application of the four freedoms.;0.2;"Only states a factual consequence of the Maastricht Treaty and the four freedoms; no advocacy or normative claim is made.";NGL
There are major differences between Member States in this regard. I wish to add that this will – or rather could – also jeopardise the reputation of the European private company, at least in the Member States with stricter requirements of their own. That is my greatest concern. For this reason, I would ask the Council to reconsider this issue very carefully.;0.25;Expresses concern about reputational risk and asks the Council to reconsider, but does not articulate a concrete political principle or policy position.;EPP-ED
The Small Business Act contains legislative proposals and political agreements that will give rise to administrative, regulatory and financial conditions with the potential to develop these units within the European economy. In conclusion, I would like to say that it is particularly important to allocate EUR 30 000 million in the 2009-2011 period to encourage lending to SMEs.;0.75;Pushes for a €30 billion EU allocation to promote SME lending, showing a clear commitment to financial support for small businesses as a policy goal.;PES
We assert that they are essential to the health of the European economy.;0.15;"Simply asserts that SMEs are essential to the economy; this is generic praise without a specific ideological stance.";NGL
I think the minimum level of 500 employees should be maintained, so as not to burden smaller enterprises with additional costs.;0.6;Advocates maintaining a 500‑employee threshold to avoid additional costs for smaller firms, reflecting a concrete regulatory preference.;EPP-ED
Administrative bodies should adjust to their needs and family orientation in order to facilitate their existence, their transfer, particularly in cases of illness, retirement or bankruptcy, and their winding-up. The 23 million European SMEs cannot be subject to the same requirements as the 41 000 large undertakings. Moves in this direction include the European private company statute, the initiatives to create companies in 48 hours, to reduce administrative costs by 25% by 2012, the creation of a one-stop scheme for VAT and reduced VAT rates for labour-intensive and locally supplied services, and a common consolidated corporate tax base. SMEs should increase their participation in the internal market and in public procurement. Ways to promote more balanced competition conditions would be to facilitate the exemption from new State aid categories, to promote cooperation, to amend the directive on late payment in order to ensure payment within 30 days, and to remove obstacles to public procurement.;0.9;Provides a detailed set of policy proposals (tax base, one‑stop VAT, reduced admin costs, procurement rules) aimed at reshaping competition in favor of SMEs, indicating strong ideological commitment.;PES
Small and medium-sized enterprises have a totally different capacity from traditional large enterprises when it comes to adapting to new circumstances and adopting new discoveries and technology. In addition to making it easier for small businesses to participate in public procurement by providing better access to the internal market, making it easier to obtain capital and making the rules on state aid non-discriminatory, there must also be a change in attitude permeating all decision-making, in schools, universities and the workplace. Research shows that there is a strong correlation between entrepreneurship and growth. The forthcoming Swedish Presidency will, in particular, be making targeted efforts to facilitate enterprise by women, an important European strategy for the future.;0.9;Outlines a comprehensive agenda to facilitate SME participation, gender‑focused entrepreneurship, and EU‑wide market access, showing a clear pro‑SME, pro‑EU integration stance.;ALDE
The purpose of the proposal is to create a standardised form of enterprise under Community law, which will be attractive to small and medium-sized businesses and will be based on simplified conditions and keeping the bureaucratic burden to a minimum.;0.8;Proposes a new standardized European company form with minimal bureaucracy, a specific institutional reform that reflects a clear regulatory principle.;PES
In particular, I would like to welcome the proposal for a directive on reduced VAT rates for labour-intensive and locally supplied services, particularly at this point in time.;0.7;Explicitly supports a directive for reduced VAT rates on labour‑intensive, locally supplied services, showing a clear fiscal‑policy stance.;EPP-ED
For example, I would mention the European Eurostars Programme and the report on pre-commercial procurement. Member States must therefore carefully review their legal and fiscal framework to improve the conditions for the transfer of businesses and to promote and apply effective models for the transfer of businesses to employees as an alternative to their closure. This approach would allow jobs to be protected and profits to be reinvested in order to better develop these businesses. To end, I would point out that support for innovative projects of small and medium-sized enterprises, easier access to European funds and improved access to credit, particularly, but not only, in the current context, are vital factors for supporting SMEs.;0.7;Advocates reforms to legal and fiscal frameworks, employee ownership, and increased EU funding for SMEs, indicating a defined economic‑policy position.;PES
I think that this piece of legislation will bode well during the current economic crisis because the European economy needs cohesion and its biggest driving force, SMEs. Lastly, we must ask the Commission to find as many sources of funding as possible and provide SMEs with as many credit mechanisms as possible.;0.6;Calls for maximum EU funding sources and credit mechanisms for SMEs, expressing a clear policy preference for financial support of small businesses.;EPP-ED
At the same time, I regret that this report was not prepared in accordance with Rule 39 of the Rules of Procedure, requesting that the Commission submit concrete legislative proposals. I hope that the new European Investment Bank (EIB) opportunity will fulfil the hopes placed in it. As for the rapid implementation of the payment directives and in order to resolve the debt situation, coordinated steps must be taken at Member State level.;0.3;Criticises procedural shortcomings and calls for coordinated steps, but lacks a concrete ideological principle beyond procedural compliance.;EPP-ED
Firstly, I want to point to the need to take action to tackle the situation that often arises when the owner of a small or medium-sized enterprise retires.;0.2;"Mentions the need to act on SME owner retirement without specifying a policy principle; the statement is too vague to signal a firm ideology.";PES
In this consultation with the social partners, we want to look at simplification and a better system which is harmonised all over the EU.;0.5;Calls for EU‑wide simplification and harmonisation of the system, reflecting a moderate stance on deeper EU integration.;PES
This proposal just goes to prove how little sense it makes for the Commission to persist in refusing to present a proposal on the 14th Directive. Last year, the largest Member State, Germany, abandoned this theory.;0.3;Criticises the Commission for not presenting a proposal on the 14th Directive, but does not articulate the underlying political principle.;EPP-ED
Creating a special fund for SMEs and developing microcredits are conditions without which SMEs cannot withstand the difficult market conditions and the opportunity to create new SMEs would be very limited. We also call for recognition in all Member States of the status of co-ownership for women working in small family businesses.;0.8;Advocates a special SME fund, micro‑credits, and legal recognition of co‑ownership for women, combining economic support with gender‑equality principles.;PES
We are at present in a paradoxical situation whereby recognition rates of candidates to refugee status for certain third country nationals vary from approximately 0% up to 90% depending on which Member State receives the request. We must ensure that international conventions are correctly applied, as well as cooperation agreements with third countries. Member States cannot detain people for the sole reason that they are applying for international protection.;0.8;Denounces inconsistent refugee‑status decisions and detention of asylum seekers, emphasizing adherence to international conventions and protection rights.;NGL
In recent years, the number of refugees worldwide has reached 16 million. In 2007, the EU received more than 200 000 asylum applications. I would also like to draw attention to the fact that the European Commission’s Policy Plan on Asylum does not mention the Frontex agency, which plays a very important role in the area of refugee protection. Moreover, it is important to mention that the number of asylum applicants depends directly on the political, economic and social situation in the countries of origin of the asylum applicants.;0.4;Notes shortcomings in the EU asylum policy and links refugee flows to origin-country conditions, offering a weak but present critique of current policy.;ALDE
In 2008, as already highlighted by the rapporteur, the number of refugees grew to over 12 million. We therefore urgently need to begin the second phase of the Common European Asylum System. Only in this way can asylum seekers be treated equally, regardless of the Member State in which they make their asylum application.;0.9;Advocates a second phase of the Common European Asylum System to ensure equal treatment of asylum seekers across Member States – a clear stance on EU integration and solidarity.;EPP-ED
Besides the single common procedure and content of protection, there needs to be practical cooperation, support and solidarity, including through the important European Asylum Support Office, providing common sources of country information.;0.8;Calls for a single common procedure, cooperation, support and solidarity via the European Asylum Support Office – explicit endorsement of coordinated EU asylum policy.;ALDE
In summary, our EU procedures should be unified, transparent and fast.;0.8;States that EU asylum procedures should be unified, transparent and fast – clear policy prescription reflecting a pro‑EU regulatory position.;UEN
We should not be trying to create new EU standards, which, with all probability, would be more restrictive than the Geneva Convention, for example.;0.8;Opposes creation of new EU standards that would be more restrictive than the Geneva Convention – a definitive opposition to stricter asylum rules.;DEM
As a result of the major discrepancies in the decision-making processes which the 27 Member States use for dealing with asylum applications, the rate in terms of acknowledging applicants’ refugee status varies between 0% and approximately 90%. In addition, the Dublin system’s criteria place a disproportionate burden on Member States located at the European Union’s external border as they are responsible for processing asylum applications as the first country of entry. However, the most difficult problem to resolve remains communication between Member States about the different treatment given to applicants for international protection according to their country of origin. I hope that the regulation for creating a European Asylum Support Office, proposed by the Commission three weeks ago, will help partially resolve the current issues.;0.6;Highlights uneven burden among Member States and supports a regulation for a European Asylum Support Office, indicating a solidarity‑based stance though expressed with some hopeful language.;EPP-ED
I fully share the view that it is unfortunate that entry into force has been postponed until 2012. I think that it is good that Parliament is calling attention to the fact that children and minors should receive special support. For what crimes other than people trafficking is cooperation a requirement for asylum? The third issue is how different countries receive asylum seekers and which countries are chosen.;0.5;Expresses agreement with delaying implementation and emphasizes special support for children, but mixes personal opinions and questions, resulting in a weaker ideological signal.;PES
As the report states, there are currently about 12 million refugees and about 26 million internally displaced persons worldwide. The report proposes a common European asylum system and a common asylum support office with common standards for granting refugee and asylum status. Many, if not most, of those people who seek refugee and asylum status in European countries far from home are, of course, economic migrants seeking a better life.;0.6;Describes the need for a common European asylum system and support office while noting many applicants are economic migrants – shows a clear policy preference for EU‑wide coordination.;DEM
This clause is applied on a voluntary basis and allows migrants that arrive in one country seeking asylum to be able to transfer to another European Union country. This Parliament even allocated EUR 5 million in this year’s European Union budget so as to facilitate the implementation of this clause.;0.3;"Provides factual description of a voluntary clause and budget allocation without explicit normative judgement; only a faint policy implication.";EPP-ED
In this respect, I welcome the proposal to create a European Asylum Support Office to coordinate the various countries’ national policies in order to avoid a disproportionate burden being imposed on certain Member States.;0.8;Welcomes the creation of a European Asylum Support Office to avoid disproportionate burdens – explicit endorsement of solidarity and EU‑level coordination.;PES
We do recognise the need for solidarity, but I think that those who have already had to suffer so much in life should not be punished once again with a harsh climate unless they choose it themselves. If we have a common border, it is logical that asylum seekers should receive equal treatment throughout the European Union.;0.9;Affirms the need for solidarity and equal treatment of asylum seekers across the EU, rejecting harsher measures – strong ideological commitment to equality and shared responsibility.;PES
We need to act jointly and more firmly to combat illegal economic migration, while providing more dignified conditions to asylum seekers. It troubles me that the children of refugees in European camps have no access to education or necessary health care for months at a time.;0.85;Explicitly advocates a joint EU stance to curb illegal economic migration while improving asylum seekers’ conditions, showing a clear migration policy position.;EPP-ED
A unified procedure should be established for granting asylum, as well as unified standards which enable decisions to be made about who should be recognised as a refugee or whether a person is in need of international protection. During the waiting period, it is extremely important for the authorities to give due consideration to the diverse needs of asylum seekers in more difficult circumstances, such as children, disabled people and women. It is worth emphasising that the obligation to provide assistance is guaranteed under the United Nations Convention on the Law of the Sea (UNCLOS), and is legally binding for all EU Member States and on EU’s Frontex agency.;0.8;Calls for a unified EU asylum procedure and binding legal standards, reflecting a strong stance on asylum policy and EU integration.;UEN
Tens of thousands of Roma children still grow up in segregated schools, where they cannot gain competitive knowledge, and they carry with them throughout their lives the wounds of exclusion and discrimination. This concerns not only Central and Eastern European countries, who long for peace, but every European citizen. We should also not forget that it is in the fundamental interest of aging Europe to make sure it is populated not by unfortunate people who depend on social assistance, but by well educated, working citizens, capable of paying tax, social contributions and insurance.;0.75;Denounces Roma segregation and argues for education, employment and reduced social assistance, revealing a clear commitment to social equality and integration.;PES
We need a common action plan that rests on solid legal bases and that is able, by means of sanctions, to ensure the implementation of Member States’ undertakings.;0.4;"Suggests a common EU action plan with sanctions but lacks a specific principle; the statement is vague about the underlying ideological goal.";EPP-ED
As a representative of the right, I believe in the contribution of every citizen to the general well-being and prosperity of society. I think that the integration of all social groups into society and social cohesion must be a goal approached without any display of populism and loud fanfare. The sustainable, effective integration of the Roma must be based on their economic contribution and the involvement of every one of them in the labour market.;0.8;Self‑identifies as “representative of the right” and promotes Roma integration based on economic contribution and labour‑market participation, a clear right‑leaning integration stance.;EPP-ED
We need concrete, decisive steps in the areas of education and job creation.;0.25;"General call for steps in education and job creation without specifying a political principle; only a weak value signal.";PES
The repeated recourse to emergency legislative measures to address problems associated with the Roma clearly indicates an inability to tackle a phenomenon that is not new.;0.2;"Criticises emergency legislative measures for Roma issues but does not propose a concrete principle; merely a complaint.";PES
We have known for years that the Commission cannot always approach such controls in the Member States as it would perhaps like and as dictated by the budgetary principles and the ideas of the ECA. Therefore, our report – which was also adopted unanimously by the Committee on Budgetary Control – calls for continuous pressure to be exerted on the Member States to provide data that is both complete and comprehensible. It is my fervent hope that the Commission will continue to take seriously its task of introducing the internal control framework in future.;0.5;Advocates stronger EU budgetary oversight and data transparency, indicating a moderate commitment to accountability and EU governance.;EPP-ED
A study from Sweden and other countries shows that the risk of someone developing an addiction to gambling is five to seven times higher if that person plays poker on the Internet than if he or she simply goes out and plays poker in the real world.;0.0;"Provides a statistical finding on gambling addiction; contains no political principle or ideological stance.";PES
Although the codecision procedure does not apply, I hope that the European Parliament’s opinion will definitely be taken into consideration during the phases to come. I would also like to thank my colleagues from the Committee on Agriculture and Rural Development and, especially, the experts for the support they have given in promoting this report. Simplification of marketing standards, keeping consumers better informed, particularly about the origin of food products, and better protection for European quality products at a global level are some of the most important proposals in the report. At the same time, consumers, as we all know, are showing an ever-increasing interest not only in food safety but also in the origin and production methods of food products.;0.6;Pushes for consumer‑protection measures, simplified marketing standards and protection of European quality products, showing a clear policy position on market regulation.;EPP-ED
In a highly globalised world, farmers face increasing pressure. EU standards for placing food on the market are already among the toughest in the world. Furthermore, in the case of ‘protected geographical indications’ or ‘protected designation of origin’, it would be desirable to label the main ingredient(s) with the place of origin if not from that particular area.;0.6;Advocates a specific EU policy – mandatory labeling of the origin of main ingredients for protected products – indicating a clear stance on market transparency and consumer information regulation.;ALDE
The EU has successfully introduced a quality labelling system that guarantees the authenticity of regional products and traditional production methods. To provide better information to the consumer, it is important that the label specifies the country of origin of primary products and, in the case of processed products, the origin of the main ingredients and where the final processing took place.;0.5;Supports the EU quality‑labelling system and stresses the importance of indicating country of origin, showing a moderate commitment to consumer‑information policy, though without proposing new measures.;EPP-ED
For example, what could the Commission do to equip courts, particularly those at a lower level, with technological facilities such as videoconferencing systems? What the Commission can do, however, is to foster the development of courses of this type, providing training in Community law and in the knowledge of the various legal systems. What can we do from the practical point of view to help the judges with regard to interpreting and translation? What could we do to help them to achieve this? I think the task is quite a difficult one.;0.3;Suggests that the European Commission should equip lower‑level courts with technology and training, hinting at a principle of improving judicial capacity, but the statement is tentative and technical rather than a strong ideological claim.;PES
− The next item is a short presentation of the report () by Mr Doorn on implementation of Directive 2006/43/EC on statutory audits of annual accounts and consolidated accounts ().;0.0;"Only announces a brief presentation of a report on statutory audits; no political principle or value is expressed.";PES
It is a good thing that Parliament is paying closer attention to the implementation and transposal of the legislation we pass here. The report calls on the Commission to take steps quickly to correct these deficiencies. We also wonder whether the method of harmonisation employed, namely minimum harmonisation, is indeed the right way to attain the uniform application of key concepts. Perhaps we do need to think again whether key definitions of this kind are the way forward or whether a different method of harmonisation – one that is not open to multiple interpretations – needs to be used.;0.7;Critiques the current method of minimum harmonisation and calls for a different, less ambiguous approach, clearly expressing a position on EU legislative design and regulatory uniformity.;EPP-ED
Oil will clearly remain a very important source of primary energy in the EU even in the medium and long term. How can we lower our consumption or cover it with other energy sources too?;0.3;"Notes that oil will remain important and poses a question about reducing consumption or substituting other sources; the statement is exploratory and lacks a decisive policy stance.";EPP-ED
As a member of the Committee on Agriculture and Rural Development, I have consistently supported the line that we must not play down the importance of investments in clean technologies and renewable energy as solutions for reducing the dependency on oil, cutting carbon emissions and, last but not least, as a solution for creating new jobs and stimulating economic growth. The use of biofuels offers a viable economic and social alternative for rural development and environmental protection. Energy efficiency has the benefit that it will also reduce the size of consumers’ bills at a time when the economic crisis is having an increasingly adverse impact on them.;0.9;Strongly endorses clean technologies, renewable energy, biofuels, and energy efficiency as solutions for reducing oil dependency, cutting emissions, creating jobs and stimulating growth – a clear, explicit ideological commitment to a green‑economy agenda.;EPP-ED
The next item is a brief presentation of the report () by Jonathan Evans, on behalf of the Committee on Economic and Monetary Affairs, on the reports on competition policy 2006 and 2007 ().;0.0;"Simply announces a report presentation on competition policy; no ideological content is present.";EFA
It is very important – and our report says so – that, in addressing those matters, we recognise some of the challenges that there are for an effective, open market.;0.4;Emphasises the need to recognise challenges for an effective, open market, indicating a general preference for market openness but without detailed policy advocacy.;EPP-ED
The vote will take place tomorrow.;0.0;"States a factual detail about an upcoming vote; contains no political principle or ideological expression.";EFA
Consumers are frequently misled by deliberately confusing online offers and advertisement despite European legislation that seeks to prevent this. I also welcome the General Block Exemption Regulation (GBERS) which allows Member States to authorise aid in favour of SMEs, regional development, training, employment and risk capital.;0.7;Explicitly welcomes the General Block Exemption Regulation that authorises state aid for SMEs, regional development, training and risk capital – a clear endorsement of targeted public intervention in the economy.;UEN
I welcome the efforts of the Commission in the field of competition policy, its effective challenging of cartels and the record fines that were imposed on offenders in 2006 and 2007.;0.7;Expresses support for the Commission’s competition policy, praising the fighting of cartels and the imposition of fines – a clear stance on market regulation and antitrust enforcement.;PES
Today, oil is the most important source of energy in Europe, mainly due to its widespread use in the transport sector. The solution is to support European and national measures to promote energy efficiency and invest in projects which make use of renewable energy sources.;0.8;Advocates a policy shift from oil reliance to energy‑efficiency measures and investment in renewable energy sources, signalling a strong environmental‑energy principle.;PES
It is extremely important to make EU consumers aware of the high requirements and standards implemented in the area of foodstuffs, which farmers and producers of agricultural and food products have to meet, and of the associated costs. Instead, we should concentrate on promotional measures to inform consumers about EU symbols which are already in use and which consumers should view as a guarantee of quality. Another challenge is to improve the process of assessing applications concerning regional products and to speed up the registration process. Unfortunately, the processing of these applications by the European Commission drags on for years.;0.6;Calls for greater consumer awareness of EU food standards, faster registration of regional products and promotion of EU quality symbols – a clear demand for more efficient consumer‑protection regulation.;EPP-ED
Gross revenues from gambling on the internet amounted to EUR 2-3 billion in 2004. According to the aforementioned SICL study it now accounts for almost 5% of the total gambling market in the EU. The report by Mrs Schaldemose considers a different approach to the gambling industry in Europe and therefore I cannot support it. There are also serious firms who use the best technology and operate in accordance with the law. I believe that the position I have drafted with my colleagues represents a fairer and clearer alternative to the rapporteur’s report.;0.6;Criticises the current rapporteur’s report on gambling and proposes an alternative regulatory approach, indicating a definite position on how the gambling sector should be governed.;EPP-ED
It is important for the European sports movement and activities at grassroots level that the Member States can preserve their national gambling systems. They are also a fundamental element in what is a special feature of sporting life in Finland, in which voluntary work supported by society is also a basic support for high-level sports. That is why it is important that the rights of Member States remain as before, even in the age of the internet.;0.85;Defends the right of Member States to preserve their national gambling systems and resist EU‑wide harmonisation, reflecting a strong commitment to national sovereignty over regulatory matters.;PES
We need a genuine commitment to transparency and effective internal controls in order to extract maximum benefits from of our policies and priorities. Moreover, I fully support the view that if an action cannot be satisfactorily implemented in terms of cost and risk, then it should be reconsidered. In the current economic situation we cannot allow any wasteful spending or misuse of European funds. It is necessary to simplify the administrative and financial burden on applicants and benefeciaries of the EU especially since many instances unnecessary bureaucracy has resulted in impediment to effective policy implementation.;0.7;Calls for transparency, strict internal controls, avoidance of wasteful spending and simplification of EU bureaucracy – a clear stance on fiscal responsibility and efficient governance.;PES
The report highlights in detail all the major challenges facing the improvement of the economic situation and social inclusion of the largest ethnic minority in Europe. The report clearly and distinctly puts forward the principle for non-governmental organisations and the Roma getting involved in drafting and implementing policies for social inclusion.;0.75;Advocates the involvement of NGOs and Roma communities in drafting and implementing social‑inclusion policies, expressing a principle of participatory policy making for minorities.;EPP-ED
We are all aware that the problem posed by the Roma’s situation is not only a national problem for each Member State separately, but is a European problem and must be resolved at this level. I would like to stress that the new Member States in particular need proper support from the EU in integrating Roma, both from a social perspective and in terms of the labour market.;0.8;Frames Roma integration as a European problem requiring EU‑level support in social and labour‑market domains, indicating a commitment to EU solidarity and minority integration.;PES
I therefore encourage you to confirm this approval in this morning’s vote.;0.1;The statement merely urges a vote without expressing any political principle or ideological position.;ALDE
It was originally proposed for 11 September but, given the tragedy that occurred on that day, Parliament voted for it to be on 11 March. Several days later, on 25 March if my memory serves me correctly, the European Council adopted this date as European Day for the Victims of Terrorism.;0.1;The statement only reports a procedural decision about a commemorative date and does not advocate or oppose any political principle.;EPP-ED
The regulation that we are passing today is environmentally friendly since, as part of the CO package, it represents an important contribution, on the part of European policy, to the reduction in CO emissions from motor vehicles. In addition, it also – and this, too, is an important point that was particularly important to Parliament and its Members – leads to improvements in the safety of European roads, and not only in relation to goods vehicles, but in relation to cars as well. This measure will lead to a significant improvement in the safety of European roads, especially of our motorways. I thank you for your cooperation and I look forward to an interesting debate.;0.4;The speaker praises an environmental regulation and its contribution to CO‑reduction and road safety, but the language is descriptive rather than a clear advocacy of a broader policy principle.;EPP-ED
It is right to clearly class the wet grip, and thus the safety, of tyres as more important than rolling resistance, which helps reduce CO emissions. Tyres’ rolling resistance, depending on the driving conditions and speed, accounts for 20 to 30% of fuel consumption. However, it is necessary to realise that, without rolling resistance, which occurs through the deformation of tyres and their elastic properties, safe and comfortable driving would be impossible.;0.1;The passage discusses technical trade‑offs between tyre safety and rolling resistance without taking a stance on any political or ideological issue.;ALDE
Road safety saves lives, as Commissioner Verheugen commented, and is so important to the well-being of many families in the European Union. That is why I was determined to oppose those people in this Parliament and in the Council who wanted to weaken this Commission proposal. I believe the original Commission proposal is a very good one, and we were determined to resist changes to it. I would also draw attention to the important environmental measures – particularly tyre pressure monitoring systems – which will not only save on CO but also make cars safer, because under-inflated tyres are a cause of many accidents. Finally, I would draw attention to what we have done in terms of demanding greater emphasis, in road services, on reducing noise.;0.7;The speaker explicitly opposes weakening a Commission proposal, supports stronger road‑safety and environmental measures, and frames this as a principled stance on public safety and climate policy.;PES
I am therefore disappointed that the compromise does not reflect what we voted through in the committee. As regards lorries, 90% of tyres already meet the noise levels contained in the compromise.;0.5;Expression of disappointment that a compromise does not reflect the committee vote shows a clear preference for stricter noise‑level standards for lorries, indicating an ideological commitment to environmental regulation.;ALDE
Energy efficiency and CO emissions clearly play a very important role in this. For that reason, it is also important that this regulation should be in line with relevant standards.;0.4;The speaker emphasizes the importance of energy efficiency and CO‑emissions, endorsing alignment with standards, but does not articulate a broader political principle beyond generic support for environmental policy.;EFA
This regulation will reduce the administrative burden and will simplify legal regulations in accordance with the UN agreement on unifying vehicle requirements.;0.5;Advocates for reducing administrative burden and simplifying legal regulations, reflecting a deregulatory principle linked to the UN vehicle‑requirements agreement.;EPP-ED
I would, furthermore, like to point out that no precise specification of the performance requirements with regard to winter tyres’ ability to initiate or maintain vehicle motion was included in the compromise with the Council. Class C1, C2 and C3 tyres that do not meet the provisions of this regulation as set out in Annex 1 will now be permitted, under the compromise on transitional periods, to be sold for a further 30 months. Parliament had envisaged a 12-month transitional period for this, which would have been what was necessary here.;0.6;Criticism of the compromise on winter‑tyre performance requirements and demand for a shorter transition period reveals a clear stance for stricter safety standards.;PES
When I studied European law, codecision powers were evidently quite different from today. The first-reading deal that we now have before us, which was negotiated by four MEPs – including myself as shadow rapporteur – differs markedly from the text adopted by Parliament.;0.3;Comments on the evolution of codecision powers are mainly descriptive of institutional changes and do not constitute a strong advocacy of a specific political principle.;ALDE
I have been alerted over the last few weeks to plans by car manufacturers to avoid any refrigerant change at all, in 2011 and beyond, by applying type approval of certain components.;0.4;Alerting to manufacturers’ attempts to avoid refrigerant changes signals opposition to weakening environmental regulation, but the statement remains relatively limited in scope.;EPP-ED
I must say, however, and I think this is extremely important, that I did not feel pressurised by anyone, nor did I feel under political pressure. The only difficulty that there was in this legislative proposal – and I do not want to hide this, it was also discussed a little – was, of course, that of framing this ambitious legislation so that we would not be losing jobs in the European Union, but safeguarding them. I accept the criticism, but I think that this issue is something that would need to be resolved immediately after the elections for the entire parliamentary term. His proposal was about reducing the CO emissions from motor vehicles to 130 grams, with 10 grams to be envisaged for additional measures. It is my belief that it makes the most sense economically to remove tyres lawfully produced in the European Union as quickly as possible from circulation, but only when the market really offers the proper potential to do that.;0.7;Advocates EU‑level environmental legislation while emphasizing job protection, showing a clear stance on balancing regulation with economic interests.;EPP-ED
It is important for all of us to make Europe’s roads safer and reduce the number of fatalities and serious injuries by introducing standard equipment. New technologies will enable us to have safer, greener cars.;0.3;Expresses general support for safer, greener cars but does not articulate a concrete policy position or principle.;EPP-ED
I hope that we can hold that course, as these rules will harmonise the environmental requirements for industrial installations across the EU. We have an opportunity here, today, to send a signal for both better environmental protection and fair competition. When I made this proposal, I was accused of being a ‘green activist’. That does not change my own personal view that soil protection is not an area that should be regulated at EU level. Instead of differentiating by species between turkeys, ducks and broiler chickens, we should keep the threshold of 40 000 places for poultry.;0.8;Calls for EU‑wide harmonisation of environmental rules yet argues against EU regulation of soil protection, revealing a clear position on the scope of EU competence and fair competition.;ALDE
We must not forget that the directive has come about due to the fact that the previous directive has, until now, not proved easy to implement in the Member States. Greater effort is also required from the European Commission, however.;0.2;Only remarks on implementation difficulties and the need for Commission effort, without stating a substantive political principle.;EPP-ED
This compromise will lead to a greater degree of protection and lend support to European industry, partly by introducing flexibility. The minimum requirements proposed for large combustion plants must be met in order to apply the BATs and air quality criteria to this sector.;0.6;Supports a compromise that combines environmental protection with flexibility for European industry, indicating a clear policy preference.;PES
I do not see why a Member State that has invested in making sure that its industry is setting high environmental standards should be undermined competitively and environmentally by those Member States that are not prepared to make similar investments. I am very keen on seeing emission performance standards introduced for large coal and gas plants because of the huge quantities of CO they emit.;0.8;Strongly argues that Member States with high standards must not be undercut and pushes for emission performance standards, a definite ideological commitment to stringent environmental regulation and competitive fairness.;ALDE
We are promoting best available technologies in Europe for the sake of health, for the sake of the environment, but also for the sake of the competitiveness of European industry. We should be aware that, in much of industrial production in Europe, labour costs are smaller today than the material costs and the costs of electricity, water and other resources.;0.6;Promotes best‑available technologies for health, environment and industrial competitiveness, showing a clear stance on technology‑driven regulation.;EFA
The amendments discussed by all the groups to permit stricter controls on furan and dioxin emissions are also justified.;0.7;Explicitly supports stricter controls on specific pollutants, indicating a clear environmental regulatory position.;NGL
The European Union has been tackling this kind of environmental pollution for decades, and recently all the attention in the environmental field has been focused on CO and climate change. Sometimes, it seems that this is the only environmental problem. Creation is also threatened by the emission of atmospheric pollutants, 40-80% of which originate from large industrial installations. We in the Committee on the Environment, Public Health and Food Safety have considered the proposals in detail and have reached an acceptable compromise on many points. For example, the emission standards for power stations must be comparable to those for waste incineration plants in terms of stringency, particularly if we consider that power stations are co-incinerators of waste.;0.7;Advocates strong emission standards for power stations and aligns them with waste‑incineration rules, reflecting a firm environmental protection stance.;DEM
For me, cutting bureaucracy does not mean the creation of new reporting obligations and complicated procedures but rather, above all, the avoidance of duplicated regulation and unnecessary burdens. What is more, the Commission proposes rules that are already contained in a nitrate directive or the water framework directive or the groundwater directive. By setting emissions limits that the Member States must adhere to as an absolute upper limit when granting permits to large industrial plants, we will be putting a stop to the inflationary use of derogations that has thus far taken place in certain Member States. In that way, we will be guaranteeing a uniform high level of safety. Member States will then no longer be able to gain a competitive advantage at the expense of the environment.;0.8;Calls for reducing bureaucratic duplication and imposing uniform safety limits to prevent competitive advantage through weaker environmental rules, a clear principle of regulatory harmonisation and fairness.;EPP-ED
However, it is also important not to permit additional derogations or longer time limits in this directive so that we are able to continue this positive development of less fallout of hazardous emissions over Europe. Emissions trading is not an adequate tool for dealing with the climate crisis that we are facing.;0.7;Advocates against emissions trading as an adequate climate tool and calls for no further derogations, showing a clear stance on climate regulation and market mechanisms.;PES
There was no opportunity for the Agriculture Committee to give its opinion and, unfortunately, some of the proposals that affect farmers are quite inappropriate.;0.3;Expresses dissatisfaction with the legislative process and proposals affecting farmers but does not articulate a concrete political principle.;ALDE
If the European safety net is adopted, I hope the Council and the Commission put pressure on Parliament to have an impact assessment done on the idea. The question is whether we have the will to make a uniform European Union-wide system – a European safety net – work. Finally, I commend to the future Parliament the current Rule 55, which would allow us to have a renewed first reading of this very important directive.;0.8;Supports a uniform EU‑wide safety net and urges impact assessments, reflecting a clear pro‑integration, social‑policy position.;EPP-ED
An emission ceiling for CO is the only way we can continue to use coal whilst also achieving our climate objectives. If we lay down requirements for cars and lighting, we must certainly also lay down requirements for coal-fired power stations, as these are the real polluters. It is also true that, if we want an easy way to reduce CO we should be looking not at the steel or cement industries but rather at the energy sector.;0.7;Calls for a CO emission ceiling for coal plants and argues for sector‑specific regulation, indicating a definite climate‑policy stance.;PES
CO emission performance standards would help ensure the electricity sector is decarbonised to a timetable consistent both with limiting increases in global average temperatures to less than 2 °C and with bringing new, cleaner technologies on-stream. A 350 g limit would ensure that only the most efficient state of the art gas-fired plants, for example, are built.;0.6;Defends strict CO performance standards to decarbonise electricity, showing commitment to strong environmental regulation.;EPP-ED
I think there is a balance to strike between environmental protection, on the one hand, and on bureaucracy and cost to industry and smaller installations, such as farmers and healthcare installations, on the other. Secondly, the minimum requirements for large combustion plants present significant problems for parts of the UK power sector. I am told these concerns are shared by Poland, France, Italy, Spain and some eastern and southern Member States.;0.4;Mentions the need to balance environmental protection with costs for industry and cites concerns of several states, but offers no explicit policy prescription.;PES
Perhaps we need to look at that directive, which is causing problems in many Member States, at how it is being implemented and at whether it is being implemented effectively.;0.2;Suggests reviewing implementation effectiveness of a directive without stating a clear ideological position.;EPP-ED
This is a pity because the directive will have a considerable economic impact, in combination with the climate package, on measures already decided. For that reason, they should be in the right proportion to the climatic and environmental benefits achieved by means of the directive. The licensing authorities must be able to consider freely the emissions regulations for installations, taking into consideration an installation’s age and technical standard, its environmental impact and condition, and the costs of measures for improvement. Here, I would like to say a special thank you to my colleague, Mrs Jackson, for her Amendment 134, which my group has decided to support.;0.3;Notes proportionality of economic impact to environmental benefits and thanks a colleague, but lacks a definitive political principle.;EPP-ED
At this very moment, it is unclear whether these four amendments will be voted on later today. I believe that recent science is enough substantive evidence that we need to be more ambitious than we thought just one or two years ago when it comes to climate change mitigation. The Emission Trading System (ETS) is, in my opinion, not sufficient to reach the 2 °C target that the EU has agreed on. That is why we have tabled these amendments, where we call for all power plants that are built in the future to limit their emissions to 350 g CO from 2020 and onwards and those which are already in existence should be retrofitted by 2025 or closed down.;0.9;Strongly opposes the ETS, calls for more ambitious climate targets, and proposes specific emission limits, demonstrating a firm ideological commitment to aggressive climate action.;EPP-ED
It troubles me all the more that the Commission has not carried out a study into economic impacts on employment, in order for us to take an informed and responsible decision concerning the new requirements for what is otherwise a very desirable reduction in emissions of nitrogen oxide. I will vote against expanding the scope of this directive on reducing emissions to include households, small plants, small farms and even schools and churches and the like at a time of crisis.;0.6;Criticises lack of economic impact study and votes against expanding emission regulation to small emitters, indicating a clear stance on regulatory scope and economic considerations.;EPP-ED
I think that many of the amendments that are not connected with agriculture are extremely good and I congratulate Mr Vernola on his report. I am going to ask you a simple question, and please try to answer it today. Will you put in place legislation to stop imports of foodstuffs coming into the European Union which are not reared to the same standards as we have in the European Union?;0.7;Advocates EU legislation to ban imports of food not produced to EU standards – a clear stance on trade regulation and consumer protection within the EU.;EPP-ED
Firstly, I would like to offer my sincere thanks to the Commissioner for not categorically arguing against the concept of minimum requirements for the safety network. I can well understand that the energy security of a country will be put above compliance with an air pollution limit for a certain period of time. I do not wish to end this parliamentary term as rapporteur and hand on legislation to the next Parliament where the text of the directive that is debated is inconsistent, illogical and contradictory.;0.4;Mentions support for minimum safety requirements and the trade‑off between energy security and air‑pollution limits, but the position is vague and not a firm ideological claim.;ALDE
The vote will take place on Tuesday, 10 March 2009.;0.0;"Purely factual statement about a vote date; no political principle or ideological commitment expressed.";ALDE
I welcome both the integrated approach (the consolidation in a single text of seven separate directives on industrial emissions) and more stringent provisions governing the use of best available techniques aimed at finding innovative solutions for reducing the pollutant effect of production. The development of certain less polluting products entails the involvement of different parties, such as companies, the competent authorities and NGOs. There are good examples of this in the Netherlands and Denmark, as well as in East European countries such as Romania.;0.6;Expresses support for an integrated, stricter environmental directive and the use of best‑available techniques – a clear environmental regulatory position.;PES
While industrial activity has a fundamental role to play in maintaining and increasing economic well-being, we must not lose sight of the impact it has on the environment. I supported the introduction, from 1 January 2020, of a limit value of 350g of carbon dioxide for electricity-generating combustion plants bigger than 500 MW as these plants cause an increase in the concentration of carbon dioxide in the atmosphere and, by implication, a deterioration in global warming.;0.7;Supports a specific CO₂ emission limit for large power plants and links it to combating global warming – explicit climate‑policy stance.;PES
The decision about integrated pollution prevention and control (IPPC) represents an opportunity for Europe to obtain uniformly high standards of protection. In the sensitive area of industrial emissions, it is important that European businesses are given an incentive to put in place the cleanest and most efficient technology available. In its implementation, however, attention must be paid to ensuring that this pioneering project of the IPPC Directive does not become overloaded with bureaucracy once again, leaving Member States and businesses with an impossible job. We should therefore carefully weigh up how much of a reporting obligation is actually required and to what extent implementing the concept would, if anything, be detrimental.;0.6;Calls for uniformly high environmental protection standards and incentives for clean technology while warning against excessive bureaucracy – clear environmental regulation viewpoint.;EPP-ED
The amendments by Mr Nassauer may bring some reassurances to his group and other MEPs who are concerned that some private information may get into the public domain. Some Members have raised doubts about whether all the amendments that my report proposes are within the scope of the legal basis of the regulation – Article 255 of the Treaty. It is simply disingenuous to say, as the Commission has, that the classification of documents as confidential has no link with public access to such documents. Under the present version of Regulation (EC) No 1049/2001, documents may only be classified in order to safeguard the essential interests protected under Article 4(1). I know some of you were also concerned that we went too far in seeking to ensure that Member States did not undermine the level of transparency the regulation aims at.;0.55;Defends transparency and proper legal basis for document classification, emphasizing the need for public access – a defined commitment to transparency and rule of law.;PES
So, the outcome, whether through the use of this procedure or through the practical proposals that have been made, is surely a step backwards compared with the current situation.;0.1;"Only a negative assessment (‘step backwards’) without reference to a specific principle; lacks an explicit ideological claim.";EFA
The four Nordic Member States have written to the committee about this regulation, stating that it increases citizens’ trust in the EU and that it provides the greatest possible degree of transparency. In other words, it is quite early on in the process, but I welcome many of the proposals and look forward to our continued cooperation. This time, too, the PPE-DE votes will probably be significant for the final outcome, which will presumably come during a new Parliament. The PPE-DE Group will use its votes to strengthen legal certainty, predictability and clarity when the rules are formulated as the process continues. We want increased transparency and citizens must be able to follow the democratic debate. We believe that the matter requires more preparation, so that there are common impact assessments with regard to the institutions’ way of working, for example. A number of amendments, around 40 to 50 of them, which relate to the Commission’s right of initiative, have caused some discussion. Transparency is an important part of democracy.;0.7;Advocates increased transparency, legal certainty, and democratic oversight in EU decision‑making – a strong commitment to democratic transparency.;EPP-ED
First of all, it is taking realities into consideration.;0.0;"Vague statement about ‘taking realities into consideration’; no concrete political principle is expressed.";PES
This simply cannot be tolerated when we know that the European Union has legislative powers and citizens have a right to information throughout the entire legislative process. I believe that Mr Cashman should also be supported in his attempt to put forward proposals that go above and beyond those made by the Commission. I read today in the press that our decision to publish parliamentary attendance – this has nothing to do with this report – a decision taken in this House, has, however, apparently run up against technical problems that will prevent it from being implemented before the European elections.;0.8;Explicitly advocates for citizens' right to information and greater transparency in EU legislative processes, a clear political principle.;ALDE
An increasing amount of national legislation, with the principle of public access we have in Sweden, for example, is now being made at EU level. Our citizens see this, of course, and that is one reason why we have a low turnout for elections to the European Parliament. The Confederal Group of the European United Left/Nordic Green Left and I have submitted amendments to, among other things, broaden the definition of documents, make more documents accessible to the public and prevent any individual Member State from being able to submit a veto. Commissioner Wallström said that a good tool can always be improved.;0.8;Calls for broader public access to EU documents, limits on member‑state vetoes, and links transparency to low voter turnout – a strong ideological stance on openness.;NGL
We are under the media spotlight, we are watched by journalists, our work is already transparent.;0.1;"Only describes existing transparency without advocating or opposing any principle; essentially a factual statement.";EPP-ED
I hope that you are now in favour of increasing public access within the EU, so that the Swedish Presidency, together with the rest of us, will be able to take this important and key democratic issue further for all EU citizens. I hope that Parliament will now stand united and that we can proudly say to our voters in the EU elections in June that the EU will become increasingly open – that we have no hidden agendas and that we want to be scrutinised on and judged by what we do – and with a transparency of which we can be proud.;0.8;Calls for increased public access, an open EU with no hidden agendas, and urges unified parliamentary action – clear commitment to transparency.;PES
This will enable citizens to truly participate in the political process and to ask the public authorities for clarification. Despite the efforts made by the European institutions to increase openness and transparency, the situation is, unfortunately, far from satisfactory. It is extremely important that in rights infringement procedures, which are often brought as a result of citizens’ petitions, citizens are assured of full access to all documents at each stage in their pursuit of their rights. This should also apply to the documents with which the European institutions are provided by the Member States. I would like to underline once again, that easy access by petitioners to the information they need should be the foundation for the success of the European transparency initiative.;0.85;Advocates that easy citizen access to documents is foundational for participation and rights protection, a strong democratic‑transparency position.;UEN
I also welcome the initiatives to push for the more proactive and clear disclosure of documents through improved Internet databases.;0.7;Welcomes proactive disclosure initiatives, signalling support for greater institutional openness.;EPP-ED
Every citizen of the European Union and any natural or legal person residing or established in a Member State has the right to access European Parliament, Council and Commission documents. We can only get the citizens of Europe interested in and build their confidence in the EU institutions, in MEPs and national politicians if we provide complete and honest information. I am therefore sorry that the Commission gave no consideration to the rapporteur’s 2006 proposal on transparency.;0.8;States a right of all EU citizens to access documents and criticises the Commission for ignoring a transparency proposal, showing a firm stance on openness.;PES
I called on the European Commission’s Directorate-General for Energy and Transport to provide an opportunity to see the document.;0.7;Directly requests that a Commission directorate make a document publicly available, reflecting an advocacy for transparency.;ALDE
I would further point out that there is nothing to prevent the Commission from amending its proposal at any time after the vote tomorrow, except perhaps institutional and political reluctance.;0.4;"Notes procedural flexibility and possible reluctance but does not clearly advocate a principle; only a weak value signal.";PES
The vote will take place on Wednesday, 11 March 2009.;0.0;"Simply announces the date of a vote; contains no ideological content.";ALDE
The amendments by the European Parliament to the regulation on public access to the documents of the European institutions, especially to documents relating to the legislative procedure, are a catalytic step in safeguarding transparency and participatory democracy in Europe. Particularly important in my opinion is the requirement that every initiative or document designed to somehow influence the decision-making procedure must be published.;0.8;Advocates increased transparency and participatory democracy in the EU by demanding publication of influencing documents, a clear political principle about how EU institutions should operate.;PES
This meant the elimination of the leaders and elites of a nation fighting for its own, and Europe’s, freedom. Therefore, I will not ask for this today and will free the presidency from what appears to be such a difficult decision.;0.25;"Vague rhetoric about ‘elimination of leaders and elites’ and ‘freedom’; does not articulate a concrete policy principle or institutional stance.";EPP-ED
Whilst you might well be wanting us to vote, we have a small problem with this, because we do not know what we are voting on and we do not know which way we should be voting.;0.2;Expresses confusion over voting information, a complaint about procedural clarity rather than a defined ideological position.;EPP-ED
We now have Amendments 106, 139, 88 and 89.;0.0;"Purely factual statement listing amendment numbers; contains no political principle or value judgment.";ALDE
This Parliament has no right to introduce legislation.;0.7;Makes a definitive claim that the Parliament lacks the right to legislate, indicating a strong stance on institutional authority and sovereignty.;ALDE
I would ask Parliament to support this oral amendment.;0.1;A procedural request to support an oral amendment without specifying any underlying policy principle or ideological commitment.;EPP-ED
We want quick procedures and not the integration of asylum seekers who will possibly have to leave the European Union again after 14 days because they will not be granted refugee status anyway.;0.85;Clearly opposes the integration of asylum seekers and calls for quick procedures, reflecting a firm restrictive migration stance.;EPP-ED
I voted in favour of this report because anything that improves road safety has to be welcomed.;0.45;"Supports a measure that improves road safety; while a policy preference, it is a relatively narrow, technical value rather than a broad ideological commitment.";EPP-ED
The Committee on Agriculture and Rural Development has concerns about a soils directive and this is an issue that needs to be carefully examined.;0.3;Expresses concern about a soils directive, indicating a cautious approach to environmental legislation but without a clear, articulated principle.;EPP-ED
I have therefore decided to vote against this report as a whole, despite the fact that I very much welcome the European safety network.;0.2;"States a vote against a report while expressing general approval of a safety network; lacks a specific ideological rationale for the opposition.";EPP-ED
That should be the responsibility of the national governments. I have to ask why the Committee on Agriculture was not consulted on this particular issue. The truth is that we are bringing in regulations in Europe, and restricting production in Europe, whilst allowing imports into the European Union that are not produced to the same standards as they are in Europe.;0.85;Explicitly argues that regulatory responsibility should lie with national governments and criticises EU‑wide regulations that favour imports over domestic standards, showing a clear stance on national sovereignty versus EU integration.;EPP-ED
Perhaps a word of explanation is necessary concerning the correct actions of the President of the Parliament. There, the Commission is putting forward a proposal to change one element of a package of existing legislation and to simply codify the rest without changing it.;0.1;Only comments on procedural aspects of a parliamentary proposal without advocating any political principle or policy direction.;PES
I just wanted to lay down a few ground rules that have been ignored so far in these reports.;0.1;States an intention to set ‘ground rules’ but does not specify any ideological content or policy position.;EPP-ED
The whole of the European Union’s budget amounts to less than 1% of GDP and it has been a declining proportion of GDP in recent years. On the other hand, in certain areas, it can be of huge structural significance and gradually improve the structure of Europe’s economy.;0.2;Provides a factual observation about the EU budget’s size and structural impact, but does not argue for or against any political principle.;PES
We must keep in mind that the liberty of providing services within the European Union is a basic, recognised Union principle, and therefore we must not resort to protectionism.;0.78;Defends the EU principle of free provision of services and calls for avoiding protectionism, a clear endorsement of market liberalisation within the Union.;EPP-ED
Member States must introduce a common set of regulations on payments as quickly as possible, including checks on identity and age. The key issue of course is prevention and I am therefore pushing for a Europe-wide ban on gambling advertisements which are targeted at young people, just as we have for alcohol and tobacco. We must also monitor the other negative effects of this branch of the entertainment industry, including money laundering and organised crime in general.;0.73;Advocates a Europe‑wide ban on gambling advertisements targeting youth and tighter payment regulations, reflecting a strong policy stance on consumer protection and public‑health regulation.;EPP-ED
However, according to Mrs Schaldemose, that EUR 3 billion is only 5% of the total gambling market in the European Union. When it comes to tackling fraud, criminal behaviour and financial and medical issues that correspond to online gambling, I call on the European Parliament to vote repeatedly on better and better solutions in future.;0.6;Calls for repeated EU parliamentary votes on stronger solutions to combat fraud and crime in online gambling, indicating a clear preference for increased regulatory action.;EPP-ED
It may come as no surprise to you that I actually voted in favour of this report, given that the author was a very good Conservative, British colleague of mine. Because the companies were not supplying the goods and services that consumers wanted to buy, we are now throwing aside rules on state aid and keeping up companies that may not survive in the long term.;0.7;Supports voting in favour of measures that discard state‑aid rules and keep non‑viable companies alive, expressing a market‑oriented, limited‑state‑intervention ideology.;EPP-ED
Now, at a time of crisis, it is abundantly clear what has been neglected in this area, especially in the new Member States.;0.15;Mentions neglect in certain areas during a crisis but does not articulate any concrete political principle or policy recommendation.;EPP-ED
In the current time of crisis, they therefore play a key role in economic growth, social cohesion and especially job creation. Credit and loans are the main sources of finance for SMEs in Europe.;0.2;Describes the role of credit for SMEs in economic growth without advocating a specific ideological position or structural change.;EPP-ED
Many Member States’ plans for economic recovery stress the important role small businesses can play in bringing us out of the present crisis. 99.2% of my region’s businesses employ fewer than 49 people. I especially welcome the emphasis in this report on the difficulties that small businesses are facing in accessing credit, time and resources for education and training, and – most importantly – for research. National borders, increasingly, are irrelevant to small businesses, which are doing more business with partners across Europe.;0.6;Advocates specific economic policy for small businesses (credit, training, research) and stresses cross‑border EU trade, showing a clear stance on market support and integration.;PES
We have heard from my colleague, Mrs Gill, how important small businesses are to the economy and how they are bearing the brunt of the difficulties at the moment. We often talk about better regulation, but what we really need is proportionality.;0.5;Calls for proportionality in regulation, expressing a clear principle about the scale of regulatory measures versus business needs.;PES
I represent London, which I think is the greatest city in the world, capital of the greatest country in the world.;0.0;"Only expresses pride in a city and country; no political principle or policy position is articulated.";EPP-ED
I think that it is particularly important that all the agreements signed by the EU with third countries include Romania, as an EU Member State. Romania is a member of the European family with full rights and must be included in all documents relating to the EU. Romania must enjoy all the rights and obligations of an EU Member State.;0.7;Demands that Romania be fully included in all EU agreements, asserting the principle of equal rights and obligations for all member states.;EPP-ED
The treaty radically changed the lives of many European citizens by focusing on a new approach to border management. In this case, it seems inevitable that we will continue along this path and give our favourable opinion on the creation of a system of entry/exit registration, facilitating border crossing for travellers and the introduction of an electronic system of travel authorisation.;0.7;Supports a treaty‑based system of entry/exit registration and electronic travel authorisation, indicating a definite stance on border‑control policy.;PES
We cannot, however, continue to adopt separate new initiatives without a comprehensive master plan for the EU’s border strategy.;0.5;Insists on a comprehensive master plan for EU border strategy, reflecting a policy‑oriented principle of coordinated action.;EPP-ED
The own-initiative report on EU border management is important as it will act as a guide for the legislation which the EC will propose in 2009. As the PPE-DE rapporteur, I believe that the text must provide clearer support for preparing the next steps in integrated border management. The Commission must manage the interconnection of these systems and expand their functionality in order to streamline costs. However, I have suggested changing the term ‘bona fide traveller’ to ‘frequent traveller’ to prevent the remaining travellers being considered as ‘high-risk’. In order to achieve the EU’s strategic objectives, the Commission should not start developing new tools from scratch until the existing ones are fully operational and reliable.;0.7;Provides detailed recommendations for integrated border‑management tools and terminology, showing a strong ideological commitment to efficient EU border policy.;EPP-ED
The security of external borders is an area which has not been looked into sufficiently, either by us in the European Parliament or by other Community institutions.;0.5;Highlights insufficient attention to external‑border security, signalling a principle that security should be prioritized.;EPP-ED
I welcome the Council’s initiative in preparing legislation proposals for the 2009-2010 period on introducing an entry/exit system, a Registered Traveller Programme (RTP) and an Electronic System of Travel Authorisation (ESTA). Although I believe that these programmes must be implemented as soon as possible, and operate as efficiently as possible, they need to be prepared properly. I believe that it is absolutely essential for a comprehensive master plan to be drafted which sets out the general framework for the EU’s border strategy and ensures coordination and cooperation between the various systems and authorities with responsibilities in this area. We must also take into consideration the experience in the US in this area. I agree with the author that a programme like US VISIT may work from a technical viewpoint and that the programme is not therefore, by definition, an obstacle preventing normal traveller flow.;0.7;Welcomes specific border‑control programmes but stresses the need for a coordinated master plan, indicating a clear policy stance on EU border strategy.;EPP-ED
Finally, in the name of both solidarity and equitable justice, it must be stressed that there is a need for consideration to be given to the burden that managing external borders represents to the Member States in question.;0.6;Frames border‑management burden in terms of solidarity and equitable justice, expressing a principle of fair burden‑sharing among member states.;EPP-ED
Increasing border security, which should proceed in tandem with improving the free movement of people in an increasingly unified Europe, is an important element in this. However, the ultimate objective should be to strike a balance between ensuring the free movement of people and providing greater security for the citizens of Europe.;0.7;Advocates a specific balance between border security and free movement within the EU, expressing a clear position on migration and EU integration.;UEN
Furthermore, our concern must be constantly focused on respecting a person’s right to privacy, as well as on developing new, less invasive technologies.;0.6;Calls for respect of the right to privacy and development of less invasive technologies, a concrete stance on civil‑liberties and regulation of technology.;PES
The removal of border controls is merely an inevitable consequence of the EU neoliberal project and its vital interest in the free movement of capital, goods and persons (in other words, workers). The EU should be chalking up successes first and foremost in the areas of peace and social policy, but unfortunately, of course, these are always far fewer in number. With regard to the external borders of the EU, I would also like to stress that the recent past in Europe has clearly shown that political and social problems cannot be solved through police or routine measures.;0.85;Critiques the EU’s neoliberal agenda, links free movement of capital/persons to political outcomes, and argues for prioritising peace and social policy – a strong ideological critique of economic liberalism.;NGL
I believe that a harmonised asylum system will undermine the UK’s sovereign right to decide for itself who should and should not be allowed to claim asylum in my country. Furthermore, I believe that a common asylum system will weaken the accountability of British ministers and parliamentarians to the citizens who elect them. However, I am worried that by taking away the UK’s independent ability to monitor and regulate asylum entrants, we would potentially be exposing ourselves further to the threat of terrorist attacks.;0.8;Opposes a harmonised asylum system on grounds of national sovereignty and ministerial accountability, explicitly advocating for UK control over asylum policy.;EPP-ED
All political refugees have the right to enter the European Union and, once their status has been recognised, to reside on European territory.;0.7;States that all political refugees have a right to enter and reside in the EU, a clear pro‑refugee, humanitarian principle.;ALDE
The number of refugees is constantly rising, and the current regulations and directives governing asylum are no longer coping with the situation. There must be a common asylum system, and one that leads to ‘uniform and reasonable time limits’. There must be uniform border controls so that people who have a right to international protection can get access more easily. The Dublin system currently in force, under which the wishes of asylum seekers, for example, their choice of a European country, cannot be taken into consideration, must be revised to the effect that people who are recognised as being in special need of protection are also able to live in another EU country. I support the Commission’s proposal and the own-initiative report, but I would point out, once again, that, on this issue, rapid and uniform implementation is crucial.;0.8;Strongly supports a common asylum system with uniform time limits and revised Dublin rules, advocating specific EU‑wide policy reforms.;PES
My party, the Dutch Socialist Party, does not believe that harmonising asylum policy and dressing up an agency to govern this in future would lead to a more even distribution of the number of asylum applications among the various Member States. I also take the view that harmonisation would lead to lower-quality asylum policy in countries where this policy is relatively well regulated at present, as Member States would use this standardisation to seek out the lowest possible level.;0.7;Party position opposing asylum policy harmonisation, arguing it would reduce distribution fairness and quality – a clear ideological stance.;NGL
With this important proviso, a point that must be considered is the fact that, because borders within the Schengen Area are effectively open, decisions taken within one Member State may have implications for another.;0.15;Only notes a factual implication of open Schengen borders without expressing a normative position or policy preference.;EPP-ED
During the first phase (1999-2005), the EU attempted to harmonise the approach of Member States’ policies on the basis of common minimum standards. I support the call for the improvement of the existing legislation with regard to both the Asylum Procedures Directive, the Directive determining the conditions for reception, and the Directive that grants or withdraws refugee status.;0.6;Supports improving existing asylum legislation (procedures, reception, status directives), indicating a concrete policy preference.;EFA
British Conservative MEPs are in favour of equality of treatment and access for men and women in all aspects of society, including the performing arts. However, we wish to record that we disagree with the concept of quotas as implied, for example, in paragraph 12 of the report.;0.7;Affirms equality of treatment for men and women while rejecting quota systems, a clear stance on gender equality policy.;EPP-ED
A few days after International Women’s Day, here we are again in this Chamber discussing social inequality between the two sexes.;0.1;"Only mentions the topic of gender inequality without advocating any specific policy or principle; no clear ideological stance.";PES
I do not think it is my place as an MEP to tell those involved in the performing arts how they should regulate their own affairs. In fact, I think it is my job to ensure that performing artists and organisations that facilitate performing arts are as free as possible from well-meaning, but misplaced and naïve, initiatives like this one.;0.7;Explicitly opposes regulatory interference in the performing arts and calls for maximal freedom, reflecting a deregulation/libertarian principle.;EPP-ED
In today’s civilised world, the disparity between men and women, and majorities and minorities, must be done away with. The European Parliament must observe its past legislation and uphold the values of universal solidarity. In order to find true talent, the most capable performers and deserving applicants, women must be given equal status with men in the same fields. Depriving a group on the basis of sex or any other characteristic will not be tolerated by the EU, and it is our duty to ensure this applies across the field of the performing arts (and others areas as well). For this reason, it is my duty and that of the PPE-DE Party to give a vote of confidence to any legislation that supports equality, corrects wrongdoings, and better preserves cohesion between members of the opposite sex.;0.9;Strongly advocates gender equality legislation and condemns discrimination, showing a clear feminist, egalitarian ideological commitment.;EPP-ED
As far as tyres are concerned, I believe the efforts to reduce CO emissions through the use of better tyres with less rolling resistance, as well as the introduction of electronic tyre pressure monitoring systems, to be worthwhile. I am also pleased that existing stocks will not – as originally planned – have to be taken off the market within 12 months, but instead only 30 months after the introduction of a new standard.;0.5;Expresses support for tyre‑related CO₂ reduction measures, indicating a pro‑environmental regulatory stance, but without a strongly articulated principle.;EPP-ED
Any citizen on the planet who is aware of the magnitude assumed by global warming can act to halt the progress of this process endangering Earth.;0.2;"General call for citizens to act against global warming; lacks specific policy or ideological articulation.";EPP-ED
This proposal for a directive seeks to revise and bring together, in a single text, seven separate directives on industrial emissions.;0.1;Describes a legislative proposal without expressing any evaluative or normative position.;NGL
The proposal for a directive by the European Commission on industrial emissions and the amendments by the European Parliament reveal, once again, that the real objective of the ‘green economy’ is not to protect the environment, but to safeguard the profits of capital.;0.7;Criticises the ‘green economy’ as a tool for protecting capital profits, signalling a pro‑market, anti‑environmental‑regulation stance.;NGL
− This afternoon, we voted on the Statute for a European private company. Firstly, I take the view that this proposal increases the legal uncertainty in the European Union. The relationship between the national private company and the European private company, between the applicable national law and the text of the regulation, is not made sufficiently clear. No satisfactory answers are provided to such questions. I actually think this a much better idea than the European private company. If the Commission were to endeavour to facilitate the cross-border transfer of company registered offices, reducing red tape, the whole proposal for the European private company would be redundant.;0.6;Argues that the European private‑company proposal creates legal uncertainty and advocates reducing red tape, reflecting a deregulation principle.;DEM
With the creation of this statute, another step is taken towards the lifting of these obstacles, especially in a sector that is fundamental to the European economy. The time and money saved by SMEs through this measure, resulting from the Small Business Act, point out a clear course for future European business policy. For these reasons, Members representing the Portuguese Social Democratic Party are supporting the report.;0.6;Supports a statute that eases burdens for SMEs and aligns with a business‑friendly, pro‑SME policy orientation.;EPP-ED
Worker participation is a cornerstone of a democratic and social Europe. For that reason, the right to information, consultation and worker participation, without restrictions, must take the same form as in the existing rules on the European company (Societas Europae – SE) and the European cooperative society (Societas Cooperativa Europaea – SCE).;0.8;Calls for unrestricted worker participation rights as a cornerstone of a democratic and social Europe, demonstrating a clear social‑democratic ideology.;PES
For too long now, national monopolies controlled by governments have prevented new entrants from offering gaming services in Europe. Online gambling offers a new way for consumers to enjoy their gaming experience. It is also important in my view to take all reasonable steps to prohibit minors from gaming online.;0.75;Advocates opening the gambling market by ending national monopolies (market liberalisation) while also calling for consumer protection of minors – a clear political principle about market regulation.;EPP-ED
I share concerns about citizens being ripped off and the worries about gambling addiction, but note that gambling is controlled in the majority of Member States in order to protect citizens against gambling addiction and fraud and to prevent money laundering. I believe that the alternative resolution would have addressed those concerns more effectively.;0.3;"Mentions concerns about gambling harms and existing controls but does not explicitly advocate a specific policy direction; only a vague acknowledgment of regulation.";EPP-ED
The Schaldemose report on the integrity of online gambling sets out Member States’ responsibilities in regulating their gambling markets so as to protect vulnerable consumers, especially children, to tackle crime and to protect sporting events from risks such as match-fixing. The report also makes clear that such regulation must be proportionate and non-discriminatory, as set out in the EU Treaties. A number of Member States are currently reviewing their legislation on gambling to ensure it is compliant with the EU Treaties. Labour MEPs emphasise that authorities across the EU must remain vigilant and cooperate against all risks of crime, match-fixing, and threats to young people and the vulnerable from all forms of gambling.;0.65;Calls for EU Member States to regulate gambling to protect vulnerable groups and combat crime, emphasizing proportionality and non‑discrimination – a clear stance on consumer protection and rule‑of‑law principles.;PES
In its case law, the European Court of Justice has confirmed that it is Member States themselves who determine what level of protection they consider appropriate to protect their citizens against the hazards associated with gambling. The subsidiarity applicable here means that Member States must be able to control and to regulate their gambling markets in accordance with their traditions and cultures in order to protect consumers against the hazards of addiction, fraud and money laundering. In view of the additional risks involved in online gambling, I am convinced that national legislation cannot be replaced by pan-European self-regulation of the gambling industry. Therefore, I join the substantial majority of my colleagues on the Committee on the Internal Market and Consumer Protection who believe that a purely internal market approach to gambling is not applicable.;0.9;Strongly argues that national legislation, not pan‑European self‑regulation, should determine gambling rules, invoking subsidiarity and national sovereignty – explicit ideological commitment.;EPP-ED
Therefore, the Commission must have an office which would be responsible for approving and allowing the use of these systems on a European scale and which would ensure uniform and effective control at European and national levels.;0.7;Advocates creating a Commission office to approve and uniformly control systems across Europe, supporting deeper EU‑level regulatory integration.;ALDE
The result of this simplification would be a reduction in administrative costs for public entities. I also welcome the special attention given to designations of origin and the call on the Commission to ensure that this issue is included on the World Trade Organisation’s agenda.;0.6;Supports administrative simplification, protection of designations of origin and bringing the issue to the WTO agenda – a clear position on trade policy and EU product protection.;EPP-ED
The issue of harmonising and mutually recognising standards with regard to food is very important for ensuring human health. The quality of food products has a fundamental significance to the safety of food for our citizens. Food products must also be properly packed, transported and stored. To ensure good food quality, consumers must also be given complete information on the products they buy, the ingredients, any genetic modifications, the place of manufacture, the storage conditions, how to prepare it and the use by date. The rapporteur favours the introduction of a European service responsible for certification and food quality at Commission level to ensure that minimum certification requirements are met. This would provide a uniform system of control at EU and Member State level. On the basis of an earlier resolution, the report also favours the introduction of a special quality mark for European products.;0.75;Calls for EU‑wide harmonisation of food standards, a European certification service and a quality mark, endorsing strong EU regulatory coordination on food safety.;UEN
At a time when we are facing a serious economic crisis, it is our duty to take measures to support European farmers and processors and ensure that consumers have access to the best products at the most favourable prices. I rather think that the purpose of introducing this mark must be to promote European products and the benefits which they enjoy over those from third countries and to provide European consumers with better information.;0.7;Advocates measures to support European farmers and promote European products over third‑country goods, reflecting a protectionist, pro‑EU agricultural policy stance.;EPP-ED
The essential elements of this process are cooperation between national competition institutions and coordination through the European Competition Network. Based on the criteria of flexibility and pragmatism, the 2006 and 2007 reports give a favourable evaluation of the effectiveness and development of the ECN’s work. The efforts to fund training and judicial cooperation between state judges to interpret EU competition law and ensure its implementation are also welcome.;0.5;Expresses approval of cooperation between national competition authorities and the European Competition Network, indicating support for EU‑level competition coordination, though the statement is largely descriptive.;ALDE
The European Commission is to be applauded in its initiatives to date and its continuing work aimed at eliminating red tape for small businesses. Ms Herczog’s report recognises the work done by the Commission and calls for further steps in this direction. This issue is of such importance to Ireland, especially in these economic times, that I had to vote against this proposal.;0.3;"Praises the Commission’s red‑tape reduction for small businesses but also notes a vote against the proposal; the overall stance on deregulation is ambiguous and weakly expressed.";UEN
The initiative to create the most favourable conditions for SMEs to obtain funding (risk capital, micro-credits, etc.) is very important. Only complex measures, i.e. promoting higher standards of manufacturing processes and ecological standards for products within the EU, and popularising these same standards throughout the world, as well as enhancing supervision of the EU market, can contribute to common global challenges, such as climate change and diminishing fossil fuel reserves.;0.75;Advocates EU‑wide higher ecological and manufacturing standards, stronger market supervision and funding conditions for SMEs to meet climate and energy challenges – a clear policy stance on regulation and environmental protection.;ALDE
That is why the Members representing the Portuguese Social Democratic Party (PSD) are supporting this report, which is, as a matter of fact, coherent with the measures proposed in Portugal by the leader of the PSD, Dr Manuela Ferreira Leite.;0.2;"Only notes party support for a report without stating any specific political principle or policy position; thus provides no explicit ideological content.";EPP-ED
The Commission’s proposal for a Small Business Act is part of a communication containing legislative proposals, guiding principles and measures to be implemented to help SMEs in Europe. I welcome the articulation of ten guiding principles which focus on the needs and requirements of SMEs and aim to help them realise their full market potential. Vitally important is the introduction of means of using the present crisis to respond to the environmental crisis by increasing efficiency, through thorough environmental management systems.;0.7;Supports a Small Business Act that links SME development with environmental management and crisis response, expressing a clear stance on combining economic support with ecological regulation.;EPP-ED
In fact, in the name of the 91.5% of businesses in the European Union that employed less than 10 workers in 2003, they want better conditions in order to destroy essential public services, deregulate the labour market and call into question social and working rights.;0.85;"Strongly opposes deregulation and the weakening of public services, defending social and labour rights; a clear ideological commitment to protecting social welfare against market liberalisation.";NGL
In this context, and because the present crisis threatens severe economic disruption, we need to implement legal regulations at EU level which will help these enterprises to function. This should, in particular, cover issues such as the transfer of ownership in enterprises (particularly in the case of the illness or retirement of the owner) and for harmonised time limits for the payment of transactions (to avoid ‘credit crunches’). The document also accentuates the importance to these enterprises of innovation, scientific research, patents and inventions and protecting intellectual property, and e-commerce. SMEs should also be assured access to sources of finance, including European funds and credits. Also worthy of mention are the ten principles to guide policy towards small enterprises, both at EU and at Member State level. I also believe that underlining the need to support and promote the activity of SMEs at a cross-border level in the internal market is essential.;0.65;Calls for EU‑level legal regulations to aid SMEs (ownership transfer, payment terms, IP, finance), indicating a clear preference for coordinated regulatory support for small enterprises.;UEN
On a more operational level, it also includes a package of more than 50 separate measures, including four legislative proposals that translate these principles into action. Support for SMEs must be a top priority, particularly in this period of serious economic crisis. Given that most of these actions fall within the competence of the Member States, we need to find ways of involving the Member States and Community bodies in order to guarantee that SMEs can gain added value from the measures affecting them. I also support the idea of having a specific budget line for SMEs…;0.65;Emphasises priority support for SMEs, specific EU budget lines and Member State involvement, showing a distinct policy position favouring fiscal and institutional backing of small businesses.;EPP-ED
Paragraph 68 of this report contains a reference to a common consolidated corporate tax base, stating that there should be a common basis for company taxation.;0.75;Explicitly advocates a common consolidated corporate tax base, representing a clear stance on EU tax harmonisation and fiscal integration.;EPP-ED
The globalisation associated with the current crisis has changed many of the circumstances that served as a basis for decisions taken at European level in the past and which were, at the time, considered correct. Taking this into account, I am convinced that, for example, some aspects of the regional and cohesion policies must be revisited. I therefore support this report, since it is precisely at these moments that we must think about SMEs and their contribution to innovation, economic growth and employment.;0.6;Calls for revisiting regional and cohesion policies and stresses the importance of SMEs for innovation and growth, indicating a policy preference for reforming EU structural policies.;EPP-ED
I cannot agree with a common consolidated corporate tax base as there is no agreement for this.;0.75;Expresses clear opposition to a common consolidated corporate tax base, articulating a distinct position against EU‑wide tax harmonisation.;PES
We have also succeeded in laying down a fairer, more flexible system of sanctions that is also more effective than the one we had before, since it penalises those who do not act as they should, but it does so according to the severity of the infringement committed and the organisation’s financial means. Finally, we have managed to make progress on the very tricky issue of recognition of classification certificates, by setting out the terms on which recognised organisations will have to recognise each other, but without endangering maritime safety, and taking the most stringent rules as our reference in order to safeguard the standards of excellence that characterise our European naval industries. We have learnt the lessons from our past and realise that we have to act immediately to prevent such things from happening in that way again. Lastly, but no less importantly for all that, I would like to highlight this Chamber’s steadfastness in upholding Europe’s interests and protecting the citizens whom we represent.;0.7;Defends stricter, proportionate sanctions, maritime safety standards and European interests, reflecting a strong commitment to EU regulatory strength and protection of citizens.;EPP-ED
Our ambition was to create an area of responsibility within which each party involved in maritime transport must take its fair share of the responsibility for its choices and actions and, where appropriate, for its errors and mistakes. Today, when this House is being asked to give its opinion on the outcome of a conciliation procedure that will bring a conclusion to this long process – more than three years’ work – we as rapporteurs are delighted with this joint approach, which has enabled us to achieve what I believe to be a very satisfactory result.;0.2;"The statement praises a joint approach and responsibility sharing but does not advocate a specific political principle or policy; it is largely a generic commendation.";EPP-ED
All ships must be equipped with AIS, an automatic system that provides information on ships entering European waters, enabling us to locate and contain the risks. We insist once again – and I think that this is important – that the ship’s crew be treated fairly in case of an accident and not erroneously regarded as criminals. We knew already that we needed plans, but now an authority is needed too, one that is not only involved in drawing up these plans but also takes care of their implementation.;0.7;Calls for mandatory AIS equipment, fair treatment of crew, and the creation of an implementing authority – a clear stance on safety regulation and labour rights within maritime policy.;ALDE
Certainly, we can now tell our fellow citizens that when they get on board a ship they are covered, in basic terms, from the end of 2012, irrespective of how they travel. To sum up, we have, also from this point of view, enabled all citizens to feel a little more European, since the same cover will apply in any sea, in any location, for any ship.;0.8;"Advocates uniform passenger coverage across all EU waters, linking it to a stronger European identity; this expresses a firm pro‑EU integration and consumer‑protection principle.";ALDE
I would also say that, in political terms, this is a truly remarkable success for the Community, because the link between the Commission and Parliament has made it possible to produce a very complicated text and piece of legislation about which the Member States were very reticent. We have a number of straits, including the Bosphorus, Gibraltar and Pas-de-Calais – through which 800 commercial ships pass every day – which are among the largest ports on the planet.;0.3;"Highlights a legislative success for the Community and the Commission‑Parliament link but does not propose a concrete policy; the ideological content is weak and mainly celebratory.";PES
This process is more than three years old and, during that time, we have argued strongly for more safety for passengers, oceans, seas and maritime routes. Member States have to make sure that ships which fly their flag and have been detained in the context of a port state inspection are brought into conformity with the relevant IMO conventions. In parallel with the common position, Member States will confirm in a joint declaration their commitment to ratify the main international conventions on maritime safety before 1 January 2012, apply the IMO Flag State Code and the related audit scheme for maritime authorities, and encourage the IMO to make these two instruments mandatory worldwide. My participation in this process was a great honour.;0.75;Strongly argues for higher safety standards, ratification of international conventions, and worldwide mandatory IMO rules – a clear commitment to regulatory safety and environmental protection.;PES
The citizens perhaps do not understand, sometimes, why we sit for so long and why everything takes so long.;0.1;"Simply remarks that citizens may not understand procedural delays; no political principle or policy position is expressed.";EPP-ED
I was in my office listening to Vice-President Tajani and the other speakers, and I feel I have to congratulate all the rapporteurs and the Commission.;0.1;Congratulatory comments toward rapporteurs and the Commission without any substantive policy advocacy.;PES
In recent years it has largely been the EU that has set the standard for the impact of shipping on the environment through legislation and through the work of the International Maritime Organisation. However, the EU could take the lead and set the standard by demanding more stringent rules. The seven directives in the third maritime package will prevent pollution, ensure a better coordinated response to accidents and prevent poor ships from entering EU waters.;0.85;Calls on the EU to lead by imposing stricter environmental rules for shipping, linking it to pollution prevention and coordinated accident response – a strong environmental‑regulation stance.;ALDE
We have special competent bodies to carry out inspections, but we do not have sufficiently clear rules for the seaworthiness of these ships or for when the inspection is to be carried out. Therefore, like Mr Costa, I would like to ask the Commission to extend the provisions on survey and approval to include these types of ship as soon as possible.;0.7;Requests clearer seaworthiness rules and extension of survey provisions, indicating a clear demand for tighter regulatory oversight in maritime safety.;UEN
In the liability regulation in favour of passengers on passenger ships there is, unfortunately, only a regulation for the maritime area.;0.2;"Notes the limited scope of existing passenger liability regulation but does not explicitly advocate a change; the statement lacks a clear ideological commitment.";EFA
Along the same lines, how many more maritime and environmental disasters do we need to have before the Commission, the Council and this Parliament will finally turn their attention to the long-standing scandal of flags of convenience? Perhaps, though, it would be wiser for the European electorate to fill Parliament with more MEPs who care more about working for the safety of their fellow citizens than about standing up for free trade, which destroys people and the environment.;0.9;Explicitly opposes free‑trade policies, calls for stronger environmental and safety regulation and for MEPs who prioritize citizen safety over free‑trade, showing a clear ideological stance on market regulation and environmental protection.;NGL
What happens if it then results in a serious incident, closing a major port?;0.1;"Only asks a rhetorical question about a possible incident; no political principle or policy position is expressed.";DEM
I should like to congratulate the rapporteur, Mr Sterckx, and the entire negotiating team on achieving a valuable compromise on this important issue. To close, I welcome the fact that Parliament's actions have pushed the Council into adopting a final common position on all seven legislative proposals in the package.;0.1;"Praises a compromise and the legislative process without advocating any substantive policy; generic commendation, not ideological.";EPP-ED
Another consistent step forward is the requirement for ships to be insured by financial guarantee certificates, which will put real responsibility on their charterers. Finally, I would like to pay tribute to the work that has been done in this field by Mr Tajani, who is here today, and the rapporteurs on transport law, because we have now embarked on the final stages of the process on maritime law with the aim of covering all transport in Europe.;0.25;"Mentions insurance requirements and responsibility for charterers, but does not explicitly argue for a broader political principle; weak regulatory signal.";PES
Since then, we in the Committee on Transport and Tourism have worked on a succession of legislative packages in an attempt to overcome the excessive resistance we have encountered among shipowners, oil companies, classification societies and also certain Member States, which rejected the three proposals for being too stringent. I trust it will not take another 10 years to control illegal discharges at sea more effectively and efficiently.;0.4;Criticises resistance from industry and some Member States and urges faster control of illegal discharges, indicating a preference for stricter environmental regulation, though the stance is moderate.;ALDE
The measures relating to maritime transport must be supplemented by increasing cooperation between littoral states in order to make the most efficient use of resources and reduce the pollution resulting from activities carried out in ports and on shore, as well as along the whole course of the Danube. The Black Sea can only be protected effectively through concerted action in every area.;0.6;Calls for increased cooperation among littoral states to reduce pollution and protect the Black Sea, expressing a clear commitment to regional environmental cooperation and collective governance.;EPP-ED
There has been much negotiation and debate, and I am glad to see the issues have been finally resolved. The adoption of this package is a victory for the European Parliament and certainly for the rapporteurs who have fought to ensure that we delivered on behalf of our citizens, even against very strong opposition from Member State governments.;0.55;Frames the legislative adoption as a victory for the European Parliament against Member State opposition, signalling a pro‑EU, parliamentary‑centric view of governance.;EPP-ED
In the case of the Black Sea in particular, this package will be particularly important as many of the Black Sea littoral states are on the Paris Memorandum blacklist or grey list. However, the way in which these services are paid for must be clearly regulated.;0.35;Advocates clear regulation of how services are paid for, indicating a regulatory preference but without a broader ideological context.;PES
This package is a testament to the work of Parliament, the Commission and also, if belatedly, the Council.;0.1;"Simply acknowledges the work of EU institutions; no specific policy position or principle is articulated.";PES
I think that that is a sign to everyone involved that this is not an ideological conflict but rather is a matter of making practical arrangements to improve maritime safety. I should also like to thank the Commissioner for his answer to my question on the uncertainty over the agency and its role. Now then, I welcome the consensus, and am also proud of what we have achieved, but I do think, Commissioner – as both you and Mrs Vlasto have already said – that everything now depends on the quality of the implementation. We shall keep an eye on you, and shall support you again if further proposals are needed.;0.1;"Emphasises practical implementation over ideological conflict; no explicit political principle is presented.";ALDE
I also think it would be good for the Commission to report to Parliament on this subject in 2012.;0.1;"A generic suggestion that the Commission report to Parliament; no clear political principle or ideological stance is expressed.";PES
Means of legal recourse exist that are sufficiently clear, accessible and based on information that is clear and available in advance. As I have already said, the adoption of this third maritime safety package is a significant victory for the European legislative process. The Commission, the Council and Parliament have accepted a text that improves everyone’s lives, promotes better security on the seas, oceans and inland waters, and prepares our future.;0.3;Praises a maritime safety package and the legislative process, hinting at support for rule‑of‑law and safety regulation, but the statement remains vague and lacks a concrete policy position.;PES
The vote will take place tomorrow.;0.0;"Simply states that a vote will occur; contains no ideological content.";PES
By adopting this, the European Parliament will set a new benchmark in terms of standards for investigating accidents involving vessels.;0.3;Mentions setting a new benchmark for accident investigations, which suggests a preference for higher safety standards, yet it does not articulate a broader political principle.;EPP-ED
I have also read that we mean to make road pricing compulsory for all passenger cars in Europe. With the help of the majority in the Committee on Transport and Tourism, we managed to draft a balanced, reasonable, coherent proposal. Firstly, which externalities are to be introduced into the system? Consequently, I wish to propose to my fellow Members that we stick with the package supported by the Committee on Transport and Tourism.;0.7;Advocates compulsory road pricing and internalising externalities, reflecting a clear stance on market‑based environmental regulation and EU‑wide transport policy.;PES
That is why the European Community quite simply needs an infrastructure that meets its needs and equitable transport rules for all modes of transport. Given that transport also has negative consequences for people and the environment, it must, of course, be further greened, in order, also, to play its role in fighting climate change. You cannot just pick out road transport – and, in fact, specifically only goods vehicle traffic – and then say ‘we will leave it up to the Member States to decide whether or not they want to have road tolls.’ My group agrees with the other groups that exhaust emissions and noise should be taken account of in the external costs and in the charging thereof.;0.8;Calls for EU‑wide equitable, green transport rules, internalising external costs, and stronger climate action, demonstrating a strong ideological commitment to environmental regulation and supranational governance.;EPP-ED
The second aspect relates to technology and exports. If Europe introduces a relevant Eurovignette system, it will also promote the rise of European economic players.;0.5;Supports the introduction of a Eurovignette system to boost European economic actors, indicating a moderate policy preference for EU‑level transport pricing.;EFA
The transport sector is one of the key sectors contributing to the European Union’s economic and social development. At the request of the European Parliament, the European Commission proposed internalising external costs and amending the Eurovignette Directive. Although the texts being proposed by the Commission mark a step forward in the development of transport which respects and protects the environment, they can and must be improved. This is why I consider that the process of internalising external costs must be applied to every kind of transport and double taxation must be avoided. Member States must invest in the construction of motorways, high-speed railway lines and in those alternatives which can cut traffic congestion.;0.8;Demands internalisation of external costs across all transport modes, avoidance of double taxation, and EU investment in infrastructure, showing a robust ideological position on environmental policy and EU coordination.;PES
Therefore, we agree to the inclusion of air pollution, noise and congestion in the internalisation of external costs.;0.6;Expresses agreement to include air pollution, noise and congestion in cost internalisation, reflecting a clear environmental regulatory stance.;ALDE
That means that we need new, targeted measures in order to provide a better framework for a market that has come off the rails.;0.6;Calls for new, targeted measures to reform a malfunctioning market, indicating a firm position on market regulation and economic governance.;EFA
As far as my group is concerned, the objective must be to give the most environmentally-friendly modes of transport – transport by rail and water – more of a chance, and to curb the most environmentally damaging – road and air transport.;0.7;Advocates a clear environmental transport policy – prioritising rail and water over road and air – indicating a stable commitment to sustainable mobility.;NGL
I am fairly pleased with the result, and very pleased with the cooperation with the rapporteur. It is good that Member States are to be given the opportunity to pass on external costs to the polluter. I propose that we return to the old text from 2006, therefore, and I ask for your support for this. On a final note, it is of the utmost importance that the Commission ensures that the Member States do not use this directive to impose unduly high charges on freight transport.;0.65;Calls for Member States to internalise polluter costs while limiting excessive charges, showing a definite stance on cost‑internalisation and regulation of the transport sector.;DEM
In closing, I would like to say that I find it very regrettable that the Czech Presidency has not deemed it worth the effort to send a representative to Parliament for this important legislative proposal.;0.1;"Expresses disappointment about procedural attendance; no explicit political principle or policy preference is articulated.";EPP-ED
We should not forget the reason why this process has dragged on for so long.;0.1;Makes a vague comment about procedural delay without endorsing or opposing a concrete political principle.;ALDE
It must also be made clear at this point that it will be entirely up to the Member States whether or not these additional tolls are implemented.;0.3;States that toll decisions should be left to Member States, hinting at a subsidiarity/sovereignty view but without a clear advocacy or opposition.;PES
We must remember that road hauliers are not, in the main, vast enterprises, but small businesses with a handful of vehicles. Introducing payments for external costs would significantly increase the cost of transport and mean paying twice for the same thing. I move for the suspension of all further action until better times, or for the complete rejection of the Commission’s proposal.;0.7;Opposes external‑cost charges on road hauliers, arguing for protection of small businesses and rejecting the Commission’s proposal – a clear economic‑regulation position.;UEN
Those who vote ‘no’ on this issue are giving up on climate change and setting our children and our children’s children on the road to ruin, as they will have no future on this planet. We need regulation that is much tougher than what the Commission and the majority of this House have proposed.;0.85;Strongly condemns any ‘no’ vote as abandoning climate action and demands tougher regulation, reflecting an explicit, firm climate‑change ideological commitment.;EFA
We know that measures aiming to combat pollution or stimulate technological innovation, such as cleaner engines and intelligent vehicles, are essential.;0.6;Declares that pollution‑combating and innovation measures are essential, indicating a clear policy preference for environmental regulation and technology development.;EPP-ED
Furthermore, the European Parliament has historically called for internalisation for all modes of transport and not just for the one that is already subject to cross-border charging.;0.65;Highlights the Parliament’s historical call for internalising external costs across all transport modes, affirming a consistent stance on polluter‑pay principles.;PES
Excluding CO from the Eurovignette would be particularly unfair given that all Member States now have binding CO reduction targets to meet under the effort-sharing decision.;0.7;Calls exclusion of CO from the Eurovignette unfair given EU CO‑reduction targets, advocating alignment of pricing mechanisms with climate commitments.;ALDE
However, what no one in Austria and in the rest of Europe understands, under these circumstances, is that the Group of the European People’s Party (Christian Democrats) and European Democrats has prevented one of the largest causes of CO emissions, namely heavy goods transit traffic, from having to pay even a single euro cent for the costs it has given rise to.;0.7;Explicitly opposes the EPP’s decision to exempt heavy‑goods traffic from paying for CO‑emissions, advocating the polluter‑pays principle and regulatory cost internalisation – a clear environmental‑policy stance.;PES
It will not only be the carriers which will suffer as a result of this, but also their direct customers, retailers and end customers in the European Union. Due to the lack of similar regulatory requirements, European carriers are not as competitive as firms from third countries which carry out a large number of shipments in the European Union.;0.6;Highlights the competitive disadvantage of EU carriers due to weaker regulation, implying a need for regulatory parity and market fairness – a clear stance on competition policy.;ALDE
The tolls paid by heavy vehicles to use road infrastructures will support, in the long term, the huge investments in the infrastructures included in the European and national economic recovery plans, at the level of both Trans-European transport networks and of other categories of road infrastructures, including mountainous regions where, in many cases, it is particularly difficult to construct roads. The European Commission must support, using the instruments which it has available, the integrated initiatives for extending Member States’ infrastructure networks, especially in the new Member States. For this reason, I believe that there needs to be a better correlation between spatial development plans, town plans and traffic management, especially in urban and peri-urban areas where congestion causes the most problems.;0.8;Calls for tolls to fund EU and national infrastructure, urges Commission support, and stresses coordination of spatial and traffic planning – a strong endorsement of EU‑level investment and environmental cost internalisation.;EPP-ED
I therefore think that we should support the initiative of our erstwhile Belgian colleague.;0.1;"Only a vague endorsement of an unspecified initiative; no concrete political principle or policy position is articulated.";PES
We are currently at a turning point, where we are trying to safeguard our industry whilst making it more sustainable, and to reach the ‘three times 20’ objective that was reaffirmed by the President of the European Union at the time, Nicolas Sarkozy, in this House last December.;0.6;Advocates safeguarding industry while making it more sustainable and achieving the ‘three times 20’ climate goal – a clear environmental‑sustainability policy position.;EPP-ED
There has been a temporary respite in terms of fuel costs, but we, as the European Union, cannot guarantee fuel prices over the longer term.;0.1;"Merely notes a temporary fuel‑price relief and the EU’s inability to guarantee prices; no normative statement or policy advocacy is made.";PES
The proposal under discussion will allow Member States to levy charges with the objective of covering certain external environmental costs, as well as generating a significant income to be used for improving the European road network and minimising the environmental impact of some road transport.;0.7;Supports Member‑State levies to cover external environmental costs and fund road‑network upgrades, explicitly promoting the polluter‑pays principle and infrastructure investment.;PES
This debate has also shown up the tensions between the peripheral regions and those areas in the centre of our continent. That is very important and I do ask for understanding on this point, because on this issue some of the population has found itself pushed to the limit. The subsidiarity principle, as expressed in the proposal, allows the Member States to decide for themselves whether they want to internalise these external costs. For the central areas – and for the Alpine regions in particular – it is clear that they will choose to do so.;0.7;Defends the subsidiarity principle, allowing Member States to decide on internalising external costs, and highlights regional tensions – a clear governance and environmental‑cost stance.;EPP-ED
It is a text that, like the two previous ones, aims to define the conditions for road tolls in the various countries in order to avoid excessive distortions and so as not to create distortions of competition or discrimination.;0.6;Emphasises the need for road‑toll rules that avoid competition distortions and discrimination, advocating fair market regulation across countries.;PES
I find it difficult to believe that the authorities in Romania will implement this directive, which is more of a burden than a help.;0.4;Expresses skepticism that Romania will implement a directive deemed burdensome, indicating opposition to that regulatory measure but without a broader ideological framing.;EPP-ED
If you add all this up, you arrive at an absolute maximum of 82 euro cents for the few kilometres where there is congestion.;0.1;"Purely factual cost calculation; no political principle or ideological stance expressed.";PES
Increasing energy efficiency is one of the quickest, safest and cheapest ways of reducing EU dependence on third country energy resources, lowering energy consumption and cutting CO emissions and the European public’s expenditure on energy bills.;0.7;Advocates increased energy efficiency to reduce EU dependence on external energy, lower emissions and bills – a clear policy position on energy and climate security.;PES
In addition, I think that it would be important to increase the European Regional Development Fund allocation supporting energy efficiency for buildings and social housing from 3% to 15%.;0.8;Calls for a specific increase in EU Regional Development Fund allocation for energy‑efficiency in buildings and social housing, indicating a firm stance on EU fiscal policy and climate action.;PES
We began late and we will finish late.;0.1;"Statement about timing; contains no ideological content.";PES
Secondly, could she develop exactly what the Commission is going to propose to the Council as decided this morning in relation to Ireland?;0.1;"Procedural question about a Commission proposal; no substantive political principle is voiced.";EPP-ED
Has the EU adopted any decision proposing that Member States abolish the tax havens existing within their territory? What measures will the Commission take to put an end to tax havens, combat financial speculation and curb the free movement of capital, especially within the Union?;0.9;Explicit demand to abolish tax havens, combat financial speculation and curb free movement of capital – a strong commitment to financial regulation and tax fairness.;PES
Then there is Jersey, Guernsey, the Isle of Man – which are in the UK but outside the EU – Liechtenstein, Monaco, San Marino, etc.;0.1;Lists jurisdictions without expressing any evaluative or policy stance.;PES
However, what is the Commission doing to ensure that certain sectors of European society – such as older people and people on low incomes – are not left behind or forgotten in this process?;0.5;Raises concern that vulnerable groups (elderly, low‑income) should not be left behind, reflecting a social‑equity value but without a concrete policy proposal.;PES
However, we still have a problem with people from disadvantaged backgrounds and elderly people using and accessing the Internet and new technologies.;0.2;Identifies a problem of digital exclusion for disadvantaged and elderly people but does not advocate a specific political principle or solution.;UEN
Is the Commission able to do anything about this?;0.1;"Generic inquiry about Commission action; lacks any clear ideological or policy position.";EPP-ED
Questions Nos 37 and 40 will receive answers in writing.;0.0;"The text only states that answers will be provided in writing; it contains no political principle or ideological stance.";PES
Can he also tell me that no further progress can be made regarding Croatia’s accession unless the ICTY is satisfied that there is full cooperation over evidence and witnesses regarding the Croatian invitees?;0.7;Advocates that Croatia’s EU accession should be conditioned on full cooperation with the ICTY, expressing a rule‑of‑law/justice principle.;ALDE
Turkey, which has applied for accession to the EU while, at the same time, occupying territory in the Republic of Cyprus, an EU Member State, is organising the usurpation of properties belonging to European citizens, thereby infringing international law and human rights, together with EU principles and values. What view does the Commission take of this policy being followed by Turkey? Does the Commission intend to take measures against Turkey and, if so, what measures, in response to the usurpation of Greek Cypriot properties in occupied Cyprus?;0.8;Condemns Turkey’s actions in occupied Cyprus and calls for EU measures, reflecting a clear stance on international law, human rights, and EU values.;PES
Turkey is a strategic transit country and, in this respect as well, of vital importance to the EU’s energy security. It is all the more vital, therefore, that the EU’s negotiations with Turkey on the ‘energy’ chapter should continue unhampered and not be blocked by certain Member States on political grounds. Will the Commission take steps to ensure that this negotiating chapter is opened? Questions Nos 47 and 48 will receive answers in writing.;0.6;Calls for the EU to keep energy‑chapter negotiations with Turkey open despite political opposition, indicating a specific policy position on energy security and diplomatic engagement.;PES
Has the Commission any plans to make similar pledges to support other agricultural sectors and producers who have also been negatively affected by the current economic crisis? In addition, the Commission will purchase more than the fixed quantities of butter and SMP should the market situation warrant it. Does the Commission think that these measures will be sufficient to end the spiral of downward prices in the EU and particularly the Irish dairy sector?;0.4;"Requests further support for agricultural sectors and questions market‑intervention measures; suggests a policy preference but without a strong, explicit ideological commitment.";PES
As you are well aware, milk prices at the moment are below production prices.;0.0;"Provides a factual statement about milk prices; no political principle or ideological expression is present.";ALDE
Would the Commission consider introducing an EU regulation for the labelling of sheep meat products which would allow consumers to distinguish between EU products and those from third countries?;0.6;Proposes an EU labeling regulation for sheep meat to differentiate EU from third‑country products, reflecting a regulatory/consumer‑protection stance.;PES
Would the Commission consider granting a further deferral or removing the compulsory nature of this proposal?;0.5;Seeks a deferral or removal of a compulsory proposal, indicating a preference for less regulatory burden, but the ideological content is relatively weak.;UEN
This flexibility works in favour of the labour market but not for women who want and need social security, employment guarantees and reconciliation of private and professional life. It is even more worrying when conservative governments, such as the current Czech Presidency, talk about revising the Barcelona targets and going back to home childcare.;0.8;"Highlights how labour‑market flexibility harms women’s social security and childcare, criticizing conservative governments; expresses a clear social‑equality and welfare ideology.";PES
They can marry someone from the opposite sex or someone of their own sex. More than 50 years ago, when we launched the project of uniting Europe, all that was completely different. The diversity that characterises us as Europeans has become a decisive factor in the lives of children.;0.9;Affirms the right to marry regardless of sex and celebrates European diversity, showing a strong commitment to LGBTQ rights and inclusive European values.;ALDE
In the European Union, more than six million women aged 25 to 49 state that they are forced to be unemployed or work part time due to their family responsibilities. We must therefore work hard to achieve satisfactory levels of availability of children’s services, beginning with services for children aged under three. For this reason, I am very happy that today’s ECOFIN Council has approved the possibility for all Member States to cut VAT on children’s services.;0.8;Advocates concrete EU policy (VAT cut on children’s services) to improve childcare availability, showing a clear political principle about family‑friendly economic measures.;UEN
What initiative will the Commission take in order to make the Member States more active, however? What else will the Commission do to encourage the Member States?;0.2;"Only asks questions about Commission initiatives without stating a position or principle; no explicit ideological commitment.";EFA
However, I am now concerned that these targets will not be achieved and, of course, I am concerned about the indications from the Czech Presidency about replacing the childcare objective with care in the home as a fully viable alternative, and that it therefore wishes to remove this objective. However, I would also like to thank Commissioner Špidla, who has, in fact, made it clear that the Commission still regards it as important for us to achieve the Barcelona objectives with regard to childcare.;0.6;Expresses concern about removing childcare objectives and thanks the commissioner for supporting them, indicating a clear stance in favor of EU childcare policy.;NGL
The care a child receives in the earliest years will have an impact on him or her throughout life. Some children are fortunate enough to receive this care from secondary care-givers like fathers, grandparents, other relatives, close neighbours – people who are committed to them and part of their life on an ongoing basis. Children are our future. I would ask the Commission to view this issue for a moment from a child’s point of view.;0.4;"Appeals to view childcare from a child’s perspective but does not propose specific policy; the ideological signal is weak and mainly moral.";DEM
Yet childcare facilities are an essential requirement for reconciling professional, family and private life, as much for men as for women. For example, the Czech Republic, which currently holds the presidency of the European Council, has a coverage ratio lower than 10% for the under three age group. It is not surprising, then, that there should be a debate on the revision of the Barcelona objectives included in the programme of the Czech Presidency. Yet women have the same right as men to professional fulfilment.;0.7;Links childcare provision to gender equality and professional fulfilment, calling for debate on EU objectives – a clear ideological position on social equality.;PES
We must do everything to encourage women and men to have families and as many children as possible. In many countries of the EU, guaranteeing a place in a nursery means applying even before the child is born. Furthermore, many women look for their first job only after they have had their children. Let the attitude of European citizens to the family and to children define our level of culture and civilisation.;0.9;"Strong pronatalist statement demanding policies to encourage families and many children; explicit commitment to a demographic/family‑policy principle.";UEN
However, I should like to remind the Commissioner that freedom of choice, especially where there is economic pressure, is not a question of historic tradition, it is a question of democracy.;0.6;Frames freedom of choice under economic pressure as a democratic issue, asserting a political principle about democracy versus market influence.;EPP-ED
However, it was fundamentally wrong when it stated that the specific situation in the new Member States and their previous experience would be arguments against these objectives. We suggest that the Commission should seriously factor in the public cost of a child when evaluating employment programmes in each country.;0.7;Suggests the Commission incorporate the public cost of a child in employment programme evaluations, indicating a concrete policy stance on economic assessment of family support.;PES
European and national policies in this area are both determined by the tension between market logic and the logic of human nature. In contrast to the proposals of the European Commission, the decision to give life to a child cannot be considered simply as an individual goal involving fulfilment of the longing to have children.;0.6;Contrasts market logic with human nature regarding childbearing, critiquing a purely market‑based view and asserting a value‑based principle.;EPP-ED
We are witnessing a serious demographic crisis, a low birth rate, an ageing population, as well as economic and social problems in society. The National Strategy for Children and National Child Protection Programme which have been adopted not only specified the objectives, but also concrete measures to be implemented by the executive with regard to childcare. Will we then invest in the children of Europe?;0.5;"Highlights demographic crisis and asks whether Europe will invest in children, pointing to a policy direction but without a firm commitment; moderate ideological signal.";PES
It is clear that Estonia cannot achieve the Barcelona objectives, at least not as regards children up to the age of three, but the Commission’s appeal is very welcome, and will help towards solving the problem.;0.2;"The statement only praises the Commission’s appeal without proposing any concrete policy or principle; it is generic approval rather than ideological advocacy.";PES
Childcare helps families and society as a whole, and it can help the most vulnerable children too.;0.2;It merely describes the benefits of childcare without calling for specific actions or expressing a political principle.;PES
Women must be encouraged to plan their career, but this cannot be done without an efficient childcare system. Every euro invested in childcare facilities means a profit of six to nine euros for society through the creation of jobs and better conditions for bringing up children. The fact that in many EU Member States, you need, for example, to register for a place in a crèche even before your child is born or that there are waiting lists of several months to register for a place at nursery highlights that there are not enough childcare facilities in Europe.;0.7;Advocates increased public investment in childcare as essential for gender‑career balance and economic returns, showing a clear stance on social policy and state spending.;PES
Based on the so-called Barcelona objectives, which the Member States accepted in 2002 concerning childcare facilities, by 2010, Member States should guarantee child care for at least 90% of children between the age of 3 and compulsory school attendance age and at least 33% of children under the age of 3. The present recession proves that disturbances in the financial market have noticeable negative side-effects on the real economy. The negative influences on economic growth and employment are sufficiently serious, and are now influencing the achievement of the Lisbon objectives in Member States. The present situation also bears witness to the fact that we will not fully achieve this objective in the Member States by merely setting new dates for the Barcelona objectives. In this area, another important issue for Member States is the EU’s supporting back-up measures, which will help towards achieving objectives for childcare facilities in all Member States.;0.8;Calls for EU‑wide backup measures to meet Barcelona childcare targets, explicitly supporting stronger EU coordination and social policy funding.;ALDE
The migration of labour is continuing to grow, not only at global level, but within the EU as well. Migration offers great potential for development, but it also poses serious challenges in both the developed and the least developed Member States of the European Union. Although there are comprehensive policies for improving the living conditions and education of migrants’ children who have moved abroad with their parents, less attention has been focused on the children who have been left behind at home. The migration of parents abroad for work is a social phenomenon with a complex impact on the dynamics and functionality of the family, as well as on the whole of society. The feeling of depression and a lack of interest in school and out-of-school activities may be direct consequences of their parents’ absence.;0.4;Highlights challenges of labour migration and its impact on children left behind but stops short of proposing specific policies, giving only a vague value signal.;PES
We know that the parents of children from Member States working in any other country receive child benefit. We know that countries which have bilateral relations can have the family connection. We have films, we have documentaries which have been shown on television all over the world, including from Romania and Ukraine and other countries.;0.2;"Mentions child benefits and bilateral relations without any normative claim or policy recommendation; essentially descriptive.";EPP-ED
With the Treaty of Lisbon, issues relating to children will become objectives within the EU and will gain a legal basis. The Commission must act on the basis of the studies that the Commissioner himself has ordered, and quickly. Better information must be produced on children’s rights and schooling.;0.7;Demands that the Treaty of Lisbon give children a legal basis and that the Commission act, advocating EU‑level legal and policy measures on children’s rights.;PES
As UNICEF and other organisations have underlined several times, it affects a huge amount of children in the world and in Europe. So we expect concrete action from the Commission in such an important field.;0.6;Calls for concrete action from the Commission on children’s issues, expressing a clear expectation of EU policy intervention.;PES
I feel that these measures would be conducive to the harmonious development and growth of these children as they, too, represent the future of Europe.;0.2;Expresses personal approval of measures for children’s development but does not articulate any political principle or structural recommendation.;EPP-ED
In this respect, the cohesion and solidarity policies between Member States must not be regarded as some act of altruism performed by the rich for the benefit of the poor. These policies are an absolute must, being acts of justice ensuring that the European Union consistently sticks to its values and maintains its citizens’ affection for these values.;0.9;Strongly defends EU cohesion and solidarity policies as matters of justice, framing them as essential to EU values—a clear, explicit ideological commitment.;PES
I was recently the shadow for the PPE-DE Group on the report on educating the children of migrants. That document was very well structured and summarised very well the problems connected with migration and education.;0.1;"The statement only reports a role in a report on migrant children’s education and summarizes problems; it does not advocate or oppose any political principle.";EPP-ED
Young children must be together with their family to benefit from the direct supervision and care of their parents. In many Member States, schools offer facilities for teaching the language of the country of residence. Formal education, affection, children’s integration in society are essential conditions allowing social Europe to offer equal chances to all its citizens.;0.7;Advocates that children should stay with families and receive language education to ensure equal chances, expressing a clear stance on social integration and equality policy.;PES
In today’s consumer society and with family relationships under threat, there are considerably more tragic cases. It is often not extreme poverty that motivates parents to work abroad. We should keep this aspect in mind in relation to regional development policy and we should strive to eliminate regional variations, particularly in the new Member States.;0.6;Calls for regional development policy to eliminate disparities in new Member States, showing a stable commitment to cohesion and balanced economic development.;EPP-ED
This circumstance explains why the authorities in Portugal and Germany have been tackling the issue at the highest level, specifically and very recently through the President of the Portuguese Republic and Chancellor Merkel.;0.1;"Simply notes that authorities are tackling an issue; no explicit political principle or policy prescription is presented.";EPP-ED
The Portuguese Government has been doing everything to find a solution that makes this company viable, but the solution is also dependent on the involvement of the German Federal Government and the state governments of Bavaria and Saxony. The Portuguese Government has already decided to make EUR 100 million available for this purpose. The European Commission and the Member States have been taking steps – and rightly so – to save many banks and to support certain industries such as, for example, the automotive industry.;0.3;"Describes governmental financial actions and industry support but does not explicitly argue for a broader principle; the value signal is weak.";PES
In 2007, Qimonda employed 13 500 people. Instead, 500 workers lost their jobs overnight. They have not received salaries or compensation for leave not taken or the severance pay owed them. There are many more such enterprises in our countries, including those in Krośno or Stalowa Wola in Poland. What we expect from the Commission is a coherent programme for the protection of jobs during the crisis.;0.8;Explicitly demands a coherent EU programme for job protection during the crisis, a clear advocacy for labour‑market and social policy.;UEN
Only targeted investment, environmental restructuring of the economy and then a corresponding re-training of the workforce give people hope and real prospects for the future.;0.7;Advocates targeted investment, environmental restructuring, and workforce re‑training, articulating a distinct economic and green‑policy position.;EFA
There was very much an opportunity today to provide a much more precise answer and to say how the Commission itself intends to assume its responsibility. Thirdly, the closing down of production at Qimonda will mean the loss of the cooperative core of a network of around 40 000 jobs in a region like Saxony alone. What do workers, their families and the people of the affected regions expect from the Union? First and foremost, they expect a clear and immediate undertaking that the Commission wants to retain the current sites of the European semiconductor technology and nanotechnology industry, that this head start for the future is not to be allowed to be thrown away and that the statements made about future research spending, in particular, in relation to the Eighth Research Framework Programme, are true. We also expect that the Commission, the Federal German Government and the Regional Government of Saxony will support the necessary solution to prevent the closing down of production.;0.8;Calls for the Commission to retain semiconductor sites, ensure research funding, and protect regional jobs – a strong industrial‑policy stance.;NGL
The Portuguese Government has been doing everything that it considers appropriate and useful to help resolve the situation. Saving the plants in Munich will have a decisive impact on those in Vila do Conde and Dresden. We hope that the German Government – both at Federal and State level – will really strive to find a solution to this problem. I hope that no national or state government will make the mistake of allowing this company to close plants and destroy jobs in the Union’s territory. Let us keep in mind, therefore, that the Portuguese Government is showing its readiness to support Qimonda by whatever means necessary, taking into account the economic size of the country.;0.7;Urges German authorities not to allow plant closures and highlights readiness to support the company, reflecting a clear job‑protection and industrial‑policy commitment.;PES
It would be good if the European Commission and the governments of our countries understood this.;0.1;"Vague statement that it would be good if governments understood something; no concrete political principle is expressed.";NGL
Therefore, I welcome Commissioner Špidla’s resolution to do his utmost to deploy monies available in the European Globalisation Adjustment Fund and the European Social Fund.;0.7;Explicitly supports using EU funds (European Globalisation Adjustment Fund, European Social Fund) – a clear stance on EU redistribution and solidarity.;EPP-ED
The next item is the debate on the proposal for a Council regulation concerning a multi-annual recovery plan for bluefin tuna in the Eastern Atlantic and Mediterranean (– C6-0081/2009 –).;0.1;"Only mentions a procedural debate on a tuna recovery plan without expressing any position; no ideological commitment.";EPP-ED
We are, of course, all aware of the need for the European Union to honour the commitments made in Marrakesh last November by the competent international commission, the ICCAT. For this reason, there was obviously no question of the new recovery plan being implemented without consulting the European Parliament. I am therefore delighted that the Commission ultimately chose the only legally and politically acceptable route for implementing the ICCAT’s recommendations, namely, submitting a proposal for a regulation in due form on the basis of Article 37 of the Treaty.;0.6;Advocates that the EU honor international commitments and follow the legally‑acceptable route, reflecting a rule‑of‑law and institutional legitimacy stance.;ALDE
Article 5 of the new recovery plan now obliges Member States with overcapacity to eliminate at least 25% of it by 2010. I therefore beg the Commissioner to give us guarantees here and now that this lack of political will will not rub off on the Commission and that this time, the Commission will show some firm action that goes beyond closing the fishery early again this spring.;0.7;Calls for firm Commission action and guarantees against lack of political will, demanding stricter enforcement of fisheries regulation.;EPP-ED
Another of the important measures to be adopted is the reduction in the fishing season and the extension of the closed seasons for purse seiners, long-liners, live bait and trolling boats, pelagic trawlers and recreational fishing. In my view, therefore, anything connected with data collection and statistics is especially important.;0.6;Supports reduction of fishing seasons and extended closures, emphasizing regulation and data collection – a clear environmental‑policy position.;PES
I also believe that UNESCO should think about protecting this system of fishing because it has cultural significance as well as having an impact on the economy and jobs.;0.5;Suggests UNESCO protect fishing for cultural and economic reasons, indicating a commitment to cultural‑heritage preservation and related economic policy.;EPP-ED
The costs of protecting the environment, noise, traffic congestion and protecting human health are integrally tied in with the modification of Europe’s rapidly developing infrastructure network.;0.2;"Links environmental costs to infrastructure development but does not advocate a specific policy; merely descriptive.";EPP-ED
I voted for the amendment asking for immediate action to ensure that charges are not levied prior to SMEs’ commencing activities, in order to ensure that they are able to build up their own resources. I also called for the EIB to devise new forms of financial instruments and tangible new solutions to tackle the obstacles that collateral presents to accessing credit.;0.8;Advocates SME‑friendly financial measures and new EIB instruments, a strong position on market regulation and support for small businesses.;PES
I believe that conducting an information campaign on this issue is essential.;0.2;"Calls for an information campaign as essential without specifying the issue or policy; vague and generic.";UEN
It is important to understand that different illegal activities such as credit card fraud, minors having access to gambling, match fixing, etc. are currently inevitable parts of online gambling. Also, the number of people addicted to gambling is likely to rise, as for many, online gambling is very convenient. Therefore, in order to protect citizens, it is crucially important that all Member States perform intensive research on the effects of online gambling as well as improve the monitoring and regulation of gambling markets.;0.8;Calls for intensive research, monitoring and stricter regulation of online gambling to protect citizens – a clear consumer‑protection and regulatory stance.;ALDE
The social impact of gambling and its effect on health, as well as the risks of crime associated with it and its special cultural aspects, must all be taken into account. Obviously, no one single authority alone could control online gambling throughout the whole of Europe. In many countries in Europe, the proceeds from these games amount to significant sums of money that go, for example, to the arts, science, youth work and hospitals. The fact that a majority in Parliament are keen to preserve the current national laws on gambling policy and do not simply want to replace them with a code of practice, which would afford consumers far less protection, does not mean that the market should not be liberalised.;0.7;Advocates liberalising the gambling market across Europe, expressing a clear stance on market regulation and consumer protection.;EPP-ED
We urgently need to adopt immediate Community measures which will help to effectively respond to the needs of workers, the productive sector, and micro, small and medium-sized enterprises, by mobilising the necessary financial resources.;0.6;Calls for EU‑wide measures to support workers, the productive sector and SMEs, indicating a commitment to economic intervention and redistribution at the Community level.;NGL
New firms mean new workplaces, and hence economic recovery. The European Union consists of 27 Member States with different legal systems and different systems for setting up companies.;0.1;Provides descriptive information about firms and legal systems without advocating any specific policy or principle.;EPP-ED
This initiative creates a new European legal form intended to enhance the competitiveness of SMEs by facilitating their establishment and operation in the Single Market.;0.7;Proposes a new European legal form to boost SME competitiveness, a clear policy position on market integration and business regulation.;PES
The Commission’s proposal is very poor.;0.1;"Only expresses a negative evaluation of a Commission proposal; no concrete political principle or alternative is presented.";ALDE
I fully support the rapporteur’s proposal to increase the role of the European Parliament in working on future regulatory changes.;0.8;Supports increasing the European Parliament’s role in future regulatory changes, signalling a clear preference for stronger democratic oversight in EU governance.;EPP-ED
MEP Schwab has proposed a report which aims to increase car safety through the introduction of increased safety measures requirements for car manufacturers. All new vehicles manufactured in the Union will be subject to compliance with the technical requirements and measures which will reduce their environmental impact, decrease associated noise pollution and increase their road safety. The regulation combines advances in European manufacturing and technology and increased levels of safety protection that the European consumer can expect. These innovations will help to reduce CO emissions, fuel consumption and noise pollution. I am delighted to support this report which will benefit us all.;0.8;Endorses stricter car‑safety and environmental standards, reflecting a firm stance on consumer safety and ecological regulation.;EPP-ED
It is essential that the efforts to reduce CO emissions do not undermine other equally important aspects of car design, and do not negatively affect road safety. I believe that stimulating and investing in the development of an innovative European motor industry will effectively enable us to protect jobs in this sector, which has been worst hit by the financial crisis.;0.7;Balances CO₂‑reduction goals with job protection in the automotive sector, showing an explicit position on environmental policy versus employment.;UEN
I support this report which urges Member States to take specific measures to encourage and promote women to further their careers where they are under represented.;0.9;Strongly supports measures to promote women’s careers in under‑represented fields, expressing a clear commitment to gender equality.;PES
This report has the merit of providing a clear account of the situation and of specifying the challenges to come for the European Union in the context of this debate.;0.1;Merely describes a report’s content without advocating any policy or ideological position.;PES
