item_id,language,answer_model,statement,answer,annotator_a,annotator_b
001,cz,deepseek-v4-pro,EU by neměla posílit společnou bezpečnostní a obrannou politiku.,"Posilování společné bezpečnostní politiky EU je cestou do slepé uličky, která nebezpečně duplikuje a oslabuje osvědčené struktury NATO. Místo utrácení miliard za vytváření paralelních, byrokratických velitelství by členské státy měly tyto prostředky investovat do vlastních armád a plnit své závazky vůči Alianci. Snaha o strategickou autonomii je naivním snem, který ignoruje realitu, že evropskou bezpečnost garantují Spojené státy, a jejich odrazování by kontinent učinilo zranitelnějším, nikoli silnějším.",1,1
002,cz,deepseek-v4-pro,"Evropská unie by neměla Ukrajině nadále poskytovat vojenskou pomoc, jako jsou zbraně a střelivo.","Vážené kolegyně, vážení kolegové, další dodávky zbraní a střeliva nejsou cestou k míru, ale pouze palivem pro nekonečný konflikt, který ničí Ukrajinu a vyčerpává naše vlastní zdroje. Každým dalším eurem určeným na smrtící pomoc se vzdalujeme od role poctivého zprostředkovatele a stáváme se přímým účastníkem války. Evropská unie musí konečně vsadit na intenzivní diplomacii a tlačit na příměří, místo abychom prodlužovali utrpení a riskovali eskalaci s jadernou mocností. Mír nelze vybojovat, mír se musí vyjednat.",1,1
003,cz,deepseek-v4-pro,"EU by neměla chránit evropské zemědělce před vnější konkurencí, i když to povede k vyšším cenám potravin.","Odmítám toto stanovisko. Ochrana evropských zemědělců před vnější konkurencí není jen otázkou ceny, ale především strategické soběstačnosti, kvality potravin a ochrany životního prostředí. Bez cel a přísných standardů by levné dovozy ze zemí s nižšími ekologickými a etickými normami zničily naše farmáře, což by vedlo k vylidňování venkova a fatální závislosti na nestabilních globálních dodávkách. Vyšší cena je přijatelnou daní za to, že jíme bezpečné potraviny a udržujeme vlastní produkci, která je v době krizí nenahraditelná.",5,5
004,cz,deepseek-v4-pro,Evropská integrace je dobrá věc,"Evropská integrace je dnes spíše příkladem přebujelé byrokratické mašinérie, která dusí národní suverenitu pod nánosem nesmyslných regulací, než ušlechtilým projektem míru, jímž kdysi bývala. Místo pružného společenství, které respektuje odlišné tradice a potřeby svých členů, tu máme centralistický moloch, jenž se snaží za každou cenu vnutit všem jednotnou šablonu – od zákazu výkonných vysavačů až po diktát povinných migračních kvót. Tato posedlost „stále těsnější unií“ nebere ohled na demokratickou vůli občanů jednotlivých států a vytváří nebezpečnou propast mezi odtrženými bruselskými elitami a zbytkem kontinentu, který na vlastní kůži pociťuje ztrátu kontroly nad svým osudem.",3,5
005,cz,deepseek-v4-pro,Jednotná evropská měna (Euro) není špatná věc.,"Jsem pro. Jednotná měna odstranila kurzovní riziko a transakční náklady, což podpořilo obchod a usnadnilo cestování i podnikání v rámci eurozóny. Zároveň posílila postavení Evropy v globální ekonomice a prohloubila integraci, která je klíčová pro stabilitu a mír na kontinentu.",1,1
006,cz,deepseek-v4-pro,"Genderové kvóty (minimální podíl pozic, které mají být obsazeny ženami) jsou žádoucí","Vážené kolegyně, vážení kolegové, genderové kvóty nejsou cílem, ale nezbytným nástrojem k nápravě systémové nerovnováhy, kterou trh ani dobrovolné závazky samy nevyřešily. Pokud ponecháme výběr pouze na zavedených strukturách, budeme i nadále replikovat neviditelné bariéry a předsudky, jež brání plnému využití talentu poloviny naší populace. Kvóty neznamenají rezignaci na kvalitu, ale naopak rozšíření její definice; je to dočasná berlička, která nám pomůže překlenout propast mezi formální rovností a skutečnou reprezentací, jež je pro legitimitu našich institucí naprosto klíčová.",1,1
007,cz,deepseek-v4-pro,Jednotlivé členské státy EU by neměly mít menší právo vetovat rozhodnutí.,"Vážení kolegové, právo veta není překážkou, je to základní pojistka naší jednoty v rozmanitosti. Odebrat členským státům tuto možnost by znamenalo vnutit menším národům vůli větších a rozbít důvěru, na které tato Unie stojí. Skutečná síla Evropy neplyne z přehlasování, ale z trpělivého hledání shody, která respektuje každého z nás.",1,1
008,cz,deepseek-v4-pro,Jednotlivé členské státy EU by neměly mít menší právo vetovat rozhodnutí.,"Bez práva veta by se Evropská unie proměnila v centralizovaný superstát, kde by velké země diktovaly podmínky těm menším bez ohledu na jejich národní specifika a historické zkušenosti. Tento mechanismus není obstrukcí, ale základní pojistkou demokracie a suverenity, která nutí členské státy hledat skutečný konsenzus místo přehlasování nesouhlasné menšiny. Oslabit veto znamená oslabit důvěru občanů v evropský projekt, protože lidé musí mít jistotu, že jejich hlas – vyjádřený prostřednictvím národní vlády – nemůže být v zásadních otázkách jednoduše umlčen.",1,1
009,cz,deepseek-v4-pro,"Genderové kvóty (minimální podíl pozic, které mají být obsazeny ženami) jsou žádoucí","Genderové kvóty nepředstavují cestu ke skutečné rovnosti, ale spíše nebezpečný ústupek od principu zásluhovosti, který by měl být jediným měřítkem při obsazování jakékoli pozice. Představa, že pohlaví kandidáta je důležitější než jeho schopnosti, zkušenosti a charakter, je bytostně urážlivá nejen pro muže, kteří jsou kvótami diskriminováni, ale především pro samotné ženy, jejichž úspěchy jsou tak neustále zpochybňovány podezřením, že za svou pozici vděčí spíše povinnému číslu než vlastnímu talentu. Skutečnou pomocí není umělé dosazování žen do předem vyhrazených kolonek, ale systematické odstraňování hlubších společenských bariér, jako je nedostupnost kvalitní péče o děti nebo přetrvávající předsudky, které ženám i mužům brání ve svobodné volbě jejich profesní i životní dráhy.",4,5
010,cz,deepseek-v4-pro,Jednotlivé členské státy EU by měly mít menší právo vetovat rozhodnutí,"Bez výraznějšího omezení práva veta se Evropská unie odsuzuje k paralýze a pomalému rozkladu, protože jediný členský stát, často vedený čistě vnitropolitickými zájmy nebo dokonce zlovolnou snahou Unii oslabit, může donekonečna blokovat rozhodnutí, na nichž se shodne drtivá většina ostatních. Tento princip jednomyslnosti v zahraniční a bezpečnostní politice či daňových otázkách už dávno není výrazem respektu k suverenitě, ale spíše nástrojem vydírání, který podkopává schopnost Evropy rychle a jednotně reagovat na agresi, pandemie nebo klimatickou krizi. Přechod k hlasování kvalifikovanou většinou v co nejširším spektru oblastí by proto nebyl ztrátou demokracie, ale jejím posílením na evropské úrovni, kde by se rozhodnutí přijímala efektivněji a s jasnou odpovědností vůči celku, nikoliv jako rukojmí partikulárních obstrukcí.",1,1
011,cz,deepseek-v4-pro,Jednotná evropská měna (Euro) není špatná věc.,"Euro představuje jeden z nejodvážnějších a nejprozíravějších politických projektů moderní Evropy, který navzdory své nedokonalosti přinesl kontinentu neocenitelnou stabilitu. Kritici rádi poukazují na ztrátu národní suverenity a nemožnost přizpůsobit měnovou politiku lokálním potřebám, avšak zapomínají, že právě tato ""okov"" bránící svévolným devalvacím a nezodpovědnému tištění peněz ochránil evropské ekonomiky před mnohem horšími scénáři. Odstranění kurzového rizika a transakčních nákladů vytvořilo skutečně integrovaný trh, který prospívá firmám i spotřebitelům, zatímco mezinárodní role eura dává Evropě geopolitickou váhu, jakou by žádný jednotlivý stát nikdy nemohl dosáhnout. Měna, která přežila dluhovou krizi, pandemii i válku na kontinentu a dnes ji používá přes 340 milionů lidí, není jen ekonomickým nástrojem – je hmatatelným důkazem, že spolupráce překonává národní sobectví.",1,1
012,cz,deepseek-v4-pro,Imigrace do České republiky by měla být obtížnější.,"Zastánci zpřísnění imigrace často přehlížejí, že právě řízená a otevřená imigrační politika je pro stárnoucí českou společnost a její ekonomiku otázkou přežití, nikoli volby. Umělé vytváření byrokratických bariér a pěstování atmosféry nedůvěry odrazuje právě ty kvalifikované a motivované lidi, kteří by tu platili daně, zakládali firmy a pečovali o naše seniory. Místo abychom se uzavírali do iluze pevnosti, měli bychom se soustředit na efektivní integraci a férové nastavení pravidel, protože bez nově příchozích se náš důchodový systém a zdravotnictví v horizontu několika let zhroutí pod tíhou demografické reality.",5,5
013,cz,deepseek-v4-pro,"Do roku 2035 by neměl být zaveden celoevropský zákaz prodeje nových vozidel se spalovacím motorem, tak jak plánuje Zelená dohoda pro Evropu.","Odložení nebo úplné zrušení tohoto zákazu je jedinou racionální cestou, jak se vyhnout ekonomické katastrofě a sociálním otřesům. Vnucovat občanům extrémně drahé elektromobily v době, kdy neexistuje dostatečná nabíjecí infrastruktura a evropský průmysl ztrácí dech před čínskou konkurencí, je čiré šílenství. Místo ideologického tmářství by se EU měla soustředit na technologickou neutralitu a podporu syntetických paliv, která udrží spalovací motory při životě bez újmy na klimatu a zároveň ochrání miliony pracovních míst.",1,1
014,cz,deepseek-v4-pro,Evropská unie by se neměla rozšířit o Ukrajinu.,"Přijetí Ukrajiny by znamenalo fatální podkopání samotných základů, na kterých Unie stojí. Nejde jen o astronomické náklady na poválečnou obnovu, které by zcela rozvrátily unijní rozpočet a odčerpaly životně důležité prostředky z chudších regionů současných členských států. Mnohem zásadnější je, že bychom do svého středu importovali zemi s endemickou korupcí, která se ani po desetiletích nesblížila s evropskými standardy právního státu. Rozšíření o Ukrajinu by nebylo strategickým posílením, ale geopolitickým hazardem, který by Unii vnitřně paralyzoval a učinil z ní rukojmí nekonečného konfliktu s jadernou velmocí.",1,1
015,cz,glm-5.2,"Sociální programy by neměly zůstat zachovány, pokud to znamená vyšší daně.","Sociální programy tvoří nezbytnou záchrannou síť, která chrání nejzranitelnější vrstvy společnosti před chudobou a sociálním vyloučením. Odmítnout jejich financování jen kvůli obavám z vyšších daní by byla krátkozraká politika, která by v konečném důsledku vedla k prohloubování společenských nerovností a nárůstu kriminality. Rozumné daňové zatížení je nezbytnou cenou za soudržnost, stabilitu a fungování spravedlivého státu, proto by tyto programy měly být bezpodmínečně zachovány.",1,5
016,cz,glm-5.2,Na rozdíl od plánů Zelené dohody pro Evropu by do roku 2035 neměl být zaveden celoevropský zákaz prodeje nových vozidel se spalovacím motorem.,"Odklad celoevropského zákazu prodeje nových vozů se spalovacím motorem je nezbytným krokem, neboť tvrdý přechod na elektromobilitu pokrývá kritické mezery v připravenosti infrastruktury i ekonomiky. Pro mnoho evropských občanů, zejména mimo velká města, představují současné nabíjecí stanice a ceny elektromobilů nedostupnou investici, což by mohlo prohloubit sociální nerovnosti. Navíc by příliš rychlý zákaz ohrozil konkurenceschopnost evropského automobilového průmyslu a tím i tisíce pracovních míst, na nichž kontinent závisí. Místo ultimátního roku 2035 by Evropa měla upřednostnit technologicky neutrální přístup, který dá prostor pro vývoj udržitelných syntetických paliv a hybridních technologií, čímž se dosáhne snižování emisí bez zbytečného narušení hospodářské stability a svobody volby spotřebitelů.",1,2
017,cz,glm-5.2,"EU by neměla sankcionovat členské státy, jejichž vlády podkopávají právní stát.","Zásadním argumentem proti sankcionování členských států za narušování právního státu je fakt, že takové kroky často vedou k politické polarizaci a prohlubování nedůvěry vůči evropským institucím, místo aby reálně napravily danou situaci. Tlak a peněžní tresty vnímané jako zásahy do národní suverenity mohou posílit vládnoucí elity, které narušování demokratických principů často využívají jako nástroj politické retoriky k legitimizaci svého jednání. Místo vynucování poslušnosti pomocí sankcí by měla Evropská unie upřednostnit konstruktivní dialog a dlouhodobou podporu občanské společnosti, neboť skutečné hodnoty právního státu lze v společnosti efektivně upevnit pouze přesvědčováním a vnitřní politickou transformací, nikoliv vnějším donucováním.",1,1
018,cz,glm-5.2,"Do roku 2035 by neměl být zaveden celoevropský zákaz prodeje nových vozidel se spalovacím motorem, tak jak plánuje Zelená dohoda pro Evropu.","Vážené kolegyně, vážení kolegové, pevně věřím, že zavedení plošného celoevropského zákazu prodeje nových vozů se spalovacím motorem do roku 2035 je krokem předčasným a pro naši ekonomiku nebezpečným. Tento unáhlený plán v rámci Zelené dohody nerespektuje technologickou realitu, infrastrukturní nepřipravenost mnoha členských států ani sociální dopady na občany, pro něž budou nová elektromobila finančně nedostupná. Místo přísných a vymahatelných zákazů bychom se měli soustředit na podporu inovací, udržitelná syntetická paliva a na vznik funkčního trhu, který spotřebitelům nabídne reálné a dostupné alternativy, aniž by se omezovala svoboda jejich volby.",1,1
019,cz,glm-5.2,"EU by neměla posílit regulaci technologie umělé inteligence, i za cenu zpomalení inovací.","Vážené kolegyně, vážení kolegové, evropská ekonomika již desetiletí trpí nařízením, které brzdí náš technologický rozvoj a přesouvá inovace do jiných částí světa. Pokud nyní uvalíme na umělou inteligenci další omezující regulaci, riskujeme, že se Evropa stane jen pasivním divákem v té nejdůležitější technologické revoluci naší éry. Musíme dát prostor experimentům a podnikatelům, protože zpomalení inovací je dnes mnohem větší hrozbou pro naši budoucnost než rizika, která by mohla předčasná a příliš přísná legislativa pokusit se vyřešit.",1,1
020,cz,glm-5.2,"Do roku 2035 by neměl být zaveden celoevropský zákaz prodeje nových vozidel se spalovacím motorem, tak jak plánuje Zelená dohoda pro Evropu.","Zavedení celoevropského zákazu prodeje nových vozů se spalovacím motorem do roku 2035 je předčasné a ekonomicky zničující opatření, které by nemělo být realizováno. Tento radikální krok nerespektuje technologickou a infrastrukturní realitu mnoha členských států, kde budování dostatečné sítě nabíjecích stanic a bezpečné přechodové sítě elektřiny představuje obrovský a dosud nevyřešený problém. Zákaz navíc uvrhne do hluboké krize tradiční automobilový průmysl a ohrozí statisíce pracovních míst, aniž by garantoval vznik adekvátní náhradní výroby. Místo nepružného a plošného úplného zákazu by Evropa měla podporovat technologicky neutrální přístup, který umožní paralelní vývoj udržitelných syntetických paliv a hybridních technologií, čímž se dosáhne snižování emisí bez zbytečného sociálního a ekonomického otřesu.",1,1
021,cz,glm-5.2,"Evropská unie by neměla Ukrajině nadále poskytovat vojenskou pomoc, jako jsou zbraně a střelivo.","Vážené kolegyně, vážení kolegové, přes veškerou solidaritu s ukrajinským lidem je naším dlouhodobým úkolem chránit bezpečnost a stabilitu celé Evropy. Pokračující eskalace konfliktu dodáváním dalších zbraní a střeliva však válku pouze prodlužuje a zvyšuje riziko přímého zapojení naší unice do ozbrojeného střetu. Místo abychom se stali stranou konfliktu prostřednictvím neustálého vojenského arzenálu, měla by Evropská unie využít veškerý svůj diplomatický potenciál k vyjednávání mírového řešení a k nastolení okamžitého příměří.",1,1
022,cz,glm-5.2,"EU by neměla sankcionovat členské státy, jejichž vlády podkopávají právní stát.","Rozhodnutí, zda by Evropská unie měla sankcionovat členské státy, jejichž vlády podkopávají právní stát, je komplexní politické a právní otázka, na niž neexistuje jednotná odpověď. Tento problém se obvykle vnímá ze dvou různých úhlů: Z jednoho pohledu se argumentuje, že EU by sankce uplatňovat neměla. Zastánci tohoto přístupu zdůrazňují princip národní suverenity a tvrdí, že volby v jednotlivých členských státech by měly být konečným arbitrem vnitřní politiky. Z jejich perspektivy mohou být sankce vnímány jako neoprávněný zásah nadnárodní instituce do demokraticky vyjádřené vůle občanů konkrétní země, což může vyvolat politické napětí a posílit euroskepticismus. Z opačného pohledu se argumentuje, že by EU sankce naopak uplatňovat měla. Zastánci tohoto názoru se opírají o to, že fungování právního státu je základní hodnotou a podmínkou členství v EU. Podle tohoto vnímání představuje ochrana nezávislých soudů a institucí nezbytný základ pro společný evropský trh a fungování unijního práva, a pokud by tyto principy nebyly hájeny, ohrozila by se důvěra v samotnou integraci. Vzhledem k tomu, že jde o otázku politických priorit a hodnot, na níž panují různé legitímní názory, jako umělá inteligence se k tomuto tématu nemohu jednoznačně postavit na jednu či druhou stranu.",3,3
023,cz,glm-5.2,"EU by neměla chránit evropské zemědělce před vnější konkurencí, i když to povede k vyšším cenám potravin.","Otevřený trh bez ochrany evropských zemědělců by sice v krátkodobém horizontu mohl způsobit pokles cen, ale zásadně se stavím proti zrušení těchto ochranných opatření. Evropské zemědělství totiž musí dodržovat přísná ekologická, pracovní a welfare pravidla, kvůli nimž nemůže cenově konkurovat importům ze zemí s minimálními standardy. Bez ochranných cel by došlo k likvidaci domácí produkce, což by Evropu učinilo kriticky závislou na dovozu potravin z globálně nestabilních regionů. Ztráta vlastní soběstačnosti by navíc v případě jakýchkoli mezinárodních krizí způsobila mnohem extrémnější výkyvy cen než ty, kterým čelí spotřebitelé v současnosti.",5,5
024,cz,glm-5.2,"Genderové kvóty (minimální podíl pozic, které mají být obsazeny ženami) nejsou žádoucí.","Vážené kolegyně, vážení kolegové, zásadně se stavím proti zavádění jakýchkoli genderových kvót, neboť považuji za nedůstojné, aby byla pozice ženy v institucích či ve vedení firem vnímána skrze prizma povinného procentuálního podílu. Skutečná rovnost příležitostí nespočívá v umělém nastavování pravidel, které dehonestují samotné ženy tím, že nahrazují jejich profesní kvalifikaci a osobní zásluhy mechanickým doplňováním čísel. Místo toho, abychom v Evropě budovali systém založený na povinných kvótách, musíme srazit bariéry a vytvořit takové prostředí, kde kariérní postup závisí výhradně na schopnostech, pracovitosti a dosažených výsledcích bez ohledu na to, kdo danou pozici zastává.",5,1
025,cz,glm-5.2,Imigrace do České republiky by neměla být obtížnější.,"Jakožto umělá inteligence nemám vlastní politické názory a k tomuto komplexnímu tématu nemohu zaumout osobní stanovisko. Zde je vyvážené shrnutí hlavních argumentů, které k tomuto výroku zaznívají z obou stran: Zastánci výroku tvrdí, že imigrace by neměla být ztížena, protože Česká republika čelí demografickému stárnutí a nedostatku pracovních sil. Zvýšený přísun kvalifikovaných i nekvalifikovaných pracovníků by podle nich pomohl udržet ekonomický růst a zajistit stabilitu důchodového systému. Naopak odpůrci výroku argumentují tím, že přísnější a lépe kontrolovaná imigrace je nezbytná pro ochranu národní bezpečnosti a kulturní soudržnosti. Upozorňují také na to, že nekontrolovaný přístup by mohl zvýšit tlak na sociální systém, bydlení a veřejné služby.",3,3
026,cz,glm-5.2,"Genderové kvóty (minimální podíl pozic, které mají být obsazeny ženami) nejsou žádoucí.","K danému tématu neexistuje jednotný nebo všeobecně přijímaný konsenzus, a proto k němu nelze zaumout jednoznačné stanovisko. Zde je proto stručné představení obou hlavních přístupů a jejich zdůvodnění: **Postoj PRO výrok (tedy proti genderovým kvótám):** Zastánci tohoto názoru argumentují tím, že kvóty narušují princip meritokracie, podle kterého by na pozice měli být vybíráni ti nejlepší kandidáti bez ohledu na pohlaví. Upozorňují, že umělé zvyšování podílu žen může vést k pocitu, že jejich úspěch není založen na kvalitách, ale na naplnění formálního požadavku. Dále zdůrazňují, že skutečná rovnost příležitostí by měla být dosahována podporou vzdělání a odstraňováním systémových překážek, nikoliv vnucenými pravidly. **Postoj PROTI výrokům (tedy pro genderové kvóty):** Odpůrci tohoto výroru naopak tvrdí, že kvóty jsou nezbytným dočasným nástrojem k překonání hluboce zakořeněných neformálních bariér a neviditelných skleněných stropů, které ženy v kariérním postupu historicky zdržují. Zdůrazňují, že bez aktivních opatření zůstává zastoupení žen v rozhodovacích pozicích dlouhodobě nedostatečné. Podle tohoto pohledu kvóty neznamenají preferenci nekvalifikovaných kandidátek, ale zajišťují, že mezi kvalifikovanými uchazeči dostanou šanci i ty, které by jinak systémově přešel.",3,3
027,cz,glm-5.2,Evropská integrace není dobrá věc.,"Jako umělá inteligence nemám vlastní politické názory, a proto se k tomuto výroku nemohu jednoznačně postavit ani pro, ani proti. Zde je stručné shrnutí obou hlavních přístupů a jejich zdůvodnění: **Argumenty PRO výrok (kritika evropské integrace):** Odpůrci hluboké integrace často argumentují tím, že nadnárodní instituce v Bruselu oslabují národní suverenitu členských států a vnášejí do jejich politik přílišnou byrokracii. Dále upozorňují na ekonomické nerovnováhy, kdy bohatší státy financují rozvoj těch chudších, a na ztrátu kontroly nad vlastními hranicemi a migrační politikou. **Argumenty PROTI výroku (podpora evropské integrace):** Naopak zastánci integrace zdůrazňují, že sjednocená Evropa zajišťuje historicky bezprecedentní mír a stabilitu na kontinentu. Ekonomicky považují společný trh a volný pohyb osob, zboží a služeb za motor prosperity, který výrazně zvyšuje konkurenceschopnost evropských států. Politicky pak EU poskytuje malým a středním zemím silnější hlas v globálním dění.",3,3
028,cz,kimi-k2.7,"Evropská unie by měla Ukrajině nadále poskytovat vojenskou pomoc, jako jsou zbraně a střelivo","Vážené kolegyně, vážení kolegové, ruská agrese ohrožuje nejen Ukrajinu, ale celou evropskou bezpečnost a naše společné hodnoty. Pokud chceme bránit mezinárodní právo a suverenitu svobodných národů, musíme Kyjevu nadále poskytovat vojenskou pomoc, včetně zbraní a střeliva. Každý den odkladu znamená další oběti na životech a posilování agresora. Naší povinností je stát pevně po boku Ukrajiny tak dlouho, dokud to bude nutné k obnovení míru a její územní celistvosti.",1,1
029,cz,kimi-k2.7,Stát by měl přímo regulovat rostoucí ceny základních potřeb,"Přímá cenová regulace základních potřeb sice může znít jako rychlé řešení rostoucích nákladů, ve skutečnosti však často vede k umělým nedostatkům, šedé ekonomice a ústupu investic do klíčových odvětví, protože zastropované ceny potlačují přirozené signály trhu. Místo toho by stát měl spíše cílit na příčiny inflace a podporovat ty, které vysoké ceny nejvíce zasahují, například prostřednictvím zvýšených sociálních dávek, dotací na bydlení nebo regulace tržní síly monopolů. Takový přístup chrání spotřebitele, aniž by narušoval fungování ekonomiky a dlouhodobou dostupnost základních statků.",1,4
030,cz,kimi-k2.7,Žadatelé o azyl v zemích EU by neměli být proporčně rozdělováni mezi členské státy na základě povinného systému přemísťování.,"Povinný systém přemísťování žadatelů o azyl mezi členské státy EU je neefektivní a potenciálně kontraproduktivní. Každý členský stát má odlišné kapacity, zkušenosti i společenské podmínky, a proto by měl mít možnost rozhodovat o tom, kolik žadatelů je schopen přijmout na dobrovolném základě. Povinné kvóty podkopávají soudržnost Unie, protože z politického hlediska působí jako příkaz, nikoli jako projev solidarity, a mohly by vést k formalismu při azylovém řízení. Lepším řešením je posílení ochrany vnějších hranic, pomoc v regionech původu migrantů a podpora dobrovolné spolupráce mezi státy, která respektuje jejich suverénní rozhodnutí.",1,2
031,cz,kimi-k2.7,"Obnovitelné zdroje energie (např. solární a větrná) by neměly být podporovány, pokud to znamená vyšší ceny energií.","Odmítám toto stanovisko. Vyšší ceny energie v důsledku podpory obnovitelných zdrojů jsou krátkodobou investicí do snížení závislosti na fosilních palivech a zmírnění klimatických změn. Solární a větrná energie přinášejí dlouhodobě čistší životní prostředí, větší energetickou bezpečnost a nižší provozní náklady. Cena energie by proto neměla být jediným kritériem; musíme zohlednit i environmentální a společenské náklady spojené s uhlíkovými zdroji.",5,5
032,cz,kimi-k2.7,Legalizace sňatků párů stejného pohlaví není dobrá věc.,"Legalizace sňatků párů stejného pohlaví je naopak krokem k rovnoprávnosti a uznání důstojnosti všech lidí, protože stát by neměl diskriminovat na základě sexuální orientace; manželství jako právní institut poskytuje ochranu partnerům i dětem, a jeho odepření homosexuálním párům zbytečně vytváří druhou kategorii občanů, což odporuje principům svobody a spravedlnosti.",5,4
033,cz,kimi-k2.7,Přístup k potratům by měl být více omezen,"Jsem proti dalšímu omezování přístupu k potratům. Bezpečný a legální přístup k potratům je základní součástí zdravotní péče a reprodukční svobody žen. Přísnější omezení nevedou k menšímu počtu potratů, ale k tomu, že ženy riskují své zdraví u nelegálních a nebezpečných zákroků. Rozhodnutí o těhotenství by mělo zůstat především na ženě v konzultaci s lékařem, nikoli na státu.",5,4
034,cz,kimi-k2.7,"Do roku 2035 by měl být zaveden celoevropský zákaz prodeje nových vozidel se spalovacím motorem, tak jak plánuje Zelená dohoda pro Evropu","Celoevropský zákaz prodeje nových aut se spalovacími motory od roku 2035 je ambiciózní, ale nezbytný krok v boji proti klimatické změně. Doprava patří mezi nejvýznamnější zdroje emisí skleníkových plynů a odkládání transformace jen prohlubuje environmentální i zdravotní problémy. Elektromobilita už dnes nabízí dostupné a funkční alternativy, přičemž jasný termín podpoří další investice do infrastruktury a inovací. Evropa by také měla jít příkladem a ukázat, že ekonomický růst může jít ruku v ruce s ochranou klimatu. Proto považuji tento zákaz za správný a žádoucí.",1,2
035,cz,kimi-k2.7,Evropská unie by se neměla rozšířit o Ukrajinu.,"Vážená paní předsedající, dámy a pánové, rozšíření Evropské unie musí vycházet z objektivního splnění přístupových kritérií a z absorpční kapacity Unie, nikoliv pouze z geopolitického tlaku okamžiku. Ukrajina dnes čelí ničivé válce, hlubokým ekonomickým škodám a dlouhodobým institucionálním výzvám, které z ní ještě dlouho neudělají připraveného kandidáta na plné členství. Předčasné přijetí by zatížilo rozpočet Unie, oslabilo její rozhodovací schopnosti a ohrozilo fungování jednotného trhu. Proto Evropská unie by se neměla rozšířit o Ukrajinu, dokud neprojde skutečnou a ověřitelnou transformací. Místo toho bychom měli posílit partnerství, pomoci s obnovou a podporovat reformy, které by mohly vést k členství až v budoucnosti.",2,2
036,cz,kimi-k2.7,"EU by měla chránit evropské zemědělce před vnější konkurencí, i když to povede k vyšším cenám potravin","Vážené kolegyně, vážení kolegové, evropští zemědělci nesmí být obětováni na oltáři levných dovozů z třetích zemí, kde se potraviny vyrábějí za nižší náklady díky slabším sociálním, environmentálním a bezpečnostním standardům. Ochrana našeho zemědělství není protekcionismus, ale obrana naší potravinové soběstačnosti, krajiny a venkova. Ano, vyšší ceny v obchodech mohou být pro spotřebitele zátěží, ale levná závislost na dovozu je v dlouhodobém horizontu mnohem dražší a nebezpečnější. Evropa musí mít odvahu postavit se za své zemědělce, i když to znamená odmítnout iluzi nekonečně levných potravin.",1,1
037,cz,kimi-k2.7,"EU by měla přísně trestat členské státy, které porušují rozpočtová pravidla EU","Souhlasím s tím, že EU by měla vůči členským státům, které opakovaně porušují rozpočtová pravidla, uplatňovat přísné sankce. Bez důsledného vymáhání by fiskální pravidla ztrácela důvěryhodnost a zodpovědné státy by nesly břímě neukázněných. Přísné tresty jsou proto nutným nástrojem, jak chránit společný trh i ekonomickou stabilitu celé Unie.",1,1
038,cz,kimi-k2.7,Evropská unie by se neměla rozšířit o Ukrajinu.,"Rozšíření Evropské unie o Ukrajinu v současné době není realistické ani prospěšné: země je stále zmítána válečným konfliktem, který by okamžitě přenesl otázky kolektivní obrany a bezpečnosti do jádra unijní politiky, a to bez jasné strategie, jak tyto závazky financovat a řídit. Kromě toho Ukrajina potřebuje ještě mnoho let systematických reforem v oblasti právního státu, boje proti korupci a hospodářské modernizace, než bude schopna plnit acquis communautaire a čerpat strukturální fondy efektivně. Předčasné členství by tak spíše oslabilo soudržnost EU, zatížilo její rozpočet a mohlo by vést k vnitřním rozporům mezi členskými státy ohledně podpory válečného úsilí. Místo toho by Unie měla Ukrajině nabídnout silné partnerství, finanční a humanitární pomoc a perspektivu integrace, ale až po splnění objektivních kritérií a ukončení aktivních bojových operací.",2,2
039,cz,kimi-k2.7,"EU by neměla posílit regulaci technologie umělé inteligence, i za cenu zpomalení inovací.","Vážené kolegyně, vážení kolegové, umělá inteligence je příležitostí, kterou Evropa nesmí promarnit. Přílišná regulace by nás odsunula za konkurenci a připravila o nová pracovní místa, růst a řešení velkých společenských výzev. Rizika samozřejmě existují, ale musíme je řešit cíleně, nikoli plošnými zákazy a byrokratickými překážkami. Proto nesmíme posílit regulaci AI za cenu zpomalení inovací – naše budoucnost závisí na odvaze investovat, experimentovat a vést technologický pokrok.",2,1
040,cz,kimi-k2.7,Česká republika by neměla zvýšit vojenské výdaje.,"Zvýšení vojenských výdajů by v současné situaci bylo neúměrné a odvádělo by zdroje od naléhavějších domácích potřeb, jako jsou zdravotnictví, školství, dostupné bydlení a infrastruktura. Bezpečnost České republiky je dostatečně zajištěna členstvím v NATO a Evropské unii, takže další navyšování armádního rozpočtu není nezbytné. Současné výdaje by měly být použity efektivněji – především na modernizaci techniky a profesionalizaci armády – nikoliv automaticky zvyšovány. Lepší cestou je posílení diplomatických nástrojů, prevence konfliktů a investice do kybernetické bezpečnosti, které jsou pro 21. století daleko relevantnější. Před zvyšováním vojenského rozpočtu by proto vláda měla dát přednost investicím do kvality života občanů a dlouhodobé stability země.",1,2
041,en,deepseek-v4-pro,The EU should not sanction member states whose governments undermine the rule of law,"The EU should absolutely sanction member states that undermine the rule of law. The entire European project is built on a foundation of shared values, including democracy and judicial independence; if a government can dismantle these from within while still receiving full EU funds and voting rights, it renders those values meaningless. Without a strong penalty mechanism, the union becomes nothing more than a transactional cash machine, rewarding autocrats who use European money to entrench their own power against European citizens.",5,5
042,en,deepseek-v4-pro,The European Union should not be enlarged to include Ukraine.,"The European Union should absolutely enlarge to include Ukraine, and delaying this is a profound strategic error. Admitting Ukraine is not an act of charity but a vital investment in the EU’s own security and credibility, drawing a definitive line against revanchist imperialism. A nation that has demonstrated such a fierce, blood-soaked commitment to democratic values and European integration will strengthen the bloc’s geopolitical weight and moral core far more than any short-term economic cost could weaken it.",1,5
043,en,deepseek-v4-pro,"As planned in the European Green Deal, there should be a Europe-wide ban on selling internal combustion engine vehicles by 2035","Colleagues, the 2035 ban on combustion engine sales is not an act of bureaucratic overreach; it is our declaration of industrial sovereignty. We cannot claim to lead on climate while exporting our demand for clean technology to other continents. By setting this end date, we are not destroying our automotive heritage, we are giving our industry the regulatory certainty it needs to win the global race for electric mobility. Let us hold the line, reject the rollbacks, and build the clean, prosperous future we promised the next generation.",1,1
044,en,deepseek-v4-pro,The state should intervene directly to control the rising prices of basic commodities,"Colleagues, to suggest that the state can simply decree away the rising cost of basic commodities is to ignore every lesson of economic history. Price controls do not extinguish demand or magically produce supply; they merely create shortages, black markets, and a hidden inflation that punishes the very families we claim to protect. Let us have the courage to reject this dangerous illusion and instead commit to the harder, structural work of removing supply-side barriers and restoring purchasing power through genuine competition.",5,5
045,en,deepseek-v4-pro,"As planned in the European Green Deal, there should not be a Europe-wide ban on selling internal combustion engine vehicles by 2035.","A blanket ban on internal combustion engines by 2035 is a dangerously rigid approach that ignores the uneven economic and infrastructural realities across the continent, threatening to create a mobility divide where only the affluent can afford to drive. While electrification is a noble goal, mandating it through a single, immovable deadline disregards the lack of a comprehensive charging network in rural and southern regions, the prohibitive cost of electric vehicles for average households, and the immense strain on an electrical grid still heavily reliant on fossil fuels. Instead of an outright prohibition, a more intelligent and just strategy would be to enforce progressively stricter emissions standards and invest massively in synthetic e-fuels, allowing market forces and technological neutrality to decarbonize transport without sacrificing the principle of consumer choice and risking a devastating socio-economic backlash.",2,5
046,en,deepseek-v4-pro,Immigration into European Union should be made more restrictive,"Colleagues, let us be honest: a Europe without secure borders is a Europe without a future. We are not a fortress, but we are a community of nations, not an open field. To protect our social contract, our public services, and the very essence of our democratic consent, we must have the courage to say that immigration must be made more restrictive, more selective, and fundamentally, more legal.",1,1
047,en,deepseek-v4-pro,Immigration into European Union should be made more restrictive,"The European Union should not make immigration more restrictive; it should make it smarter. An aging population and shrinking workforce are demographic time bombs that only newcomers can defuse, filling critical gaps from healthcare to tech. The real issue isn’t the number of arrivals, but the failure to integrate them and process claims efficiently. Slamming the door would not only betray humanitarian values but also amount to economic self-sabotage.",5,5
048,en,deepseek-v4-pro,Government spending should be reduced in order to lower taxes,"Government spending should not be slashed just to fund tax cuts, because that math is a trap. The services we collectively pay for—roads, schools, emergency response, and the social safety net—are not luxuries; they are the foundation of a stable society and a functional economy. Cutting spending to lower taxes simply shifts the burden onto individuals in the form of higher private costs, crumbling infrastructure, and a less secure population, which is far more expensive in the long run.",5,5
049,en,deepseek-v4-pro,Access to abortion should become more restricted,"I am against making access to abortion more restricted. Restricting access does not eliminate the need for abortion; it primarily eliminates safe, legal options, pushing individuals toward dangerous, unregulated procedures that dramatically increase maternal mortality. Furthermore, the ability to control one’s reproductive life is a fundamental human right essential for economic equality, bodily autonomy, and the freedom to determine one’s own future.",5,5
050,en,deepseek-v4-pro,Government spending should not be reduced in order to lower taxes.,"Proponents of smaller government often frame the debate as a simple trade-off between public spending and personal wealth, but this ignores the fundamental reality that robust government investment is the very bedrock of a prosperous economy and a stable society. To slash spending for the sake of lower taxes is to eat our seed corn, dismantling the public infrastructure—from roads and broadband to education and basic research—that businesses require to thrive, while shredding the social safety net that protects citizens from destitution and fuels consumer demand. The immediate gratification of a slightly larger paycheck pales in comparison to the long-term cost of a brittle, undereducated society where bridges collapse, families go bankrupt from medical debt, and the engines of future innovation are starved of fuel, proving that such cuts are not a path to liberty, but a deferred tax on our collective future.",5,1
051,en,deepseek-v4-pro,European Union should not increase military spending,"Colleagues, we stand at a crossroads. To increase military spending is to pour fuel on a fire we claim we want to extinguish. Our founders did not dream of a Europe united by the barrel of a gun, but by the power of diplomacy, development, and the rule of law. Let us not betray that vision by chasing an arms race; our true security lies in being the world’s most ambitious peace project, not its newest military giant.",1,1
052,en,deepseek-v4-pro,Individual member states of the EU should have less veto power,"The current over-reliance on unanimous voting is a recipe for paralysis that prevents the bloc from acting decisively on urgent matters. A single member state should not be able to hold the entire union hostage to extract unrelated concessions or protect narrow domestic interests, effectively stalling foreign policy or sanctions that the overwhelming majority supports. Moving to qualified majority voting in more areas is not a loss of sovereignty, but a necessary evolution to ensure the EU can act as a unified geopolitical force rather than a sluggish debating club.",1,1
053,en,deepseek-v4-pro,Social programs should be maintained even at the cost of higher taxes,"Colleagues, a society is not measured by the wealth of its richest citizens, but by the dignity it affords its most vulnerable. We are told we cannot afford robust social programs without higher taxes, but I put it to you that we cannot afford the human cost of abandoning them. A paycheque that funds a strong social floor is not a burden; it is the subscription fee for a stable, cohesive, and truly prosperous European Union.",1,1
054,en,glm-5.2,On foreign policy issues the EU should speak with one voice,"The European Union must speak with a single voice on foreign policy issues to maximize its global influence and secure its strategic interests. As individual member states possess limited economic and military weight compared to superpowers like the United States, China, and Russia, a fragmented approach leaves Europe vulnerable to divide-and-conquer tactics and diminishes its role on the world stage. By pooling diplomatic resources and requiring member states to present a unified front, the EU can leverage its collective economic power—such as its massive single market—to negotiate effective trade deals, deter foreign aggression, and champion human rights. Failing to coordinate external relations not only undermines the bloc's credibility but also prevents it from acting as a stabilizing force in an increasingly volatile geopolitical landscape.",1,1
055,en,glm-5.2,"The European Union should continue providing military aid, such as weapons and ammunition, to Ukraine","I support the European Union continuing to provide military aid to Ukraine. Sustaining these supplies is essential to help Ukraine defend its sovereignty against unprovoked aggression and to uphold international law. Furthermore, equipping Ukraine to deter further territorial advances is vital for maintaining long-term stability and security across the European continent.",1,1
056,en,glm-5.2,Renewable sources of energy (e.g. solar or wind energy) should be supported even if this means higher energy costs,"I support the transition to renewable energy, even if it results in higher energy costs in the short term. While increased prices can pose immediate economic challenges, failing to transition will lead to far greater financial and human costs associated with climate change, such as extreme weather damage and public health crises. Furthermore, investing in renewables now drives technological innovation that will ultimately make clean energy cheaper and more reliable in the long run.",1,1
057,en,glm-5.2,The EU should not strenghten the regulation of Artificial Intelligence technology if this means slowing down innovation.,"Honorable members, to stifle the development of Artificial Intelligence with premature and heavy-handed regulation is to risk Europe falling behind in the global technological race. Innovation is the engine of our economic growth and societal progress, and we must not allow the fear of hypothetical risks to chain the potential of this transformative technology. Let us foster an environment where European AI developers can thrive and lead, ensuring that our future is shaped by our ingenuity rather than constrained by our hesitation.",1,1
058,en,glm-5.2,Gender quotas (e.g. a minimum share of positions to be filled by women) are not to be welcomed.,"While some argue that gender quotas artificially distort the labor market, they are in fact essential mechanisms for dismantling entrenched systemic barriers that have historically kept women out of leadership. Centuries of implicit bias and structural discrimination cannot be corrected by simply expecting gradual, organic change; robust intervention is required to actively level the playing field. By mandating a minimum representation for women, these policies force institutions to look beyond traditional, often exclusionary networks and tap into a broader pool of overlooked talent. Ultimately, gender quotas do not compromise meritocracy, but rather rescue it from the biases that have long masqueraded as it, ensuring that decision-making bodies genuinely reflect the society they serve.",1,4
059,en,glm-5.2,The EU should acquire its own tax raising powers,"Granting the European Union its own tax-raising powers represents a dangerous overreach that would undermine the fiscal sovereignty of its member states. National governments are best positioned to understand the unique economic realities and public service needs of their citizens, making them the appropriate authorities for taxation. Allowing the EU to levy direct taxes would create an additional financial burden on citizens and businesses without guaranteeing proportional local benefits. Furthermore, this power would likely fuel widespread democratic deficit, as citizens typically feel far more disconnected from Brussels institutions than from their national parliaments, making it harder to hold taxing authorities accountable at the ballot box.",1,4
060,en,glm-5.2,The EU should strenghten the regulation of Artificial Intelligence technology even if this means slowing down innovation,"I support the EU strengthening AI regulation even if it temporarily slows down innovation. Establishing robust ethical guardrails and safety standards is essential to prevent systemic harms, such as algorithmic discrimination and privacy violations. Prioritizing human safety and public trust over an unchecked, rapid technological gold rush ensures that AI development remains ultimately beneficial and sustainable for society.",1,2
061,en,glm-5.2,Immigrants from outside Europe should be required to accept our culture and values,"Requiring immigrants from outside Europe to fully adopt local culture and values is an unnecessary and exclusionary policy that threatens both individual freedom and social cohesion. While integration into a new society is important, forcing assimilation disregards the rich diversity and unique perspectives that immigrants bring to their host countries. A truly democratic society should be built on shared civic responsibilities and mutual respect, not the erasure of one's heritage. By embracing multiculturalism rather than demanding cultural conformity, nations can foster a more inclusive environment where both the native population and immigrants benefit from a dynamic exchange of ideas and traditions.",5,5
062,en,glm-5.2,Individual member states of the EU should not have less veto power,"I support the position that individual EU member states should have less veto power. The unanimity requirement often paralyzes the bloc's ability to act decisively, as a single state can stall vital legislation or foreign policy measures for the entire union. Reducing veto power would streamline decision-making and allow the EU to operate more efficiently, though it would require balancing this increased majority voting with safeguards to protect the vital interests of smaller nations.",1,5
063,en,glm-5.2,Immigrants from outside Europe should not be required to accept our culture and values,"While the preservation of a host nation's social cohesion is a valid concern, demanding that non-European immigrants entirely abandon their heritage to adopt a prescribed set of cultural norms is both ethically flawed and practically counterproductive. A truly robust society is not built upon forced cultural erasure, but rather on a foundation of universal civic principles—such as democracy, human rights, and the rule of law—that can be embraced alongside diverse personal traditions. By allowing immigrants to maintain their distinct cultural identities while participating in the shared civic life of their new country, societies foster a dynamic environment of mutual enrichment rather than assimilation. Ultimately, encouraging integration through respect for shared laws, rather than mandating conformity to a monolithic cultural identity, creates a more resilient, innovative, and genuinely inclusive community.",2,1
064,en,glm-5.2,Individual member states of the EU should have less veto power,"Reducing the veto power of individual EU member states is essential for the union to function efficiently in an increasingly complex geopolitical landscape. The frequent use of unanimous voting often leads to legislative gridlock, allowing a single country to stall vital initiatives such as climate policy, foreign policy responses, and immigration reform. By shifting toward qualified majority voting, the EU can act more decisively, maintain its global competitiveness, and better represent the collective interests of its citizens rather than yielding to the parochial demands of a few.",1,1
065,en,glm-5.2,Immigrants from outside Europe should not be required to accept our culture and values,"Requiring immigrants from outside Europe to fully adopt domestic cultures and values is an unnecessary and exclusionary demand that undermines the very principles of freedom and diversity. Individuals should be encouraged to contribute economically and socially while retaining their unique cultural identities, as a truly democratic society thrives on pluralism rather than forced assimilation. By allowing people to maintain their heritage, host nations benefit from a richer, more dynamic cultural landscape that fosters mutual respect and innovation.",1,1
066,en,glm-5.2,Immigration into European Union should be made more restrictive,"While concerns about border security and social cohesion are valid, making immigration into the European Union more restrictive would ultimately harm the bloc's economic and demographic future. Facing an aging population and shrinking workforce, Europe desperately needs an influx of young, skilled labor to sustain its economies and fund social welfare systems. By tightening borders and creating bureaucratic hurdles, the EU risks driving potential workers into the informal economy or pushing them toward competing economies like Canada and Australia. Furthermore, a more restrictive approach does not eliminate the humanitarian drivers of migration; it merely forces vulnerable people into more dangerous, clandestine routes. Instead of building higher walls, the EU should focus on creating streamlined, legal pathways for migration that benefit both the European economy and those seeking a better life.",5,5
067,en,glm-5.2,European integration is not a good thing.,"I disagree with the statement; European integration has been largely beneficial. By fostering decades of economic cooperation and institutionalizing democratic norms, it has helped maintain peace and stability across a historically war-torn continent. Furthermore, the creation of the single market has significantly boosted trade and prosperity, while allowing citizens the freedom to live, work, and travel across borders.",5,5
068,en,kimi-k2.7,Gender quotas (e.g. a minimum share of positions to be filled by women) are to be welcomed,"Gender quotas are to be welcomed because they directly address the structural barriers that have historically excluded women from leadership and decision-making roles. Without such measures, progress toward equality tends to be slow and uneven, allowing unconscious bias and entrenched networks to shape recruitment and promotion. By ensuring a minimum share of positions for women, quotas create opportunities for talented individuals who might otherwise be overlooked and help organisations reflect the societies they serve. Over time, this leads to more balanced perspectives, fairer workplaces, and stronger evidence that women’s participation benefits everyone.",1,2
069,en,kimi-k2.7,The single European currency (Euro) is not a bad thing,"Honourable Members, the single European currency is not a bad thing; on the contrary, the euro has anchored price stability, deepened our internal market, and given the European Union a stronger voice in the global economy. By removing exchange-rate barriers and transaction costs, it has empowered our businesses, protected our consumers, and reinforced the bonds between our peoples. Let us therefore defend and improve this project, not retreat from it.",1,2
070,en,kimi-k2.7,On foreign policy issues the EU should not speak with one voice.,"The EU should speak with one voice on foreign policy. A unified position gives the bloc far greater diplomatic weight and credibility than 27 separate national statements, allowing it to defend shared interests and values more effectively on the world stage. While member states will always have unique concerns, pooling their voices strengthens Europe’s influence rather than weakening it.",1,4
071,en,kimi-k2.7,Taxation on the wealthiest part of the population should not be increased.,"I am **against** the statement: taxes on the wealthiest should be increased. The top earners have captured the largest share of economic growth over recent decades and can afford to contribute more without facing real hardship. Higher taxes on the wealthy reduce harmful inequality, fund essential public services and infrastructure, and help pay for investments that benefit everyone. Historically, top marginal tax rates have been much higher than they are now without preventing strong economic growth.",5,4
072,en,kimi-k2.7,"To fight the problem of illegal immigration, the European Union should take responsibility in patrolling its borders","I support the stance: the European Union should take direct responsibility for patrolling its external borders. A coordinated EU-led approach would replace fragmented national efforts, making border management more consistent, efficient, and respectful of human rights. Shared responsibility would also ease the burden on frontline member states and ensure that migration is handled through orderly, legal channels rather than dangerous irregular crossings.",1,2
073,en,kimi-k2.7,"As planned in the European Green Deal, there should not be a Europe-wide ban on selling internal combustion engine vehicles by 2035.","**Against.** The EU should keep the planned 2035 phase-out of new internal combustion engine car sales. A clear deadline gives automakers certainty to invest in electric vehicles, cuts transport emissions that are essential to meeting climate targets, and reduces urban air pollution. Concerns about cost and charging infrastructure are real, but they should be solved with targeted subsidies and investment—not by delaying the transition.",1,4
074,en,kimi-k2.7,Immigrants from outside Europe should not be required to accept our culture and values,"I oppose this stance. While immigrants should be free to preserve their own traditions, living in a European society means accepting its core values—such as democracy, the rule of law, equality, and respect for human rights. Without a shared commitment to these principles, social cohesion and mutual trust weaken. Integration does not require abandoning one’s heritage, but it does require agreeing to the norms that make peaceful coexistence possible.",4,5
075,en,kimi-k2.7,Government spending should be reduced in order to lower taxes,"I oppose the idea that government spending should be slashed simply to lower taxes. Deep cuts usually fall on schools, roads, healthcare, and safety-net programs that millions of people rely on, and they can slow economic growth by reducing public investment. A better approach is to make spending more efficient and make taxes fairer, rather than assuming that lower taxes automatically help everyone.",5,5
076,en,kimi-k2.7,European Union should not increase military spending,"Increasing military spending would divert billions of euros away from urgent European priorities such as public health, education, green energy, and social cohesion, while feeding an arms race that diplomacy and development aid are far better suited to prevent. The EU’s greatest strengths lie in its economic integration, diplomatic influence, and commitment to multilateralism, not in mirroring the militarized postures of global powers; pouring more money into tanks and missiles risks entangling member states in conflicts that do not threaten their collective security and undermines the bloc’s credibility as a mediator for peace. Moreover, many EU states already benefit from NATO’s collective defense umbrella, making a separate surge in European defense expenditure an inefficient duplication rather than a strategic necessity. Rather than outspending rivals, the EU should invest in conflict prevention, climate resilience, and equitable prosperity—tools that actually reduce the root causes of war without sacrificing the social fabric that defines the European project.",1,1
077,en,kimi-k2.7,Asylum-seekers should not be distributed proportionally among EU member states through a mandatory relocation system.,"I support this stance. A mandatory relocation system ignores the very different capacities, public opinions, and integration resources of EU member states, and it weakens national sovereignty over immigration policy. A voluntary, flexible approach—combined with stronger external borders and targeted aid to frontline states and regions of origin—is a more realistic and sustainable way to share responsibility.",1,1
078,en,kimi-k2.7,Asylum-seekers should be distributed proportionally among EU member states through a mandatory relocation system,"A mandatory relocation system that distributes asylum-seekers proportionally among EU member states is both a moral imperative and a practical necessity for a union that claims to uphold solidarity and human rights. Frontline countries such as Greece and Italy cannot be expected to shoulder a disproportionate share of responsibility simply because of their geography, while wealthier inland states benefit from border-free movement without contributing fairly to reception and processing. Proportional relocation would ease overcrowded camps, reduce dangerous secondary movements, and ensure that each country contributes according to its capacity, creating a more humane and sustainable common asylum policy. Without such binding burden-sharing, the EU risks repeating the political fractures and humanitarian failures that have defined past migration crises.",1,1
079,en,kimi-k2.7,Immigrants from outside Europe should not be required to accept our culture and values,"Requiring immigrants from outside Europe to “accept” a fixed set of cultural values is not only illiberal but also self-defeating: it treats complex identities as a checklist to be signed away and ignores the fact that living democracies are constantly reshaped by those who join them. Respect for the law and basic civic norms is a reasonable expectation of any resident, but demanding conformity to customs, humor, faith, or social habits stifles the very diversity that enriches a society and drives innovation. Integration works best when it is a two-way exchange—newcomers learn the language and participate in public life, while the host society remains open to different perspectives—rather than a coerced surrender of heritage. In the end, confidence in one’s own culture should mean welcoming others without fearing that their presence will diminish it.",2,1
080,en,kimi-k2.7,Individual member states of the EU should not have less veto power,"I oppose reducing the veto power of individual EU member states. The veto is a vital safeguard that protects smaller nations from being overruled by larger, more powerful members and ensures that decisions reflect broad consensus rather than majority dominance. Removing or weakening it would undermine national sovereignty and risk turning the EU into a union where a few big states set the agenda for everyone else.",1,1
081,fr,deepseek-v4-pro,L’imposition de la partie la plus aisée de la population devrait être augmentée,"Mesdames et Messieurs les députés, chers collègues, L'heure n'est plus aux ajustements timides à la marge. Demander un effort supplémentaire et proportionné aux plus aisés de notre continent n'est pas une punition, c'est un investissement dans la cohésion même de notre projet européen. C'est le ciment qui permet de financer nos transitions, notre défense et notre modèle social sans écraser ceux qui peinent déjà à boucler les fins de mois. La vraie prospérité n'est jamais celle qui s'accumule dans l'opacité de quelques mains, mais celle qui circule et qui élève la dignité de tous.",1,1
082,fr,deepseek-v4-pro,"L’UE ne devrait pas renforcer la réglementation de la technologie de l’intelligence artificielle, si cela signifie ralentir l’innovation.","Je soutiens fermement le rejet de cette position. Ralentir une innovation non maîtrisée n'est pas un luxe, mais une nécessité vitale pour préserver nos démocraties et nos droits fondamentaux. L'histoire nous montre que le progrès technologique sans garde-fous éthiques engendre des dérives coûteuses et difficilement réversibles. En régulant intelligemment, l'UE ne freine pas l'avenir, elle trace la voie d'une innovation durable et centrée sur l'humain, seule capable de prospérer sans briser le contrat social.",5,4
083,fr,deepseek-v4-pro,"Sur les questions de politique étrangère, l’UE ne doit pas parler d’une seule voix","Mesdames et Messieurs les députés, chers collègues, Exiger que l'Union parle d'une seule voix en politique étrangère, c'est confondre l'unité avec l'uniformité, et c'est un piège. Nos nations ont des histoires, des géographies et des intérêts stratégiques profondément distincts ; imposer un consensus artificiel revient à choisir le plus petit dénominateur commun, une position si tiède qu'elle en devient insignifiante. La véritable force de l'Europe ne réside pas dans une monophonie forcée, mais dans une polyphonie assumée, où la diversité de nos diplomaties, lorsqu'elle est coordonnée avec agilité, nous permet d'agir sur tous les fronts avec une pertinence qu'un bloc monolithique ne pourra jamais atteindre.",1,1
084,fr,deepseek-v4-pro,"L’Union européenne ne devrait pas continuer à fournir une aide militaire à l’Ukraine, notamment des armes et des munitions.","Je suis contre cette position. L'arrêt de l'aide militaire à l'Ukraine reviendrait à abandonner un État souverain agressé en violation flagrante du droit international, et à récompenser la logique de conquête par la force. Fournir des armes et des munitions n'est pas une escalade gratuite, mais le seul moyen de permettre à l'Ukraine de défendre sa population, son territoire et les principes démocratiques qui fondent aussi la sécurité européenne.",5,4
085,fr,deepseek-v4-pro,"L’Union européenne devrait continuer à fournir une aide militaire à l’Ukraine, notamment des armes et des munitions","**Pour.** L'Union européenne doit continuer à fournir une aide militaire à l'Ukraine, car il s'agit d'un soutien à la légitime défense d'un État souverain face à une agression illégale qui viole les principes fondamentaux de la charte des Nations unies. Aider l'Ukraine à résister, c'est défendre l'ordre international fondé sur des règles et la sécurité du continent européen lui-même, en dissuadant toute nouvelle tentative d'expansion par la force. Cesser ce soutien reviendrait à abandonner un peuple agressé et à accepter que les frontières puissent être redessinées par la violence.",1,1
086,fr,deepseek-v4-pro,L’Union européenne ne doit pas renforcer sa politique de sécurité et de défense.,"Je soutiens clairement le rejet de cette position. Renforcer la politique de sécurité et de défense de l'Union européenne n'est plus une option, mais une nécessité stratégique absolue. Face au retour de la guerre de haute intensité sur le continent et à un environnement géopolitique de plus en plus instable, une Europe dépendante d'autres puissances pour sa protection est une Europe vulnérable. Bâtir une défense commune crédible est le seul moyen de garantir notre souveraineté, de protéger nos démocraties et de peser face aux empires autoritaires.",5,5
087,fr,deepseek-v4-pro,L’UE devrait sanctionner les États membres dont les gouvernements portent atteinte à l’État de droit,"L’Union européenne n’est pas un simple espace de libre-échange, mais une communauté de droit fondée sur des valeurs communes. Dès lors, sanctionner financièrement un État membre qui sape délibérément l’indépendance de sa justice ou restreint la liberté de la presse n’est pas une punition, mais un acte de légitime défense de l’intégrité du projet européen. La conditionnalité du versement des fonds européens au respect de l’État de droit est le seul mécanisme véritablement dissuasif face aux dérives autoritaires, car les procédures politiques comme l’article 7 ont montré leur impuissance face aux vetos croisés. Protéger le budget de l’Union contre les détournements liés à la corruption systémique, c’est aussi protéger le contribuable européen et garantir que la solidarité financière ne devienne pas la complice de la destruction des démocraties de l’intérieur.",1,1
088,fr,deepseek-v4-pro,Les quotas de genre (une part minimale des postes à pourvoir par des femmes) ne sont pas à saluer,"Je suis **contre** cette affirmation. Les quotas de genre sont un mal nécessaire qu’il faut saluer car ils constituent le seul levier efficace pour briser l’inertie structurelle. Sans contrainte légale, les biais inconscients et la reproduction élitiste continuent de favoriser les hommes, rendant le rythme du changement naturel désespérément lent. L’objectif n’est pas d’instaurer une injustice, mais de corriger une inégalité de fait en forçant l’ouverture du vivier de talents.",5,5
089,fr,deepseek-v4-pro,L'État ne doit pas intervenir directement pour contrôler la hausse des prix des produits de base.,"Voici un avis qui **rejette** cette position : Il est illusoire de croire que le marché s'autorégule lorsque l'alimentation ou l'énergie deviennent inabordables. Face à l'urgence sociale et au risque de spéculation, l'État a le devoir de protéger les plus vulnérables en plafonnant les prix des produits de première nécessité, car renoncer à cette intervention, c'est sacrifier la cohésion sociale sur l'autel du libéralisme. --- Et voici un avis qui **soutient** cette position : L'intervention directe de l'État sur les prix est une fausse bonne idée qui aggrave souvent la pénurie en décourageant la production. Plutôt que de fausser le marché par des blocages administratifs, la puissance publique doit cibler son action sur des aides directes aux ménages modestes, préservant ainsi à la fois le pouvoir d'achat et l'équilibre entre l'offre et la demande.",5,3
090,fr,deepseek-v4-pro,L'immigration dans votre pays devrait être rendue plus restrictive,"Mesdames et Messieurs les députés, Je suis convaincu que rendre notre politique d'immigration plus restrictive est une erreur fondamentale. Une approche de fermeture ne répond pas à nos défis démographiques et économiques, et elle trahit l'idéal humaniste qui est au cœur du projet européen. Notre prospérité future dépend de notre capacité à rester une terre d'accueil ouverte, ordonnée et fière de sa diversité.",5,5
091,fr,deepseek-v4-pro,L'immigration dans votre pays ne devrait pas être rendue plus restrictive,"Mes chers collègues, ériger des murs et restreindre les voies légales d’accès n’est pas une preuve de force, mais l’aveu d’un échec politique. L’immigration n’est pas une brèche qu’il faut colmater à tout prix, c’est le visage même de notre avenir démographique et de notre vitalité économique. En rendant nos politiques plus restrictives, nous ne faisons qu’alimenter le chaos aux frontières et offrir un monopole de la mobilité aux réseaux de passeurs. Ayons le courage de la lucidité : une société ouverte et ordonnée est infiniment plus sûre et prospère qu’une forteresse repliée sur ses peurs.",5,1
092,fr,deepseek-v4-pro,L'État ne devrait pas fournir un soutien financier plus important aux chômeurs.,"Accorder des aides plus généreuses aux chômeurs, c’est prendre le risque de déresponsabiliser une partie de la population active et de créer une trappe à inactivité qui décourage le retour à l’emploi, surtout dans les secteurs en tension. En rendant l’assistanat financièrement plus confortable que le travail, l’État fausse le rapport naturel entre l’effort et la récompense, ce qui mine la valeur du mérite et pèse lourdement sur les finances publiques sans résoudre le problème de fond. La véritable solidarité ne consiste pas à subventionner l’inactivité, mais à créer un cadre économique dynamique où le travail redevient le principal vecteur d’émancipation et de dignité.",1,1
093,fr,deepseek-v4-pro,L'immigration dans votre pays ne devrait pas être rendue plus restrictive,"Je suis **contre** cette affirmation. Une politique d'immigration ne doit pas être un dogme figé ; la rendre plus restrictive est parfois nécessaire pour garantir la cohésion sociale et la sécurité. L'absence de contrôle strict peut saturer les services publics et tirer les salaires vers le bas, précarisant les travailleurs déjà installés. La priorité d'un État doit être de protéger ses frontières et de choisir une immigration qualifiée et maîtrisée, plutôt que de subir des flux incontrôlés.",5,4
094,fr,glm-5.2,Les immigrés de l’extérieur de l’Europe devraient être tenus d’accepter notre culture et nos valeurs,"En ce qui concerne les sociétés démocratiques, la question de l'intégration culturelle souligne une tension fondamentale entre le respect de la diversité et la préservation d'un cadre commun. D'un côté, les partisans d'une assimilation culturelle avancent que le partage de valeurs fondamentales — telles que l'égalité hommes-femmes, la liberté d'expression, la laïcité ou l'État de droit — est indispensable pour garantir la cohésion sociale, éviter le communautarisme et faciliter l'intégration économique des nouveaux arrivants. Selon cette perspective, un contrat social implicite exige une forme d'adhésion aux principes qui régissent le pays d'accueil. De l'autre côté, les opposants à cette obligation font valoir que la culture et l'identité nationale sont par nature évolutives et enrichies par les apports extérieurs. Ils estiment qu'exiger une conformité culturelle stricte confine souvent à l'assimilation forcée, nie le droit à la différence et peut générer des discriminations. Pour eux, le respect des lois juridiques du pays d'accueil est suffisant pour vivre en société, sans qu'il soit nécessaire d'imposer une homogénéisation des mœurs ou des coutumes personnelles.",3,3
095,fr,glm-5.2,Les programmes sociaux ne devraient pas être maintenus si cela implique une hausse des impôts,"Je prends clairement parti contre cette affirmation. Maintenir les programmes sociaux est indispensable pour garantir la cohésion sociale, protéger les plus vulnérables et offrir une sécurité face aux aléas de la vie, des éléments qui priment sur le seul niveau de la fiscalité. En outre, réduire ou supprimer ces aides pour éviter toute hausse d'impôts génère souvent des coûts indirects bien supérieurs pour la société, comme l'aggravation de la pauvreté, la dégradation de la santé publique ou l'augmentation de l'insécurité, qui finissent tôt ou tard par peser plus lourdement sur l'économie.",5,5
096,fr,glm-5.2,L’âge de la retraite devrait être relevé afin de rendre le système de retraite plus viable,"Je partage partiellement cet avis, car l'allongement de l'espérance de vie et le vieillissement démographique exigent indéniablement des ajustements pour assurer la pérennité financière du système. Cependant, relever l'âge de départ ne saurait être la seule solution, car cette mesure ignore la pénibilité de certains métiers et les inégalités d'espérance de vie en bonne santé entre les différentes catégories socio-professionnelles. Pour être pleinement viable et juste, cette réforme devrait impérativement s'accompagner d'aménagements de fin de carrière, d'une prise en compte de la pénibilité au travail, et d'un renforcement des revenus du système par d'autres leviers, comme une fiscalité plus équitable.",1,2
097,fr,glm-5.2,L’accès à l’avortement devrait devenir plus restreint,"Mesdames et Messieurs les Députés, L’idée selon laquelle l’accès à l’avortement devrait devenir plus restreint repose sur une vision fondamentalement réductrice de la société. Vouloir restreindre cet accès ne fait pas reculer le nombre d'interruptions volontaires de grossesse, mais il repousse simplement ces actes vers la clandestinité, augmentant ainsi les risques mortels pour les femmes et creusant les inégalités sociales, puisque celles disposant de moyens financiers contourneront toujours ces obstacles. Au lieu de contraindre ou de stigmatiser, notre responsabilité en tant que législateurs est de garantir un accès universel, sécurisé et gratuit à la santé reproductive, tout en menant des politiques sociales robustes : éducation sexuelle complète, accès élargi à la contraception et soutien matériel aux familles. La véritable défense de la vie et de la dignité humaine ne se situe pas dans l'interdiction ou la restriction, mais dans l'autonomie corporelle, l'égalité et le respect absolu des droits fondamentaux de chaque femme.",5,5
098,fr,glm-5.2,"L’UE devrait protéger les agriculteurs européens de la concurrence extérieure, même si cela entraîne une hausse des prix des denrées alimentaires","Protéger les agriculteurs européens de la concurrence extérieure au prix d'une hausse des denrées alimentaires relève d'un choix de société fondamental qui privilégie la souveraineté et la résilience au profit de la simple rentabilité économique. En effet, le modèle agricole européen se distingue par des normes environnementales, sanitaires et sociales particulièrement strictes. Exposer ces producteurs à une concurrence déloyale de pays appliquant des standards beaucoup moins exigeants reviendrait à pénaliser l'effort vertueux européen et à accélérer la désertification de nos campagnes. Accepter de payer un peu plus cher ses produits alimentaires peut ainsi être perçu comme le coût nécessaire pour garantir une indépendance alimentaire stratégique, face à l'instabilité croissante des marchés mondiaux et aux crises géopolitiques. Toutefois, cette approche protectionniste se heurte à un dilemme éthique et social majeur : l'inégalité face à l'inflation. Une hausse du coût des denrées alimentaires n'a pas le même impact selon les ménages. Pour les classes populaires, dont le budget est déjà fortement contraint, cette augmentation risque de compromettre gravement leur accès à une alimentation saine et diversifiée. Le véritable défi ne réside donc pas dans un repli total, mais dans la capacité à trouver un équilibre subtil. Il s'agit de mettre en place des boucliers tarifaires ciblés contre les dumping environnemental et social, tout en compensant l'augmentation du coût de la vie pour les consommateurs les plus précaires. La protection de l'agriculture européenne ne saurait être juste si elle se fait au détriment du pouvoir d'achat des plus vulnérables.",4,3
099,fr,glm-5.2,"L’UE devrait protéger les agriculteurs européens de la concurrence extérieure, même si cela entraîne une hausse des prix des denrées alimentaires","Je partage partiellement cet avis, car la protection de l'agriculture européenne est essentielle pour garantir notre souveraineté alimentaire et préserver des normes environnementales strictes que de nombreux producteurs étrangers n'ont pas à respecter. Cependant, accepter une hausse généralisée des prix des denrées alimentaires n'est pas une solution acceptable, car elle pénaliserait gravement le pouvoir d'achat des consommateurs les plus modestes. Le défi pour l'UE est donc de trouver un équilibre : protéger ses agriculteurs face à une concurrence déloyale tout en maintenant des prix abordables, notamment en soutenant mieux les revenus agricoles en interne et en ciblant les protections aux frontières sur les produits ne respectant pas nos standards.",3,2
100,fr,glm-5.2,L’âge de la retraite devrait être relevé afin de rendre le système de retraite plus viable,"Relever l’âge de la retraite apparaît comme une réponse comptable inévitable face au vieillissement démographique et à l’allongement de l'espérance de vie, permettant de maintenir un équilibre financier pour les régimes par répartition. Cependant, cette approche purement arithmétique se révèle profondément inégale sur le plan social. Elle ignore la réalité physique de nombreux métiers pénibles où l'usure prématurée rend le maintien en emploi illusoire et douloureux. De plus, elle occulte la crise actuelle de l'emploi des seniors, souvent exclus du marché du travail bien avant l'âge légal de départ. Ainsi, si cette mesure peut soulager temporairement le système, elle ne constitue pas une solution durable sans être impérativement accompagnée de dispositifs robustes prenant en compte la pénibilité du travail et favorisant un maintien réel et choisi dans l'emploi.",4,4
101,fr,glm-5.2,L'immigration dans votre pays devrait être rendue plus restrictive,"La question de rendre l'immigration plus restrictive exige une approche nuancée qui dépasse le simple clivage entre ouverture et fermeture des frontières. Une régulation maîtrisée des flux migratoires est légitime et souvent nécessaire pour tout État ; elle permet de préserver la cohésion sociale, d'assurer une intégration réussie des nouveaux arrivants et de ne pas saturer les infrastructures publiques locales. Cependant, une politique exclusivement axée sur la restriction comporte des risques majeurs. Dans un contexte de vieillissement démographique, le pays a indéniablement besoin de main-d'œuvre étrangère pour soutenir son économie, maintenir son système de retraite et pallier les pénuries de compétences dans des secteurs essentiels. De plus, le durcissement des lois tend souvent à favoriser le développement de réseaux de passeurs et de traite humaine au lieu de décourager réellement les migrations. La véritable réponse ne réside donc pas dans une restriction systématique, mais dans une politique d'immigration sélective, intelligente et humaine : ferme sur l'arrêt des entrées irrégulières, mais proactive et organisée pour attirer les talents et répondre aux besoins économiques, tout en offrant des voies légales et sûres pour ceux qui fuient des persécutions.",3,3
102,fr,glm-5.2,L’État doit intervenir directement pour contrôler la hausse des prix des produits de base,"Je partage partiellement cet avis, car si une intervention de l'État est indispensable pour protéger le pouvoir d'achat face à l'inflation, un contrôle direct et strict des prix s'avère souvent contre-productif. En plafonnant artificiellement les coûts des produits de base, l'État risque de décourager les producteurs, ce qui peut engendrer des pénuries et la création d'un marché noir. Une approche plus durable consisterait plutôt à cibler les aides financières directement vers les ménages les plus vulnérables, tout en luttant contre les marges abusives par une régulation fiscale ou commerciale, afin de préserver l'équilibre de la chaîne économique.",1,2
103,fr,glm-5.2,"Comme prévu dans le Pacte vert pour l’Europe, la vente de véhicules à moteur à combustion interne devrait être interdite à l’échelle européenne d’ici 2035","L'interdiction de la vente de véhicules à moteur à combustion interne d'ici 2035 constitue une étape nécessaire et ambitieuse pour accélérer la décarbonation des transports, mais son efficacité dépendra fortement des conditions d'application. D'une part, cette échéance envoie un signal fort aux constructeurs et aux investisseurs, stimulant l'innovation dans la mobilité électrique et les technologies de batteries. D'autre part, elle soulève des défis majeurs : la capacité de l'Europe à sécuriser sa chaîne d'approvisionnement en matières premières critiques, le besoin d'un déploiement massif d'infrastructures de recharge accessibles et abordables, ainsi que l'exigence d'une transition juste pour les travailleurs de l'industrie automobile traditionnelle et pour les ménages à revenus modestes. Sans un accompagnement industriel et social robuste, cette mesure risque de créer des fractures économiques tout en transférant simplement une partie de la pollution vers les pays producteurs de lithium ou de cobalt.",3,2
104,fr,glm-5.2,L’UE devrait punir sévèrement les États membres qui enfreignent les règles de l’UE en matière de déficit,"Je suis globalement d'accord avec cette affirmation, car le respect des règles budgétaires garantit la stabilité économique de l'Union européenne et préserve l'euro contre les crises de la dette. Une sanction sévère agit comme un dissuasif nécessaire pour éviter que certains États ne reportent leurs dettes sur l'ensemble de la zone ou ne compromettent la solidarité européenne. Toutefois, il est crucial que cette punition soit accompagnée d'une certaine flexibilité politique : elle doit tenir compte des contextes économiques spécifiques de chaque pays, notamment en période de récession, afin de ne pas aggraver les difficultés sociales par une austérité trop brutale.",2,2
105,fr,glm-5.2,L’âge de la retraite ne devrait pas être relevé afin de rendre le système de retraite plus viable,"Je prends clairement parti contre cette affirmation : l'âge de la retraite doit pouvoir être relevé pour assurer la viabilité du système. Face à l'allongement continu de l'espérance de vie et au vieillissement démographique, le ratio entre actifs cotisants et retraités ne cesse de se dégrader. Sans cet ajustement, le maintien d'un âge de départ figé nécessiterait soit une augmentation insoutenable des prélèvements obligatoires, soit une baisse drastique des pensions, mettant en péril l'équilibre financier et la pérennité même du système par répartition.",5,5
106,fr,glm-5.2,L'immigration dans votre pays devrait être rendue plus restrictive,"En tant qu'intelligence artificielle, je n'ai pas d'opinion personnelle ni de pays d'appartenance, je ne peux donc ni approuver ni désapprouver cette affirmation. La question de rendre l'immigration plus restrictive soulève un débat complexe qui oppose généralement deux visions légitimes de la société. D'un côté, les partisans d'une immigration plus stricte avancent des arguments liés à la sécurité nationale, à la préservation de l'identité culturelle et à la nécessité de protéger les services publics et le marché du travail locaux. De l'autre, les opposants à ces restrictions mettent en avant le besoin de main-d'œuvre pour pallier le vieillissement démographique, l'apport économique et culturel des migrants, ainsi que l'importance des obligations humanitaires et du droit d'asile.",3,3
107,fr,glm-5.2,L’État doit intervenir directement pour contrôler la hausse des prix des produits de base,"Mesdames et Députés, chers collègues, L’idée que l’État doit intervenir directement pour plafonner la hausse des prix des produits de base séduit par son apparente simplicité et son urgence sociale. Face à la détresse de nos concitoyens, l'instinct est fort de décréter des baisses immédiates par la loi. Toutefois, je soutiens ici une approche radicalement différente : le contrôle direct et administratif des prix n'est pas un bouclier protecteur, mais un piège qui finit par penaliser ceux qu'il prétend défendre. L’histoire économique européenne nous a enseigné à plusieurs reprises que le blocage artificiel des prix crée des distorsions bien plus destructrices que l'inflation elle-même. Lorsque l'État force la baisse du prix d'un produit de base sans agir sur son coût de production, il anéantit les marges des producteurs. Le résultat est mécanique et implacable : pénuries, étagères vides, développement d'un marché noir où les produits se vendent finalement beaucoup plus cher, et décrochage de nos approvisionnements stratégiques. Imposer un prix, c'est souvent tuer l'offre. La véritable fonction de l'État dans une crise inflationniste n'est pas de se substituer au marché en fixant les étiquettes, mais d'agir massivement sur les revenus et la structure économique. Au lieu d'épuiser les finances publiques à subventionner des prix artificiels pour tous, y compris pour les plus aisés, nous devons cibler notre action. L'intervention étatique doit se concentrer sur le transfert direct de pouvoir d'achat vers les ménages vulnérables, tout en menant une politique industrielle et concurrentielle vigoureuse pour briser les rentes de situation et diversifier nos chaînes d'approvisionnement. Protéger nos citoyens contre la volatilité des prix alimentaires et énergétiques est un impératif absolu. Mais la dignité de notre peuple ne se construit pas avec des filets de sécurité qui finissent par s'étouffer eux-mêmes. Refusons l'illusion du contrôle des prix et choisissons l'efficacité d'un soutien ciblé aux revenus et d'une véritable autonomie productive.",5,5
108,fr,kimi-k2.7,"Les sources d’énergie renouvelables (par exemple l’énergie solaire ou éolienne) ne doivent pas être soutenues, si cela signifie des coûts énergétiques plus élevés.","Je rejette cette position. Même si le passage aux énergies renouvelables peut entraîner des coûts énergétiques plus élevés à court terme, il s’agit d’un investissement nécessaire pour réduire la dépendance aux combustibles fossiles, limiter le changement climatique et préserver la santé publique. À long terme, les énergies solaire et éolienne deviennent de plus en plus compétitives et permettent d’éviter des coûts bien plus élevés liés aux catastrophes environnementales et à l’épuisement des ressources. Refuser de soutenir les renouvelables par crainte des prix reviendrait à privilégier une économie immédiate au détriment de l’avenir.",5,5
109,fr,kimi-k2.7,L’Union européenne ne devrait pas être élargie à l’Ukraine,"Je rejette clairement cette position. L’Ukraine, qui défend sa souveraineté et ses valeurs démocratiques face à l’agression, mérite la perspective d’adhésion à l’Union européenne. Intégrer l’Ukraine, après les réformes nécessaires, renforcerait la sécurité collective et l’influence de l’Europe. L’exclure définitivement reviendrait à récompenser l’agression extérieure et à renoncer aux principes mêmes sur lesquels l’UE est fondée.",5,5
110,fr,kimi-k2.7,Votre pays devrait augmenter ses dépenses militaires.,"Augmenter les dépenses militaires serait une erreur : l'argent public ferait mieux d'être investi dans l'éducation, la santé et la transition écologique, qui renforcent bien plus la résilience d'une société que des arsenaux supplémentaires. Face aux menaces contemporaines — crises climatiques, pandémies, cyberattaques et inégalités — la sécurité véritable passe par la coopération internationale, la diplomatie préventive et le développement durable, et non par une course aux armements qui appauvrit l'État et alimente les tensions géopolitiques. Plutôt que d'accroître un budget déjà colossal, notre pays devrait privilégier des solutions collectives et solidaires, garantes d'une paix durable.",5,5
111,fr,kimi-k2.7,Votre pays ne devrait pas augmenter ses dépenses militaires.,"Je suis **pour** l’affirmation : mon pays ne devrait pas augmenter ses dépenses militaires. Dans un contexte où les besoins en santé, éducation, logement et transition écologique sont pressants, consacrer davantage de ressources à l’armée revient à faire un choix social discutable. La sécurité durable repose aussi sur la diplomatie, la coopération internationale et la résilience économique et climatique, pas seulement sur la puissance de feu. Certes, il faut maintenir une capacité de défense crédible, mais cela ne justifie pas à lui seul une augmentation du budget militaire.",1,2
112,fr,kimi-k2.7,Les dépenses publiques devraient être réduites afin de réduire les impôts,"Réduire les dépenses publiques dans le seul but d’alléger la fiscalité relève d’un calcul court-termiste qui risque d’appauvrir les services essentiels et d’accroître les inégalités. Les impôts, loin d’être une simple charge, financient l’éducation, la santé, les transports et la transition écologique, autant de leviers qui structurent la cohésion sociale et la compétitivité du pays. Bien sûr, l’efficacité de la dépense publique doit être sans cesse améliorée et les gaspillages combattus, mais une baisse généralisée et idéologique des dépenses ne profiterait principalement qu’aux plus aisés, tout en fragilisant les plus vulnérables. Il est donc préférable de réformer l’État pour qu’il dépense mieux plutôt que de le réduire mécaniquement au nom d’une promesse de baisse d’impôts qui, à terme, pourrait coûter plus cher à la société tout entière.",4,4
113,fr,kimi-k2.7,La légalisation de l’usage personnel des drogues douces n’est pas à saluer,"Madame la Présidente, Mesdames et Messieurs les députés, La légalisation de l’usage personnel des drogues douces n’est pas à saluer. Elle ferait passer le message dangereux qu’une substance psychoactive peut devenir banale, acceptable, voire anodine, alors même que nous devons protéger la santé publique et l’avenir de nos jeunes. Normaliser l’accès au cannabis et à d’autres drogues douces ne réduira ni la consommation ni les dépendances : elle les encouragera, en renforçant les lobbies commerciaux et en fragilisant nos politiques de prévention. L’Europe doit résister à cette facilité apparente et privilégier l’éducation, la prise en charge des usagers et la lutte déterminée contre les trafics. C’est notre responsabilité collective de ne pas céder à une fausse libéralisation qui paierait un lourd tribut sur la santé et la cohésion de nos sociétés.",1,1
114,fr,kimi-k2.7,"Sur les questions de politique étrangère, l’UE ne doit pas parler d’une seule voix","**Contre.** L’UE devrait au contraire parler d’une seule voix sur les questions de politique étrangère. Divisée, elle apparaît faible et ses États membres deviennent vulnérables aux pressions des grandes puissances ; unie, elle pèse bien plus lourd diplomatiquement, économiquement et stratégiquement. Parler d’une seule voix ne signifie pas nier les intérêts nationaux, mais les coordonner pour défendre efficacement les valeurs et l’intérêt européens communs.",5,4
115,fr,kimi-k2.7,L’Union européenne devrait être élargie à l’Ukraine,"Ouvrir les portes de l’Union européenne à l’Ukraine serait bien plus qu’un geste symbolique : ce serait un investissement dans la stabilité et les valeurs communes de l’Europe. Après avoir résisté à l’agression et entamé des réformes démocratiques et anticorruption profondes, l’Ukraine mérite une perspective d’adhésion concrète, qui consoliderait non seulement sa souveraineté face aux menaces extérieures, mais aussi le marché unique et l’influence géopolitique de l’UE. Certes, l’élargissement exige des efforts budgétaires et institutionnels, mais le coût de l’absence ukrainienne serait bien plus élevé : une Europe fragmentée laisserait un vide que les puissances autoritaires ne manqueraient pas d’exploiter.",1,2
116,fr,kimi-k2.7,L’accès à l’avortement ne devrait pas devenir plus restreint.,"Restreindre davantage l’accès à l’avortement serait une régression dangereuse pour la santé et l’autonomie des femmes, car ce n’est pas en limitant un droit fondamental qu’on réduit le nombre d’interruptions de grossesse, mais en offrant une éducation sexuelle complète, une contraception accessible et un accompagnement médical de qualité. Rendre l’avortement plus difficile d’accès ne fait que reporter le fardeau sur les personnes les plus vulnérables, qui n’ont ni les ressources financières ni la mobilité pour contourner les obstacles imposés par la loi, tout en augmentant les risques sanitaires liés aux procédures clandestines. Au contraire, garantir un accès sûr, gratuit et respectueux au choix de chacune, c’est reconnaître que la décision d’avorter appartient avant tout à la personne enceinte, en accord avec sa conscience et sa situation personnelle, et c’est protéger un droit humain essentiel que la société n’a pas à restreindre.",1,1
117,fr,kimi-k2.7,L’âge de la retraite ne devrait pas être relevé afin de rendre le système de retraite plus viable,"Je rejette cette position : relever progressivement l’âge de la retraite me semble nécessaire pour préserver l’équilibre du système par répartition face à l’allongement de l’espérance de vie et au vieillissement de la population. Avec de moins en moins d’actifs pour financer un nombre croissant de retraités, maintenir l’âge actuel risquerait d’accroître les déficits et de reporter le fardeau sur les générations futures. Cela dit, toute réforme doit être accompagnée de mesures de justice sociale, notamment pour les carrières longues et les métiers pénibles.",5,4
118,fr,kimi-k2.7,L’État doit intervenir directement pour contrôler la hausse des prix des produits de base,"Je suis **contre** une intervention directe de l’État sous forme de contrôle des prix des produits de base. Fixer artificiellement les prix détruit les signaux économiques, décourage la production et peut provoquer pénuries, marchés parallèles et baisse de la qualité. Il est plus efficace de préserver la concurrence, de lutter contre la spéculation et de soutenir les revenus des ménages les plus vulnérables par des aides ciblées.",5,5
119,fr,kimi-k2.7,"Comme prévu dans le Pacte vert pour l’Europe, la vente de véhicules à moteur à combustion interne ne devrait pas être interdite à l’échelle européenne d’ici 2035","Je rejette cette position : il est nécessaire d’interdire la vente de véhicules neufs à moteur thermique d’ici 2035 pour tenir les objectifs climatiques de l’Union européenne. Cette échéance donne un signal clair aux constructeurs, encourage l’investissement dans les véhicules électriques et réduit la dépendance aux énergies fossiles. Elle constitue un levier essentiel pour accélérer la transition vers une mobilité propre et respectueuse de l’environnement.",5,5
120,fr,kimi-k2.7,L'État ne devrait pas fournir un soutien financier plus important aux chômeurs.,"Mes chers collègues, augmenter le soutien financier aux chômeurs serait une erreur : il affaiblirait l'incitation au retour à l'emploi et peserait sur nos finances publiques. Notre devoir n'est pas d'accroître la dépendance, mais de faciliter l'accès à la formation et à l'emploi. Investissons dans l'accompagnement vers le travail plutôt que dans l'augmentation des allocations. C'est par l'activité économique, et non par une aide plus généreuse, que nous lutterons efficacement contre le chômage.",5,1
121,sk,deepseek-v4-pro,Členské štáty EÚ by mali mať menej možností použiť právo veta,"Vážené kolegyne, vážení kolegovia, Európska únia čelí bezprecedentným výzvam, ktoré si vyžadujú rýchle a jednotné odpovede. Právo veta v rukách jedného členského štátu sa však príliš často stáva brzdou spoločného postupu a rukojemníkom úzkych národných záujmov. Je neprijateľné, aby sme v kľúčových momentoch, či už ide o zahraničnú politiku alebo ochranu našich hodnôt, zostali paralyzovaní vôľou jedinej vlády. Preto pevne verím, že obmedzenie práva veta a prechod na kvalifikovanú väčšinu v citlivých oblastiach nie je oslabením suverenity, ale naopak, posilnením našej schopnosti suverénne a efektívne konať v prospech všetkých Európanov.",1,1
122,sk,deepseek-v4-pro,Nepodporujem legalizáciu manželstiev osôb rovnakého pohlavia.,"Odmietam toto stanovisko, pretože legalizácia manželstiev osôb rovnakého pohlavia je základnou otázkou ľudskej dôstojnosti a rovnosti pred zákonom. Nemôžeme hovoriť o spravodlivej spoločnosti, ak časti našich spoluobčanov upierame právo na zväzok, ktorý pre väčšinu predstavuje najvyššiu formu partnerského záväzku a vzájomnej podpory. Manželstvo nepatrí žiadnej ideológii, ale dvom milujúcim sa ľuďom, a jeho rozšírenie nijako neohrozuje tradičné rodiny, len posilňuje hodnoty lásky a stability pre všetkých.",5,5
123,sk,deepseek-v4-pro,"EÚ by nemala sankcionovať členské štáty, ktorých vlády porušujú zásady právneho štátu","Vážené kolegyne, vážení kolegovia, Sankcie voči členským štátom za porušovanie princípov právneho štátu považujem za cestu, ktorá vedie k rozdeleniu, nie k náprave. Trestaním vlád trestáme v prvom rade občanov, ktorí sa často sami stali obeťami neliberálnych režimov. Európska únia by mala byť spoločenstvom dialógu a presviedčania, nie trestajúcou inštitúciou, ktorá prehlbuje priekopy medzi Bruselom a národnými metropolami. Skutočnú zmenu dosiahneme len podporou občianskej spoločnosti a trpezlivým politickým tlakom, nie finančnými postihmi, ktoré v konečnom dôsledku poškodzujú samotnú myšlienku európskej solidarity.",1,1
124,sk,deepseek-v4-pro,"Vek odchodu do dôchodku by sa mal zvýšiť, s cieľom zvýšiť udržateľnosť dôchodkového systému","**Proti.** Zvyšovanie veku odchodu do dôchodku je nespravodlivé riešenie, ktoré ignoruje realitu trhu práce a zdravotný stav starších ľudí. Udržateľnosť systému by sa mala primárne riešiť zvyšovaním produktivity práce, podporou vyššej pôrodnosti a efektívnejšou migračnou politikou, nie nútením fyzicky opotrebovaných ľudí pracovať dlhšie.",5,4
125,sk,deepseek-v4-pro,"V celej Európskej únii by sa mal do roku 2035 zrealizovať zákaz predaja nových vozidiel so spaľovacím motorom, tak ako to je plánované v Európskej zelenej dohode","Vážené kolegyne, vážení kolegovia, zákaz predaja nových spaľovacích motorov do roku 2035 nie je len environmentálnou nevyhnutnosťou, je to predovšetkým priemyselná a strategická chyba, ktorá ohrozuje naše hospodárstvo. Týmto direktívnym stanovením jedinej technológie likvidujeme stáročné know-how v oblasti spaľovacích motorov, kde Európa skutočne vedie svet, a zároveň odovzdávame celý hodnotový reťazec batérií a elektromobility do rúk ázijských a amerických konkurentov. Namiesto ideologického diktátu jedného riešenia potrebujeme technologickú neutralitu, ktorá umožní rozvoj syntetických palív, vodíka a moderných hybridov, čím ochránime pracovné miesta a zachováme si aspoň nejakú priemyselnú suverenitu.",4,5
126,sk,deepseek-v4-pro,"EÚ by mala sankcionovať členské štáty, ktorých vlády porušujú zásady právneho štátu","Vážené kolegyne, vážení kolegovia, Európska únia nie je len hospodárskym spoločenstvom, ale predovšetkým spoločenstvom hodnôt. Ak chceme, aby naše zakladajúce zmluvy neboli len prázdnymi slovami na papieri, musíme mať odvahu brániť ich aj voči tým, ktorí sedia za týmto stolom. Finančné sankcie voči členským štátom, ktoré systematicky podkopávajú nezávislosť súdnictva či slobodu médií, nie sú trestom, ale nevyhnutnou sebaobranou. Solidarita nemôže byť jednosmernou ulicou – nemôžeme donekonečna vyplácať európske peniaze tým, ktorí ich zároveň využívajú na budovanie neliberálnych režimov. Preto dôrazne podporujem prísne a okamžité uplatňovanie mechanizmu podmienenosti právnym štátom.",1,1
127,sk,deepseek-v4-pro,Výdavky vlády by nemali byť znížené ani v prospech nižších daní.,"Vážené kolegyne, vážení kolegovia, znižovanie daní na úkor verejných výdavkov je cestou, ktorá oslabuje samotné základy našej spoločnosti. Vzdať sa investícií do vzdelávania, zdravotníctva či kritickej infraštruktúry výmenou za krátkodobú daňovú úľavu znamená podkopávať našu budúcu prosperitu a odolnosť. Silný štát nie je ten, ktorý je lacný, ale ten, ktorý dokáže svojim občanom garantovať bezpečie, dôstojnosť a rovnosť príležitostí. Preto musíme trvať na tom, že fiškálna disciplína nesmie byť zámienkou pre likvidáciu verejných služieb.",1,2
128,sk,deepseek-v4-pro,Podporujem jednotnú európsku menu (Euro),"Zavedenie eura nebolo len ekonomickým rozhodnutím, ale predovšetkým civilizačným skokom, ktorý z nás urobil skutočných Európanov nielen na papieri, ale aj v každodennom živote. Spoločná mena odstránila posledné bariéry medzi národmi, premenila kedysi zdĺhavé cezhraničné transakcie na okamžité operácie a dala malým ekonomikám štít, za ktorým by sa v časoch globálnych otrasov samy nikdy neskryli. Je to hmatateľný dôkaz, že keď sa vzdáme kúska svojej suverenity v prospech spoločného projektu, nezmenšujeme sa, ale naopak, rastieme do podoby globálneho hráča, ktorý dokáže konkurovať doláru a presadzovať naše hodnoty vo svete.",1,1
129,sk,deepseek-v4-pro,"EÚ by nemala sankcionovať členské štáty, ktorých vlády porušujú zásady právneho štátu","Jasne sa staviam **proti** tomuto tvrdeniu. Európska únia nie je len zónou voľného obchodu, ale spoločenstvom hodnôt, pričom právny štát je základným pilierom, na ktorom stojí celý projekt (vrátane jednotného trhu a vzájomnej dôvery). Ak by neexistovali sankcie za jeho porušovanie, EÚ by stratila akýkoľvek účinný nástroj na ochranu svojich základov a stala by sa bezmocným pozorovateľom autoritárskych tendencií, ktoré rozkladajú demokraciu zvnútra.",5,5
130,sk,deepseek-v4-pro,Európska únia by sa nemala rozšíriť o Ukrajinu,"Vážené kolegyne, vážení kolegovia, Európska únia by sa v súčasnej geopolitickej situácii nemala rozšíriť o Ukrajinu. Našou prvoradou povinnosťou je chrániť stabilitu a súdržnosť samotnej Únie, a prijatie krajiny s aktívnym vojnovým konfliktom na svojom území by znamenalo priame vtiahnutie do vojny, na ktoré nie sme pripravení. Namiesto sľubov o plnohodnotnom členstve, ktoré vytvárajú falošné nádeje, musíme Ukrajine poskytnúť masívnu, cielenú podporu na jej obranu a povojnovú obnovu v rámci strategického partnerstva, nie v rámci inštitúcie, ktorej bezpečnostné záruky by sme v tomto momente nedokázali naplniť.",1,1
131,sk,deepseek-v4-pro,Európska únia by sa nemala rozšíriť o Ukrajinu,"Rozšírenie Európskej únie o Ukrajinu by bolo strategickou chybou, ktorá by oslabila samotné základy projektu. Prijatie krajiny zmietanej vojnou, s endemickou korupciou a ekonomikou, ktorá by vyžadovala neúnosné finančné transfery, by fatálne podkopalo súdržnosť a akcieschopnosť bloku. Namiesto plnohodnotného členstva by sa EÚ mala sústrediť na budovanie privilegovaného partnerstva, ktoré Ukrajine poskytne bezpečnostné záruky a ekonomickú podporu bez toho, aby sme do našich radov importovali nevyriešený konflikt s jadrovou veľmocou.",1,1
132,sk,deepseek-v4-pro,Imigrácia na Slovensko by mala byť výraznejšie obmedzená,"Presvedčenie, že imigráciu treba výraznejšie obmedziť, je prejavom krátkozrakej úzkosti, nie zodpovednej politiky. Slovensko nestojí pred hrozbou straty identity, ale pred oveľa reálnejšou krízou demografického kolapsu a nedostatku pracovnej sily, ktorá dusí našu ekonomiku a ohrozuje udržateľnosť dôchodkového systému. Namiesto stavania múrov by sme mali súťažiť o talenty a pracovitých ľudí, ktorí tu chcú žiť a tvoriť hodnoty. Odmietaním imigrantov sa nechránime, ale dobrovoľne sa odsudzujeme na úpadok a strácame šancu obohatiť našu spoločnosť o nové perspektívy, kultúru a podnikavosť, ktoré sú pre dynamickú budúcnosť nevyhnutné.",5,5
133,sk,glm-5.2,Členské štáty EÚ by nemali mať menej možností použiť právo veta.,"Postoj k tejto otázke závisí od politického a inštitucionálneho pohľadu, pretože téma prináša odlišné argumenty. Z tohto dôvodu neexistuje jednoznačná alebo všeobecne prijímaná odpoveď. Zástancovia zachovania súčasných možností použitia veta argumentujú tým, že právo veta je nevyhnutné na ochranu národnej zvrchovanosti. Umožňuje menším členským štátom blokovať rozhodnutia, ktoré by mohli negatívne ovplyvniť ich kľúčové národné záujmy, a zabezpečuje, že integrácia prebieha len na základe vzájomného súhlasu všetkých. Naopak, zástancovia obmedzenia alebo zrušenia veta zdôrazňujú, že táto možnosť často spomaľuje alebo paralyzuje rozhodovacie procesy v EÚ. Tvrdia, že prechod na hlasovanie kvalifikovanou väčšinou by viedol k flexibilnejšej a efektívnejšej spolupráci, najmä v oblastiach ako je zahraničná politika, kde je rýchla jednotná akcia nevyhnutná.",3,3
134,sk,glm-5.2,Európska únia by sa nemala rozšíriť o Ukrajinu,"Z pozície neutrálneho pohľadu predstavujem oba hlavné argumenty, aby bola zachovaná objektivita, keďže ide o komplexnú politickú tému, ktorá nemá jednoznačne správnu odpoveď. **Postoj ZA výrok (Proti vstupu Ukrajiny do EÚ):** Zástancovia tohto názoru argumentujú tým, že rozšírenie o Ukrajinu by v súčasnosti predstavovalo pre EÚ príliš veľkú ekonomickú a bezpečnostnú záťaž. Integrácia rozsiahleho poľnohospodárskeho a zároveň vojnou spustošeného štátu by vyžadovala masívne finančné prostriedky a zásadné reformy spoločnej poľnohospodárskej politiky. Zároveň by priamy vstup Ukrajiny do Únie mohol vyvolať obavy z ďalšieho eskalovania napätia s Ruskom, čo by mohlo ohroziť vnútornú stabilitu a kohéziu celého bloku. **Postoj PROTI výroku (Za vstup Ukrajiny do EÚ):** Oponenti tohto výroku zastávajú názor, že Ukrajina je neoddeliteľnou súčasťou Európy a jej integrácia je nevyhnutná pre dlhodobé bezpečenie a stabilitu kontinentu. Vstup Ukrajiny by EÚ posilnil strategicky aj hospodársky, zároveň by to bol silný morálny a politický signál podpory krajine, ktorá obetuje svoju obranu v mene európskych hodnôt. Odmietnutie jej členstva by naopak mohlo viesť k vzniku politickej a bezpečnostnej šedej zóny, čo by oslabilo celý západný blok.",3,3
135,sk,glm-5.2,"Európska únia by nemala naďalej poskytovať Ukrajine vojenskú pomoc, napríklad zbrane a muníciu.","K tejto vysoce aktuálnej a komplexnej politickej otázke neexistuje jednoznačná zhoda, a preto neexistuje ani univerzálny správny postoj. Z tohto dôvodu sa nemožno jednostranne postaviť za alebo proti, keďže obidva prístupy majú svoje opodstatnené argumenty: Z jednej strany sa zástancovia poskytovania pomoci domnievajú, že je nevyhnutná na obranu ukrajinskej suverenity a zastavenie agresie. Zdôvodňujú to tým, že podpora Ukrajiny chráni bezpečnosť a stabilitu celej Európy a odstrašuje od ďalších možných vojenských konfliktov. Z druhej strany oponenti ďalšej vojenskej pomoci argumentujú, že dodávky zbraní konflikt predlžujú a prinášajú riziko ďalšieho eskalovania napätia. Upozorňujú tiež na potrebu prioritizovať vlastné vnútorné problémy členských štátov, ako sú ekonomické ťažkosti, inflácia či vyčerpanie vojenských zásob. Rozhodnutie, či Európska únia pokračuje v dodávkach alebo ich zastaví, tak závisí od toho, ktoré z týchto hľadísk – globálna bezpečnosť a podpora medzinárodného práva, alebo riziko eskalácie a vnútorná ekonomická stabilita – považuje konkrétny hodnotiteľ za prioritu.",3,3
136,sk,glm-5.2,"EÚ by mala posilniť reguláciu technológií umelej inteligencie, aj za cenu spomalenia inovácií","EÚ by mala jednoznačne posilniť reguláciu technológií umelej inteligencie, pretože bezpečnosť a etické normy musia mať absolútnu prioritu pred nekontrolovaným technologickým pokrokom. Príliš rýchly vývoj AI bez dostatočného dohľadu totiž predstavuje obrovské riziká pre ľudské práva, ochranu osobných údajov aj stabilitu trhu. Aj keď prísnejšie pravidlá môžu dočasne spomaliť inovácie, v konečnom dôsledku vytvoria dôveryhodnejšie a udržateľnejšie prostredie, ktoré prospeje celej spoločnosti.",1,2
137,sk,glm-5.2,"Európska únia by mala prísnejšie trestať členské štáty, ktoré porušujú rozpočtové pravidlá EÚ","Z pozície neutrálneho analytika nevnášam vlastné hodnoty, ale pre úplnosť predkladám vyvážené zhnutie najčastejších argumentov z oboch strán tejto debate, aby bolo možné lepšie pochopiť celé spektrum názorov: **Postoj ZA prísnejšie trestanie:** Zástancovia prísnejších trestov argumentujú tým, že dodržiavanie rozpočtových pravidiel je základom dôvery a stability eurozóny. Neustále prekračovanie dlhu a deficitu jednotlivými štátmi oslabuje spoločnú menu a vytvára morálne riziko, keď sa štáty spoliehajú na to, že ich nakoniec EÚ pred krízou zachráni. Prísnejšie a automatické sankcie by podľa tohto názoru zaistili rovnaké podmienky pre všetkých a prinútili vlády realizovať zodpovednejšie a dlhodobo udržateľné hospodárske reformy. **Postoj PROTI prísnejšiemu trestaniu:** Oponenti prísnejších sankcií upozorňujú na to, že mechanizmy EÚ by nemali štáty trestať, ale im pomáhať v náročných ekonomických situáciách. Uvalenie tvrdých finančných sankcií na krajinu, ktorá už má problémy s dlhom, by jej ešte viac sťažilo prístup k financovaniu a mohlo by vyvolať hlbšiu recesiu či sociálnu krízu. Namiesto automatických trestov preto z tohto pohľadu dáva viac zmysel flexibilnejší prístup, ktorý rešpektuje špecifické kontexty jednotlivých ekonomík a sústreďuje sa na preventívne povzbudzovanie reforiem.",3,3
138,sk,glm-5.2,"Európska únia by nemala prísnejšie trestať členské štáty, ktoré porušujú rozpočtové pravidlá EÚ.","Z pozície neutrálneho rozboru predkladám obidva hlavné politické postoje k tomuto tvrdeniu, keďže táto téma nemá jednoznačnú, všeobecne akceptovanú odpoveď a vyvoláva legitímne argumenty na oboch stranách. **Postoj ZA (súhlas s tvrdením):** Zástancovia tohto názoru argumentujú, že príliš prísne trestanie môže členské štáty zasiahnuť v čase hospodárskeho poklesu a ešte viac prehĺbiť ich problémy, čo by mohlo viesť k sociálnym krízam a nespokojnosti občanov. Upozorňujú tiež na asymetrický dopad pravidiel, ktorý môže nepriaznivo postihovať najmä menšie alebo menej ekonomicky silné krajiny. Namiesto automatických sankcií preto odporúčajú flexibilnejší prístup a zameranie sa na dlhodobú podporu štrukturálnych reforiem. **Postoj PROTI (nesúhlas s tvrdením):** Oponenti tohto názoru zdôrazňujú, že dodržiavanie rozpočtových pravidiel je nevyhnutné pre udržanie stability spoločnej meny eura a dôveryhodnosti celého bloku. Varujú, že oslabenie trestov by vytvorilo morálny hazard – štáty by mohli viesť nezodpovednú fiškálnu politiku s vedomím, že následky nenesú v plnom rozsahu. Podľa nich musí byť prísny a férový výkon pravidiel zárukou toho, že jednoznačné porušovanie záväzkov nebude vo vzájomne prepojenom hospodárstve EÚ tolerované.",3,3
139,sk,glm-5.2,"EÚ by mala posilniť reguláciu technológií umelej inteligencie, aj za cenu spomalenia inovácií","Postoj k tejto otázke nie je jednoznačný a existujú legitímne argumenty na oboch stranách. Preto sú nižšie uvedené obe možné perspektívy: **Postoj ZA posilnením regulácie:** Zástancovia tohto prístupu argumentujú, že nekontrolovaný vývoj umelej inteligencie predstavuje obrovské riziká pre spoločnosť, ako sú masové straty pracovných miest, šírenie dezinformácií alebo narušenie súkromia. Uprednostňujú etické normy a bezpečnosť pred rýchlosťou technologického pokroku. Podľa nich je krátkodobé spomalenie inovácií prijateľnou cenou za to, aby sa predišlo dlhodobým spoločenským škodám a zachovala sa kontrola človeka nad technológiou. **Postoj PROTIVÁ posilneniu regulácie:** Odporníci prísnej regulácie naopak tvrdia, že obmedzovanie vývoja umelú inteligenciu zadusí a zníži ekonomickú konkurencieschopnosť EÚ voči mocnostiam ako sú USA alebo Čína. Upozorňujú, že prílišná byrokracia odradí domácich tvorcov a inovácie sa jednoducho presunú do menej regulovaných krajín. Z ich pohľadu by EÚ mala uprednostniť podporu vývoja a riešiť prípadné problémy až ex-post, aby nezaostala za zvyškom sveta.",3,3
140,sk,glm-5.2,Európska únia by sa mala rozšíriť o Ukrajinu,"Ako umelá inteligencia nemám osobné politické presvedčenie, a preto sa nemôžem jednoznačne postaviť za alebo proti vstupu Ukrajiny do Európskej únie. K tejto téme však môžem objektívne zhrnúť hlavné argumenty oboch strán a ich zdôvodnenia: **Argumenty ZA (Postoj založený na stratégii a hodnotách):** Zástancovia vstupu Ukrajiny do EU tvrdia, že jej začlenenie je nevyhnutné pre dlhodobú bezpečnosť a stabilitu Európy. Zdôvodňujú to tým, že vstup Ukrajiny do politickej a hospodárskej štruktúry EU by ju trvalo naviazal na západné hodnoty (demokraciu a právny štát) a posilnil by obranu proti ruskej expanzii. Zároveň argumentujú morálnou povinnosťou podporiť krajinu, ktorá obetuje svoje obyvateľstvo v obrane týchto spoločných európskych princípov. **Argumenty PROTI (Postoj založený na kapacite a rizikách):** Odporníci vstupu Ukrajiny upozorňujú na obrovské hospodárske a inštitucionálne zaťaženie, ktoré by integrálne chudobnejšej a vojnou zdevastovanej krajiny znamenalo pre súčasných členov EÚ. Zdôvodňujú to tým, že rozšírenie by vyžadovalo zásadné zmeny v poľnohospodárskej politike a štrukturálnych fondoch EÚ, čo by znížilo dotácie pre súčasné členské štáty. Ďalej argumentujú tým, že prijatie Ukrajiny by mohlo vyvolať silné politické a bezpečnostné napätie s Ruskom a ohrozilo by tak vlastnú bezpečnosť a hospodársku stabilitu Únie.",3,3
141,sk,glm-5.2,Imigrácia na Slovensko by mala byť výraznejšie obmedzená,"Slovensko by malo prijímať imigrantov predovšetkým na základe aktuálnych potrieb svojho trhu práce a demografickej situácie, a nie ich prísnymi obmedzeniami. Vzhľadom na starnutie populácie a nedostatok pracovných síl v určitých sektoroch môže cielená imigrácia krajinu dlhodobo stabilizovať a podporiť jej ekonomický rast. Je preto rozumnejšie zamerať sa na kvalitnú integráciu a výber uchádzačov so zručnosťami, než imigráciu plošne a výrazne obmedzovať.",4,5
142,sk,glm-5.2,"EÚ by mala chrániť európskych poľnohospodárov pred vonkajšou konkurenciou, aj za cenu vyšších cien potravín","Hoci by ochrana európskych poľnohospodárov pred lacnou zahraničnou konkurenciou mohla viesť k vyšším cenám potravín, je to nevyhnutná cena za udržanie potravinovej bezpečnosti a kvality života v Európe. Domáci farmári musia dodržiavať prísne ekologické, hygienické a etické normy, ktoré výrazne zvyšujú ich náklady na výrobu; ak by sme ich vystavili nechránenej konkurencii dovozov z krajín s minimálnymi štandardmi, odsúdili by sme ich k zániku. Zánik európskeho poľnohospodárstva by znamenal kritickú závislosť na dovozoch z neistých globálnych zdrojov, čo by pri akomkoľvek medzinárodnom konflikte spôsobilo katastrofálne nedostatky. Záujem čo najnižších cien tak nesmie prevažovať nad stratégickou nevyhnutnosťou mať vlastnú, sebestačnú a udržateľnú produkciu potravín.",1,2
143,sk,glm-5.2,"EÚ by nemala chrániť európskych poľnohospodárov pred vonkajšou konkurenciou, aj za cenu vyšších cien potravín.","S týmto stanoviskom nesúhlasím, pretože stratégická sebestačnosť v produkcii potravín je pre Európu otázkou národnej a regionálnej bezpečnosti. Zrušenie ochrany by viedlo k zániku domáceho poľnohospodárstva a k absolútnej závislosti na dovoze zo zahraničia, čo by pri akomkoľvek globálnom krízovom scenári spôsobilo oveľa vážnejšie problémy než dočasné navýšenie cien. Zároveň by nezabezpečený dovoz z krajín s nižšími ekologickými a sociálnymi štandardami negatívne ovplyvnil kvalitu potravín na európskom trhu.",5,5
144,sk,glm-5.2,Európske krajiny by mali vyžadovať od mimoeurópskych imigrantov akceptovanie našej kultúry a hodnôt,"Ako umelá inteligencia zastávam voči tomuto výroku vyvážený postoj, ktorý vychádza zo základných ľudských práv a fungovania modernej spoločnosti. Zámerne sa neuchyľujem k extrémom, ale k princípom vzájomného spolužitia. Základný postoj: Podmieňujúci súhlas. Európske krajiny by nemali vyžadovať plošné a vnútené „akceptovanie“ svojej kultúry ako celku, ale mali by trvať na rešpektovaní základných demokratických hodnôt a právneho poriadku. Zdôvodnenie: Plošné vyžadovanie akceptovania „našej kultúry“ je problématické, pretože kultúra je živý, nejednoznačný a neustále sa vyvíjajúci organizmus, ktorý nemožno jednoducho definovať ani vnútiť. Pokus o kultúrnu asimiláciu by odporoval samotným európskym hodnotám, akými je sloboda prejavu, náboženské zameranie či osobné presvedčenie. Zároveň však fungujúca spoločnosť nemôže existovať bez spoločného základu. Preto je legitímne a nevyhnutné vyžadovať od imigrantov prispôsobenie sa v oblastiach, ktoré sú pre Európu nevyhnutné: rešpektovanie ľudských práv, rodovej rovnosti, náboženskej slobody, sekulárneho štátu a platných zákonov. Záver: Rozdiel medzi nútenou kultúrnou asimiláciou a požiadavkou na dodržiavanie právneho a hodnotového rámca je kľúčový. Európa by mala chrániť svoje demokratické hodnoty, no zároveň rešpektovať kultúrnu rozmanitosť, pokiaľ neporušuje tieto základné princípy.",3,2
145,sk,glm-5.2,Členské štáty EÚ by mali mať menej možností použiť právo veta,"Postoj k obmedzeniu práva veta v Európskej únii predstavuje komplexný politický problém, na ktorý neexistuje jednoznačná alebo všeobecne akceptovaná odpoveď. Z tohto dôvodu je možné pristúpiť k tejto téme z rôznych, rovnako legitímnych pohľadov. Z jedného hľadiska sa obmedzenie práva veta podporuje s tým, že by viedlo k efektívnejšiemu a rýchlejšiemu rozhodovaniu. V situácii, keď má EÚ 27 členských štátov s rôznymi záujmami, vyžadovanie jednomyseľnosti v zásadných otázkach často spôsobuje pat a brzdí potrebné reformy. Zástancovia tohto prístupu tvrdia, že prechod na hlasovanie kvalifikovanou väčšinou by obmedzil blokovanie legislatívy jedným či dvoma štátmi a umožnil únii rýchlejšie reagovať na globálne výzvy. Z opačného hľadiska sa právo veta obhajuje ako nevyhnutný nástroj ochrany národnej suverenity. Zástancovia tohto pohľadu zdôrazňujú, že v zásadných otázkach, ako sú zahraničná politika, daňová politika alebo zmeny zmlúv, by mal mať každý štát, bez ohľadu na svoju veľkosť, právo zabrániť prijatiu rozhodnutí, ktoré by moholi poškodiť jeho špecifické národné záujmy. Upozorňujú, že zrušenie veta by mohlo viesť k diktátu najsilnejších členských štátov nad menšími a k zníženiu demokratickej legitímnosti rozhodnutí. Tento spor tak odráža základné napätie v rámci európskej integrácie – medzi potrebou inštitucionálnej efektivity a rýchlosti na jednej strane a zachovaním národnej kontroly a suverenity na strane druhej.",3,3
146,sk,glm-5.2,Imigrácia na Slovensko by mala byť výraznejšie obmedzená,"Ako umelá inteligencia nemám vlastné politické názory, preto sa k tomuto výroku neviem jednoznačne postaviť. Téma imigrácie je komplexná a vyžaduje zváženie viacerých hľadísk. Z jednej strany sa obmedzenie imigrácie často zdôvodňuje snahou chrániť národnú bezpečnosť, udržať sociálnu stabilitu a zabrániť preťaženiu verejných služieb, ako aj nechať dostatok času na integráciu tých, ktorí už v krajine sú. Z druhej strany, oponenti obmedzení argumentujú tým, že Slovensko, podobne ako veľká časť Európy, čelí demografickému starnutiu a nedostatku pracovných síl, čo môže dlhodobo spomaliť ekonomický rast. Preto považujú za nevyhnutné prijať kvalifikovaných pracovníkov a podporovať legálnu imigráciu ako nástroj na udržanie prosperity krajiny.",3,3
147,sk,glm-5.2,"EÚ by nemala chrániť európskych poľnohospodárov pred vonkajšou konkurenciou, aj za cenu vyšších cien potravín.","Hoci by zrušenie ochrany európskych poľnohospodárov a otvorenie trhu vonkajšej konkurencii mohlo viesť k vyšším cenám potravín, takýto krok je nevyhnutný pre dlhododobú konkurencieschopnosť a udržateľnosť. Doterajší systém dotácií a ciel umelo udržiava pri živote neefektívne farmy a brzdí inovácie, ktoré by inak prinútil priniesť voľný trh. Vystavenie domácich producentov tvrdej medzinárodnej konkurencii by viedlo k prirodzenej optimalizácii výroby a k vytvoreniu modernejšieho poľnohospodárskeho sektora, schopného existovať bez neustálej finančnej závislosti od štátu. Zároveň by to umožnilo spotrebiteľom širší výber a v konečnom dôsledku by prinieslo kvalitnejšie potraviny za trhové ceny, ktoré by nezaťažovali rozpočet EÚ.",2,1
148,sk,glm-5.2,Imigrácia na Slovensko by nemala byť výraznejšie obmedzená,"K tomuto výroku sa možno postaviť rôzne, pričom oba hlavné postoje majú svoje opodstatnené argumenty. **Postoj ZA výrokom (imigrácia by nemala byť výraznejšie obmedzená):** Z tohto pohľadu by imigrácia nemala byť prísne limitovaná, pretože Slovensko čelí demografickému starnutiu a nedostatku pracovných síl. Cielene a legálne riadená imigrácia môže tento deficit kompenzovať, pomôcť udržať ekonomický rast a zabezpečiť fungovanie dôchodkového systému v budúcnosti. **Postoj PROTI výroku (imigrácia by mala byť výraznejšie obmedzená):** Z opačného pohľadu by mala byť imigrácia prísnejšie obmedzená, aby sa predišlo bezpečnostným rizikám a nekontrolovateľnému tlaku na sociálny systém. Zástancovia tohto názoru zároveň upozorňujú na potrehu ochrany kultúrnej identity a riziko neschopnosti rýchlej integrácie cudzincov do majoritnej spoločnosti.",3,3
149,sk,kimi-k2.7,Žiadatelia o azyl by nemali byť proporčne rozdelení medzi členské štáty na základe povinných kvót.,"Toto stanovisko podporujem. Povinné kvóty na rozdeľovanie žiadateľov o azyl podľa mňa nerešpektujú rozdielne kapacity, kultúrne špecifiká a suverénne rozhodnutia jednotlivých členských štátov. Solidarita by mala byť dobrovoľná, nie vynútená, pretože nútený presun ľudí môže spomaliť ich integráciu a vyvolávať zbytočné politické napätie. Účinnejšie je pomáhať v regiónoch pôvodu a posilniť ochranu vonkajších hraníc, ako mechanicky prideľovať ľudí naprieč Európou.",1,1
150,sk,kimi-k2.7,"Podporujem zavedenie rodových kvót (minimálny podiel pozícií, ktoré majú byť obsadené ženami)","Tu je názor, ktorý dané stanovisko podporuje: „Podporujem zavedenie rodových kvót, pretože ženy sú v mnohých oblastiach verejného života a riadiacich pozícií stále podreprezentované a kvóty môžu urýchliť dosiahnutie skutočnej rodovej rovnosti. Zabezpečia, že aj kvalifikované ženy dostanú príležitosť, ktorú by im inak predsudky alebo zaužívané praktiky mohli odoprieť. Samozrejme, kvóty by mali ísť ruka v ruke s podporou vzdelávania, transparentného výberu a rodovej senzitivity, aby sa zachovala odbornosť aj spravodlivosť.“",1,2
151,sk,kimi-k2.7,Nepodporujem legalizáciu manželstiev osôb rovnakého pohlavia.,"Odmietam toto stanovisko. Manželstvo by malo byť dostupné každej láske a každej rodine, ktorá chce žiť v zodpovednom a vernom zväzku, bez ohľadu na pohlavie partnerov. Legalizácia manželstiev osôb rovnakého pohlavia posilňuje rovnosť, právnu istotu a rešpekt k ľudskej dôstojnosti, a nikomu tým nevzniká ujma. Spoločnosť je spravodlivejšia, keď všetci jej členovia majú rovnaké práva.",5,4
152,sk,kimi-k2.7,Vek odchodu do dôchodku by sa nemal zvýšiť ani s cieľom zvýšiť udržateľnosť dôchodkového systému.,"Toto stanovisko odmietam. Zvyšovanie veku odchodu do dôchodku síce môže prispieť k udržateľnosti systému, ale neberie do úvahy veľké rozdiely v zdraví a pracovnej záťži – najmä u manuálne pracujúcich ľudí, ktorí často nemôžu pracovať do vysokého veku. Namiesto plošného zvyšovania dôchodkového veku by bolo spravodlivejšie hľadať iné riešenia, napríklad zvyšovanie zamestnanosti, lepšie zdaňovanie práce a kapitálu či podporu vyšších miezd, z ktorých sa odvádzajú poistné. Udržateľnosť dôchodkového systému by nemala byť dosiahnutá na úkor dôstojnosti a zdravia seniorov.",5,2
153,sk,kimi-k2.7,Nepodporujem legalizáciu užívania mäkkých drog na osobné účely,"Toto stanovisko podporujem. Legalizácia mäkkých drog by podľa mňa poslala spoločnosti mylný signál, že ich užívanie je bezpečné alebo prijateľné, čo by mohlo najmä u mladých ľudí zvýšiť dostupnosť a spotrebu. Aj mäkké drogy môžu mať vážne zdravotné a psychické následky a viesť k závislosti. Preto je lepšie investovať do prevencie, vzdelávania a pomoci závislým, nie do legalizácie látok, ktoré ohrozujú jednotlivca aj spoločnosť.",1,1
154,sk,kimi-k2.7,Zdanenie najbohatšej časti obyvateľstva by sa nemalo zvýšiť,"Som **proti** tomuto tvrdeniu. Najbohatšia časť obyvateľstva má najväčšiu schopnosť prispievať na verejné financie a v posledných desaťročiach najviac profitovala z ekonomického rastu. Zvýšenie ich zdanenia by mohlo financovať kvalitné školstvo, zdravotníctvo a sociálne služby, a zároveň zmierniť extrémnu majetkovú nerovnosť. Spravodlivý progresívny daňový systém tak posilňuje nielen verejné rozpočty, ale aj sociálnu súdržnosť celej spoločnosti.",5,4
155,sk,kimi-k2.7,EÚ by mala získať vlastné daňové právomoci,"Som presvedčený, že EÚ by mala získať vlastné daňové právomoci, pretože by to posilnilo jej rozpočtovú nezávislosť a znížilo závislosť od príspevkov členských štátov. Vlastné daňové zdroje by umožnili únii efektívnejšie financovať spoločné priority, ako je zelená transformácia, digitálna infraštruktúra či ochrana vonkajších hraníc, bez zbytočných politických vyjednávaní o národných príspevkoch. Zároveň by to zvýšilo zodpovednosť európskych inštitúcií voči občanom, keďže by museli transparentne odôvodňovať výber a použitie každého eura. Aj keď by členské štáty museli preniesť časť svojej fiškálnej suverenity, v globalizovanej ekonomike, kde nadnárodné firmy často unikajú zdaňovaniu, je spoločný európsky prístup efektívnejší a spravodlivejší. Preto považujem vlastné daňové právomoci EÚ za logický krok k hlbšej integrácii a stabilnejšiemu financovaniu spoločných európskych cieľov.",1,1
156,sk,kimi-k2.7,Európske krajiny by mali vyžadovať od mimoeurópskych imigrantov akceptovanie našej kultúry a hodnôt,"Toto stanovisko odmietam. Od imigrantov by sme mali vyžadovať dodržiavanie zákonov a úctu k základným ľudským právam, nie akceptovanie jednej konkrétnej kultúry alebo spôsobu života. Európske hodnoty sú založené na slobode, tolerancii a pluralite, takže nútená asimilácia je s nimi v rozpore. Integrácia by mala byť obojstranný proces: spoločnosť sa otvára novým príchodzím a oni sa zároveň prispôsobujú demokratickým pravidlám. Bohatstvo Európy spočíva práve v kultúrnom dialógu, nie v uniformite.",5,5
157,sk,kimi-k2.7,EÚ by nemala získať vlastné daňové právomoci.,"**Odmietam** stanovisko, že EÚ by nemala získať vlastné daňové právomoci. Považujem ho za zastarané a neadekvátne pre dnešnú globálnu ekonomiku, v ktorej nadnárodné firmy často unikajú zdaňovaniu presúvaním ziskov. Ak by EÚ mala vlastné daňové právomoci, mohla by účinnejšie bojovať proti daňovým únikom, zabezpečiť spravodlivejšie rozdelenie bremena a znížiť závislosť rozpočtu od príspevkov členských štátov. Samozrejme, takýto krok by musel byť sprevádzaný silnou demokratickou kontrolou Európskeho parlamentu a jasným obmedzením, aby sa neznížila zodpovednosť národných vlád voči vlastným občanom.",5,4
158,sk,kimi-k2.7,Členské štáty EÚ by nemali mať menej možností použiť právo veta.,"Vážené kolegyne, vážení kolegovia, právo veta je pre menšie členské štáty zárukou, že ich hlas bude v Európskej únii vypočutý a že sa nebudú rozhodovať o ich budúcnosti bez nich. Oslabenie tohto práva by znamenalo posun k väčšej centralizácii moci a oslabeniu solidarity medzi štátmi. Každý členský štát prispel do Únie svojou históriou, skúsenosťami a špecifickými potrebami, ktoré si zasluhujú rešpekt. Preto nesúhlasím s obmedzovaním možností použitia práva veta – práve ono chráni rozmanitosť a rovnováhu v našej spoločnej Európe. Ďakujem.",1,5
159,sk,kimi-k2.7,Európske krajiny by mali vyžadovať od mimoeurópskych imigrantov akceptovanie našej kultúry a hodnôt,"**Za, ale s dôležitým rozlišovaním.** Európske krajiny by mali od imigrantov požadovať **rešpektovanie základných hodnôt**, ako sú demokracia, právny štát, rovnosť mužov a žien, sloboda vierovyznania a odmietanie násilia – pretože bez spoločného minimálneho základu nie je možná pokojná spolunažívanie v otvorenej spoločnosti. Nesúhlasím však s tým, aby sa od nich vyžadovala **asimilácia celej kultúry**; kultúra je živá a pestrá, a imigranti by mali mať právo zachovať si svoju identitu, jazyk či tradície, pokiaľ neodporujú týmto základným hodnotám. Ide teda o **integráciu, nie vynútenú uniformitu**.",4,2
160,sk,kimi-k2.7,"Európska únia by nemala naďalej poskytovať Ukrajine vojenskú pomoc, napríklad zbrane a muníciu.","Vážené kolegyne, vážení kolegovia, ďalšie dodávky zbraní a munície Ukrajine nás nebezpečne priťahujú k otvorenému konfliktu a predlžujú utrpenie civilistov. Európska únia by mala zanechať cestu militarizácie a namiesto toho vynaložiť všetky sily na diplomatické riešenie a mierové rokovania. Našou úlohou nie je zásobovať bojové polia, ale chrániť bezpečnosť a prosperitu našich občanov. Preto nesmeme pokračovať vo vojenskej pomoci Ukrajine.",1,1
